overfit_config_id,reference_source,reference_source_config_id,repeat,seed,model,cnn_epochs,sqi_mode,aggregation,subject_balanced_accuracy,subject_macro_f1,worst_class_recall,worst_class_f1,train_val_balanced_accuracy_gap,best_epoch_train_balanced_accuracy,best_epoch_val_balanced_accuracy,duration_sec
ref_20260527_top1_g0068,20260527.0,g0068,1,42,inceptiontime,50,none,mean_prob,0.5185185185185185,0.5277023629964807,0.5,0.4615384615384615,0.4831907773607691,0.9964182546325648,0.5132274772717957,1701.2088749799875
ref_20260527_top1_g0068,20260527.0,g0068,2,10042,inceptiontime,50,none,mean_prob,0.4907407407407407,0.4848484848484848,0.4166666666666667,0.4545454545454545,0.5312944124752346,0.9969629047289004,0.4656684922536657,1801.677819760982
ref_20260527_top1_g0068,20260527.0,g0068,3,20042,inceptiontime,50,none,mean_prob,0.5694444444444444,0.5575396825396824,0.4166666666666667,0.4761904761904761,0.4940223281318731,0.997724785140396,0.503702457008523,1785.7167552651372
ref_20260527_top1_g0068,20260527.0,g0068,4,30042,inceptiontime,50,none,mean_prob,0.6342592592592592,0.6234848484848484,0.5,0.5454545454545454,0.442959602079641,0.9974041082361236,0.5544445061564826,1783.5110722300597
ref_20260527_top1_g0068,20260527.0,g0068,5,40042,inceptiontime,50,none,mean_prob,0.5509259259259259,0.5367965367965367,0.375,0.4285714285714285,0.52447759607874,0.9981284156828426,0.4736508196041026,1784.716464272933
ref_20260527_top2_g0056,20260527.0,g0056,1,42,inceptiontime,50,none,mean_prob,0.4722222222222222,0.4777777777777778,0.3333333333333333,0.4,0.5301186924835496,0.998345699644794,0.4682270071612445,2455.952255925862
ref_20260527_top2_g0056,20260527.0,g0056,2,10042,inceptiontime,50,none,mean_prob,0.4259259259259259,0.4270531400966184,0.3333333333333333,0.3478260869565217,0.505935371256344,0.9985553782101746,0.4926200069538305,2452.602382875979
ref_20260527_top2_g0056,20260527.0,g0056,3,20042,inceptiontime,50,none,mean_prob,0.5833333333333334,0.5876691729323308,0.5,0.56,0.4884642095403713,0.9971242590685304,0.508660049528159,2448.9786290600896
ref_20260527_top2_g0056,20260527.0,g0056,4,30042,inceptiontime,50,none,mean_prob,0.6527777777777778,0.6569607843137255,0.625,0.625,0.4455740820286816,0.9982868493297856,0.552712767301104,2420.1012403809
ref_20260527_top2_g0056,20260527.0,g0056,5,40042,inceptiontime,50,none,mean_prob,0.6203703703703703,0.6182539682539682,0.5,0.5714285714285714,0.4822902745707127,0.9980557841767494,0.5157655096060367,2415.751146118855
ref_20260608_top1_s1_085,20260608.0,s1_085,1,42,inceptiontime,10,none,mean_prob,0.5324074074074074,0.5261911527896183,0.4166666666666667,0.4347826086956521,0.4907480869673055,0.9974304169727854,0.5066823300054799,506.4107571220957
ref_20260608_top1_s1_085,20260608.0,s1_085,2,10042,inceptiontime,10,none,mean_prob,0.5925925925925926,0.5818181818181817,0.5,0.5333333333333333,0.459685101373827,0.9971645146127476,0.5374794132389205,509.8969426259864
ref_20260608_top1_s1_085,20260608.0,s1_085,3,20042,inceptiontime,10,none,mean_prob,0.4490740740740741,0.4484126984126984,0.375,0.4166666666666667,0.5213374633947777,0.9974974462777312,0.4761599828829536,507.1600332648959
ref_20260608_top1_s1_085,20260608.0,s1_085,4,30042,inceptiontime,10,none,mean_prob,0.5648148148148148,0.5473429951690821,0.4166666666666667,0.5,0.4734554561436259,0.99735059604542,0.5238951399017939,506.6398675418459
ref_20260608_top1_s1_085,20260608.0,s1_085,5,40042,inceptiontime,10,none,mean_prob,0.5740740740740741,0.5840854860462704,0.5,0.5714285714285714,0.5106963957955755,0.9977194089103822,0.4870230131148068,505.3379153008573
ref_20260608_top2_s1_091,20260608.0,s1_091,1,42,inceptiontime,10,none,mean_prob,0.5833333333333334,0.5622782446311858,0.3333333333333333,0.3809523809523809,0.4399648763819457,0.9888370047555464,0.5488721283736007,497.3266608489212
ref_20260608_top2_s1_091,20260608.0,s1_091,2,10042,inceptiontime,10,none,mean_prob,0.5648148148148148,0.5476190476190476,0.4166666666666667,0.4761904761904761,0.4962317693811855,0.9897305611310234,0.4934987917498379,491.5094477338717
ref_20260608_top2_s1_091,20260608.0,s1_091,3,20042,inceptiontime,10,none,mean_prob,0.4722222222222221,0.4582953278605453,0.25,0.3076923076923077,0.4845152099362746,0.988585115430214,0.5040699054939395,533.6598180739675
ref_20260608_top2_s1_091,20260608.0,s1_091,4,30042,inceptiontime,10,none,mean_prob,0.6203703703703703,0.5824915824915825,0.3333333333333333,0.4444444444444444,0.4375955408697447,0.9886694863394156,0.5510739454696709,541.9442801999394
ref_20260608_top2_s1_091,20260608.0,s1_091,5,40042,inceptiontime,10,none,mean_prob,0.5833333333333334,0.5827485380116958,0.5,0.5333333333333333,0.4992175105168333,0.9896753979185264,0.490457887401693,542.7308563070837
ref_20260608_top3_s1_105,20260608.0,s1_105,1,42,inceptiontime,10,none,mean_prob,0.5972222222222222,0.5994152046783626,0.5,0.5,0.4437035260455813,0.9922516801288987,0.5485481540833176,543.9381307270378
ref_20260608_top3_s1_105,20260608.0,s1_105,2,10042,inceptiontime,10,none,mean_prob,0.5462962962962963,0.5450038138825324,0.5,0.5,0.4798787946813357,0.9920595132027502,0.5121807185214144,543.3280608658679
ref_20260608_top3_s1_105,20260608.0,s1_105,3,20042,inceptiontime,10,none,mean_prob,0.5,0.4905982905982906,0.25,0.3333333333333333,0.4906895671555603,0.9922637061327608,0.5015741389772006,542.7879904829897
ref_20260608_top3_s1_105,20260608.0,s1_105,4,30042,inceptiontime,10,none,mean_prob,0.5509259259259259,0.5367965367965367,0.375,0.4285714285714285,0.4629631176966921,0.9929033759289874,0.5299402582322953,543.3994582560845
ref_20260608_top3_s1_105,20260608.0,s1_105,5,40042,inceptiontime,10,none,mean_prob,0.6064814814814815,0.5836382399849892,0.4166666666666667,0.5263157894736842,0.4898400697418339,0.9929707296641888,0.503130659922355,543.7284406069666
ref_20260608_top4_s1_163,20260608.0,s1_163,1,42,inceptiontime,15,none,mean_prob,0.625,0.6258169934640523,0.5833333333333334,0.5833333333333334,0.4267885376092679,0.9958361976532408,0.5690476600439729,803.8308802370448
ref_20260608_top4_s1_163,20260608.0,s1_163,2,10042,inceptiontime,15,none,mean_prob,0.4768518518518518,0.4818884818884819,0.375,0.4285714285714285,0.5414376119145601,0.9964130148116668,0.4549754028971066,802.1761490202043
ref_20260608_top4_s1_163,20260608.0,s1_163,3,20042,inceptiontime,15,none,mean_prob,0.5185185185185185,0.5183574879227053,0.5,0.5,0.4805135128443685,0.9961188835306088,0.5156053706862402,800.9507343720179
ref_20260608_top4_s1_163,20260608.0,s1_163,4,30042,inceptiontime,15,none,mean_prob,0.5694444444444444,0.5548085901027077,0.4166666666666667,0.4761904761904761,0.4371192521435114,0.9965484797523828,0.5594292276088714,796.6352282080334
ref_20260608_top4_s1_163,20260608.0,s1_163,5,40042,inceptiontime,15,none,mean_prob,0.5509259259259259,0.5434782608695653,0.375,0.5,0.4871112197698442,0.995182945976518,0.5080717262066738,800.290501690004
ref_20260625_top1_s1_122,20260625.0,s1_122,1,42,inceptiontime,15,top50_quality,quality_weighted_mean,0.6435185185185185,0.6207729468599034,0.4166666666666667,0.5,0.4360811070193008,0.995764485378215,0.5596833783589142,433.6837872560136
ref_20260625_top1_s1_122,20260625.0,s1_122,2,10042,inceptiontime,15,top50_quality,quality_weighted_mean,0.611111111111111,0.6133333333333333,0.5,0.5333333333333333,0.4867731437768261,0.99520710424999,0.5084339604731639,433.9768574000336
ref_20260625_top1_s1_122,20260625.0,s1_122,3,20042,inceptiontime,15,top50_quality,quality_weighted_mean,0.6296296296296297,0.609090909090909,0.5,0.5,0.4786265598741833,0.9956253861905424,0.5169988263163592,433.0272890108172
ref_20260625_top1_s1_122,20260625.0,s1_122,4,30042,inceptiontime,15,top50_quality,quality_weighted_mean,0.611111111111111,0.6178266178266177,0.5,0.5714285714285714,0.4298298149861722,0.9950137060806112,0.565183891094439,433.3650222769938
ref_20260625_top1_s1_122,20260625.0,s1_122,5,40042,inceptiontime,15,top50_quality,quality_weighted_mean,0.6203703703703703,0.6121212121212122,0.5,0.5,0.4733001058408532,0.9938943530070474,0.5205942471661942,433.9556324828882
ref_20260625_top2_s1_102,20260625.0,s1_102,1,42,inceptiontime,15,top50_quality,mean_prob,0.6712962962962963,0.6551226551226551,0.5,0.5714285714285714,0.4400508767745641,0.9955259046673014,0.5554750278927373,433.52142900507897
ref_20260625_top2_s1_102,20260625.0,s1_102,2,10042,inceptiontime,15,top50_quality,mean_prob,0.611111111111111,0.6133333333333333,0.5,0.5333333333333333,0.4901094560324625,0.9954418722214632,0.5053324161890008,433.100146779092
ref_20260625_top2_s1_102,20260625.0,s1_102,3,20042,inceptiontime,15,top50_quality,mean_prob,0.5925925925925926,0.5793650793650794,0.5,0.5,0.4815038440687252,0.9954162412004224,0.513912397131697,433.3119797061663
ref_20260625_top2_s1_102,20260625.0,s1_102,4,30042,inceptiontime,15,top50_quality,mean_prob,0.611111111111111,0.6178266178266177,0.5,0.5714285714285714,0.4368472445870833,0.9949491277070376,0.5581018831199543,432.8806166499853
ref_20260625_top2_s1_102,20260625.0,s1_102,5,40042,inceptiontime,15,top50_quality,mean_prob,0.6018518518518519,0.5747255840135098,0.4166666666666667,0.4705882352941176,0.4732780990442657,0.9938948449791478,0.520616745934882,432.4117984471377
