case_id,status,repeat,fold,split_seed,training_seed,model_id,representation_mode,elapsed_seconds,retained_train_record_count,retained_oof_record_count,selected_record_count,oof_window_prediction_count,balanced_accuracy,macro_f1,abstention_aware_balanced_accuracy,abstention_aware_macro_precision,abstention_aware_macro_recall,abstention_aware_macro_f1,abstention_count,multiclass_log_loss,multiclass_brier,expected_calibration_error,worst_class_precision,worst_class_recall,worst_class_f1,coverage_rate,n_total,n_retained,n_dropped,confusion_matrix,class_order,per_class,abstention_counts_by_class,abstention_aware_per_class,abstention_probability_metrics_scope,operational_status,parameter_count,model_latency_p50_ms,model_latency_p95_ms
b16_lr3e-4,passed,0,0,42,42,inception_full,raw,159.25538824201794,115,30,145,3596,0.3333333333333333,0.26666666666666666,0.3333333333333333,0.2222222222222222,0.3333333333333333,0.26666666666666666,0,1.4577811606111233,0.7675793174210291,0.3600150621036685,0.0,0.0,0.0,1.0,6,6,0,"[[1, 1, 0], [1, 1, 0], [1, 1, 0]]","[0, 1, 2]","[{""f1"": 0.4, ""label"": 0, ""precision"": 0.3333333333333333, ""recall"": 0.5, ""support"": 2}, {""f1"": 0.4, ""label"": 1, ""precision"": 0.3333333333333333, ""recall"": 0.5, ""support"": 2}, {""f1"": 0.0, ""label"": 2, ""precision"": 0.0, ""recall"": 0.0, ""support"": 2}]","[[0, 0], [1, 0], [2, 0]]","[{""abstention_count"": 0, ""f1"": 0.4, ""false_negative"": 1, ""false_positive"": 2, ""label"": 0, ""precision"": 0.3333333333333333, ""recall"": 0.5, ""retained_support"": 2, ""support"": 2, ""true_positive"": 1}, {""abstention_count"": 0, ""f1"": 0.4, ""false_negative"": 1, ""false_positive"": 2, ""label"": 1, ""precision"": 0.3333333333333333, ""recall"": 0.5, ""retained_support"": 2, ""support"": 2, ""true_positive"": 1}, {""abstention_count"": 0, ""f1"": 0.0, ""false_negative"": 2, ""false_positive"": 0, ""label"": 2, ""precision"": 0.0, ""recall"": 0.0, ""retained_support"": 2, ""support"": 2, ""true_positive"": 0}]",retained_only,not_requested,,,
b16_lr3e-4,passed,0,1,42,42,inception_full,raw,157.97602214699145,115,30,145,3544,0.5555555555555555,0.5238095238095238,0.5555555555555555,0.5,0.5555555555555555,0.5238095238095238,0,0.8946297766530932,0.5140291404584195,0.3733901203710996,0.0,0.0,0.0,1.0,6,6,0,"[[0, 2, 0], [1, 2, 0], [0, 0, 1]]","[0, 1, 2]","[{""f1"": 0.0, ""label"": 0, ""precision"": 0.0, ""recall"": 0.0, ""support"": 2}, {""f1"": 0.5714285714285714, ""label"": 1, ""precision"": 0.5, ""recall"": 0.6666666666666666, ""support"": 3}, {""f1"": 1.0, ""label"": 2, ""precision"": 1.0, ""recall"": 1.0, ""support"": 1}]","[[0, 0], [1, 0], [2, 0]]","[{""abstention_count"": 0, ""f1"": 0.0, ""false_negative"": 2, ""false_positive"": 1, ""label"": 0, ""precision"": 0.0, ""recall"": 0.0, ""retained_support"": 2, ""support"": 2, ""true_positive"": 0}, {""abstention_count"": 0, ""f1"": 0.5714285714285715, ""false_negative"": 1, ""false_positive"": 2, ""label"": 1, ""precision"": 0.5, ""recall"": 0.6666666666666666, ""retained_support"": 3, ""support"": 3, ""true_positive"": 2}, {""abstention_count"": 0, ""f1"": 1.0, ""false_negative"": 0, ""false_positive"": 0, ""label"": 2, ""precision"": 1.0, ""recall"": 1.0, ""retained_support"": 1, ""support"": 1, ""true_positive"": 1}]",retained_only,not_requested,,,
b16_lr3e-4,passed,0,2,42,42,inception_full,raw,158.6623247259995,115,30,145,3607,0.5,0.4000000000000001,0.5,0.3333333333333333,0.5,0.4000000000000001,0,0.7248845156051723,0.479846990492716,0.2856828430884208,0.0,0.0,0.0,1.0,6,6,0,"[[0, 2, 0], [0, 1, 1], [0, 0, 2]]","[0, 1, 2]","[{""f1"": 0.0, ""label"": 0, ""precision"": 0.0, ""recall"": 0.0, ""support"": 2}, {""f1"": 0.4, ""label"": 1, ""precision"": 0.3333333333333333, ""recall"": 0.5, ""support"": 2}, {""f1"": 0.8, ""label"": 2, ""precision"": 0.6666666666666666, ""recall"": 1.0, ""support"": 2}]","[[0, 0], [1, 0], [2, 0]]","[{""abstention_count"": 0, ""f1"": 0.0, ""false_negative"": 2, ""false_positive"": 0, ""label"": 0, ""precision"": 0.0, ""recall"": 0.0, ""retained_support"": 2, ""support"": 2, ""true_positive"": 0}, {""abstention_count"": 0, ""f1"": 0.4, ""false_negative"": 1, ""false_positive"": 2, ""label"": 1, ""precision"": 0.3333333333333333, ""recall"": 0.5, ""retained_support"": 2, ""support"": 2, ""true_positive"": 1}, {""abstention_count"": 0, ""f1"": 0.8, ""false_negative"": 0, ""false_positive"": 1, ""label"": 2, ""precision"": 0.6666666666666666, ""recall"": 1.0, ""retained_support"": 2, ""support"": 2, ""true_positive"": 2}]",retained_only,not_requested,,,
b16_lr3e-4,passed,0,3,42,42,inception_full,raw,159.3546199349803,115,30,145,3591,0.8333333333333334,0.8222222222222223,0.8333333333333334,0.8888888888888888,0.8333333333333334,0.8222222222222223,0,0.39587541039541385,0.21245514679074873,0.23255144047892629,1.0,0.5,0.6666666666666666,1.0,6,6,0,"[[2, 0, 0], [0, 1, 1], [0, 0, 2]]","[0, 1, 2]","[{""f1"": 1.0, ""label"": 0, ""precision"": 1.0, ""recall"": 1.0, ""support"": 2}, {""f1"": 0.6666666666666666, ""label"": 1, ""precision"": 1.0, ""recall"": 0.5, ""support"": 2}, {""f1"": 0.8, ""label"": 2, ""precision"": 0.6666666666666666, ""recall"": 1.0, ""support"": 2}]","[[0, 0], [1, 0], [2, 0]]","[{""abstention_count"": 0, ""f1"": 1.0, ""false_negative"": 0, ""false_positive"": 0, ""label"": 0, ""precision"": 1.0, ""recall"": 1.0, ""retained_support"": 2, ""support"": 2, ""true_positive"": 2}, {""abstention_count"": 0, ""f1"": 0.6666666666666666, ""false_negative"": 1, ""false_positive"": 0, ""label"": 1, ""precision"": 1.0, ""recall"": 0.5, ""retained_support"": 2, ""support"": 2, ""true_positive"": 1}, {""abstention_count"": 0, ""f1"": 0.8, ""false_negative"": 0, ""false_positive"": 1, ""label"": 2, ""precision"": 0.6666666666666666, ""recall"": 1.0, ""retained_support"": 2, ""support"": 2, ""true_positive"": 2}]",retained_only,not_requested,,,
b16_lr3e-4,passed,0,4,42,42,inception_full,raw,162.49659520201385,120,25,145,2995,0.3333333333333333,0.13333333333333333,0.3333333333333333,0.08333333333333333,0.3333333333333333,0.13333333333333333,0,2.287849453169641,1.1969635753221433,0.6096233189831339,0.0,0.0,0.0,1.0,5,5,0,"[[1, 0, 0], [3, 0, 0], [0, 1, 0]]","[0, 1, 2]","[{""f1"": 0.4, ""label"": 0, ""precision"": 0.25, ""recall"": 1.0, ""support"": 1}, {""f1"": 0.0, ""label"": 1, ""precision"": 0.0, ""recall"": 0.0, ""support"": 3}, {""f1"": 0.0, ""label"": 2, ""precision"": 0.0, ""recall"": 0.0, ""support"": 1}]","[[0, 0], [1, 0], [2, 0]]","[{""abstention_count"": 0, ""f1"": 0.4, ""false_negative"": 0, ""false_positive"": 3, ""label"": 0, ""precision"": 0.25, ""recall"": 1.0, ""retained_support"": 1, ""support"": 1, ""true_positive"": 1}, {""abstention_count"": 0, ""f1"": 0.0, ""false_negative"": 3, ""false_positive"": 1, ""label"": 1, ""precision"": 0.0, ""recall"": 0.0, ""retained_support"": 3, ""support"": 3, ""true_positive"": 0}, {""abstention_count"": 0, ""f1"": 0.0, ""false_negative"": 1, ""false_positive"": 0, ""label"": 2, ""precision"": 0.0, ""recall"": 0.0, ""retained_support"": 1, ""support"": 1, ""true_positive"": 0}]",retained_only,not_requested,,,
b16_lr3e-4,passed,1,0,10042,10042,inception_full,raw,156.0226304079988,110,35,145,4195,0.7222222222222222,0.7111111111111111,0.7222222222222222,0.8333333333333334,0.7222222222222222,0.7111111111111111,0,1.1553900627173461,0.53654761372731,0.2245414200817848,0.5,1.0,0.6666666666666666,1.0,7,7,0,"[[2, 0, 0], [1, 2, 0], [1, 0, 1]]","[0, 1, 2]","[{""f1"": 0.6666666666666666, ""label"": 0, ""precision"": 0.5, ""recall"": 1.0, ""support"": 2}, {""f1"": 0.8, ""label"": 1, ""precision"": 1.0, ""recall"": 0.6666666666666666, ""support"": 3}, {""f1"": 0.6666666666666666, ""label"": 2, ""precision"": 1.0, ""recall"": 0.5, ""support"": 2}]","[[0, 0], [1, 0], [2, 0]]","[{""abstention_count"": 0, ""f1"": 0.6666666666666666, ""false_negative"": 0, ""false_positive"": 2, ""label"": 0, ""precision"": 0.5, ""recall"": 1.0, ""retained_support"": 2, ""support"": 2, ""true_positive"": 2}, {""abstention_count"": 0, ""f1"": 0.8, ""false_negative"": 1, ""false_positive"": 0, ""label"": 1, ""precision"": 1.0, ""recall"": 0.6666666666666666, ""retained_support"": 3, ""support"": 3, ""true_positive"": 2}, {""abstention_count"": 0, ""f1"": 0.6666666666666666, ""false_negative"": 1, ""false_positive"": 0, ""label"": 2, ""precision"": 1.0, ""recall"": 0.5, ""retained_support"": 2, ""support"": 2, ""true_positive"": 1}]",retained_only,not_requested,,,
b16_lr3e-4,passed,1,1,10042,10042,inception_full,raw,159.07534190599108,115,30,145,3539,0.611111111111111,0.5222222222222223,0.611111111111111,0.5,0.611111111111111,0.5222222222222223,0,0.8433953821219239,0.5280752005017804,0.26354076212812816,0.5,0.3333333333333333,0.4,1.0,6,6,0,"[[1, 0, 0], [1, 1, 1], [0, 1, 1]]","[0, 1, 2]","[{""f1"": 0.6666666666666666, ""label"": 0, ""precision"": 0.5, ""recall"": 1.0, ""support"": 1}, {""f1"": 0.4, ""label"": 1, ""precision"": 0.5, ""recall"": 0.3333333333333333, ""support"": 3}, {""f1"": 0.5, ""label"": 2, ""precision"": 0.5, ""recall"": 0.5, ""support"": 2}]","[[0, 0], [1, 0], [2, 0]]","[{""abstention_count"": 0, ""f1"": 0.6666666666666666, ""false_negative"": 0, ""false_positive"": 1, ""label"": 0, ""precision"": 0.5, ""recall"": 1.0, ""retained_support"": 1, ""support"": 1, ""true_positive"": 1}, {""abstention_count"": 0, ""f1"": 0.4, ""false_negative"": 2, ""false_positive"": 1, ""label"": 1, ""precision"": 0.5, ""recall"": 0.3333333333333333, ""retained_support"": 3, ""support"": 3, ""true_positive"": 1}, {""abstention_count"": 0, ""f1"": 0.5, ""false_negative"": 1, ""false_positive"": 1, ""label"": 2, ""precision"": 0.5, ""recall"": 0.5, ""retained_support"": 2, ""support"": 2, ""true_positive"": 1}]",retained_only,not_requested,,,
b16_lr3e-4,passed,1,2,10042,10042,inception_full,raw,158.01746825897135,115,30,145,3602,0.6666666666666666,0.6666666666666666,0.6666666666666666,0.6666666666666666,0.6666666666666666,0.6666666666666666,0,1.0998899690988528,0.5792693041907685,0.4005372084143186,0.5,0.5,0.5,1.0,6,6,0,"[[2, 0, 0], [0, 1, 1], [0, 1, 1]]","[0, 1, 2]","[{""f1"": 1.0, ""label"": 0, ""precision"": 1.0, ""recall"": 1.0, ""support"": 2}, {""f1"": 0.5, ""label"": 1, ""precision"": 0.5, ""recall"": 0.5, ""support"": 2}, {""f1"": 0.5, ""label"": 2, ""precision"": 0.5, ""recall"": 0.5, ""support"": 2}]","[[0, 0], [1, 0], [2, 0]]","[{""abstention_count"": 0, ""f1"": 1.0, ""false_negative"": 0, ""false_positive"": 0, ""label"": 0, ""precision"": 1.0, ""recall"": 1.0, ""retained_support"": 2, ""support"": 2, ""true_positive"": 2}, {""abstention_count"": 0, ""f1"": 0.5, ""false_negative"": 1, ""false_positive"": 1, ""label"": 1, ""precision"": 0.5, ""recall"": 0.5, ""retained_support"": 2, ""support"": 2, ""true_positive"": 1}, {""abstention_count"": 0, ""f1"": 0.5, ""false_negative"": 1, ""false_positive"": 1, ""label"": 2, ""precision"": 0.5, ""recall"": 0.5, ""retained_support"": 2, ""support"": 2, ""true_positive"": 1}]",retained_only,not_requested,,,
b16_lr3e-4,passed,1,3,10042,10042,inception_full,raw,161.70537655596854,120,25,145,2999,0.3333333333333333,0.19047619047619047,0.3333333333333333,0.13333333333333333,0.3333333333333333,0.1904761904761905,0,0.8804504897474954,0.5667027329273104,0.4512801926555882,0.0,0.0,0.0,1.0,5,5,0,"[[0, 2, 0], [0, 2, 0], [0, 1, 0]]","[0, 1, 2]","[{""f1"": 0.0, ""label"": 0, ""precision"": 0.0, ""recall"": 0.0, ""support"": 2}, {""f1"": 0.5714285714285714, ""label"": 1, ""precision"": 0.4, ""recall"": 1.0, ""support"": 2}, {""f1"": 0.0, ""label"": 2, ""precision"": 0.0, ""recall"": 0.0, ""support"": 1}]","[[0, 0], [1, 0], [2, 0]]","[{""abstention_count"": 0, ""f1"": 0.0, ""false_negative"": 2, ""false_positive"": 0, ""label"": 0, ""precision"": 0.0, ""recall"": 0.0, ""retained_support"": 2, ""support"": 2, ""true_positive"": 0}, {""abstention_count"": 0, ""f1"": 0.5714285714285715, ""false_negative"": 0, ""false_positive"": 3, ""label"": 1, ""precision"": 0.4, ""recall"": 1.0, ""retained_support"": 2, ""support"": 2, ""true_positive"": 2}, {""abstention_count"": 0, ""f1"": 0.0, ""false_negative"": 1, ""false_positive"": 0, ""label"": 2, ""precision"": 0.0, ""recall"": 0.0, ""retained_support"": 1, ""support"": 1, ""true_positive"": 0}]",retained_only,not_requested,,,
b16_lr3e-4,passed,1,4,10042,10042,inception_full,raw,160.82929541403428,120,25,145,2998,0.6666666666666666,0.5555555555555555,0.6666666666666666,0.5,0.6666666666666666,0.5555555555555555,0,0.999075914283497,0.5794865659738188,0.40544006554568657,0.0,0.0,0.0,1.0,5,5,0,"[[2, 0, 0], [2, 0, 0], [0, 0, 1]]","[0, 1, 2]","[{""f1"": 0.6666666666666666, ""label"": 0, ""precision"": 0.5, ""recall"": 1.0, ""support"": 2}, {""f1"": 0.0, ""label"": 1, ""precision"": 0.0, ""recall"": 0.0, ""support"": 2}, {""f1"": 1.0, ""label"": 2, ""precision"": 1.0, ""recall"": 1.0, ""support"": 1}]","[[0, 0], [1, 0], [2, 0]]","[{""abstention_count"": 0, ""f1"": 0.6666666666666666, ""false_negative"": 0, ""false_positive"": 2, ""label"": 0, ""precision"": 0.5, ""recall"": 1.0, ""retained_support"": 2, ""support"": 2, ""true_positive"": 2}, {""abstention_count"": 0, ""f1"": 0.0, ""false_negative"": 2, ""false_positive"": 0, ""label"": 1, ""precision"": 0.0, ""recall"": 0.0, ""retained_support"": 2, ""support"": 2, ""true_positive"": 0}, {""abstention_count"": 0, ""f1"": 1.0, ""false_negative"": 0, ""false_positive"": 0, ""label"": 2, ""precision"": 1.0, ""recall"": 1.0, ""retained_support"": 1, ""support"": 1, ""true_positive"": 1}]",retained_only,not_requested,,,
b16_lr3e-4,passed,2,0,20042,20042,inception_full,raw,159.935450777004,115,30,145,3601,0.611111111111111,0.5222222222222221,0.611111111111111,0.75,0.611111111111111,0.5222222222222221,0,1.259454703759299,0.7563738856739287,0.41623374661881846,0.25,1.0,0.4,1.0,6,6,0,"[[1, 0, 1], [0, 1, 2], [0, 0, 1]]","[0, 1, 2]","[{""f1"": 0.6666666666666666, ""label"": 0, ""precision"": 1.0, ""recall"": 0.5, ""support"": 2}, {""f1"": 0.5, ""label"": 1, ""precision"": 1.0, ""recall"": 0.3333333333333333, ""support"": 3}, {""f1"": 0.4, ""label"": 2, ""precision"": 0.25, ""recall"": 1.0, ""support"": 1}]","[[0, 0], [1, 0], [2, 0]]","[{""abstention_count"": 0, ""f1"": 0.6666666666666666, ""false_negative"": 1, ""false_positive"": 0, ""label"": 0, ""precision"": 1.0, ""recall"": 0.5, ""retained_support"": 2, ""support"": 2, ""true_positive"": 1}, {""abstention_count"": 0, ""f1"": 0.5, ""false_negative"": 2, ""false_positive"": 0, ""label"": 1, ""precision"": 1.0, ""recall"": 0.3333333333333333, ""retained_support"": 3, ""support"": 3, ""true_positive"": 1}, {""abstention_count"": 0, ""f1"": 0.4, ""false_negative"": 0, ""false_positive"": 3, ""label"": 2, ""precision"": 0.25, ""recall"": 1.0, ""retained_support"": 1, ""support"": 1, ""true_positive"": 1}]",retained_only,not_requested,,,
b16_lr3e-4,passed,2,1,20042,20042,inception_full,raw,158.33195941901067,115,30,145,3605,0.6666666666666666,0.5333333333333333,0.6666666666666666,0.4444444444444444,0.6666666666666666,0.5333333333333333,0,0.9021023130283568,0.49975820317500186,0.039691699997311515,0.0,0.0,0.0,1.0,6,6,0,"[[2, 0, 0], [1, 0, 1], [0, 0, 2]]","[0, 1, 2]","[{""f1"": 0.8, ""label"": 0, ""precision"": 0.6666666666666666, ""recall"": 1.0, ""support"": 2}, {""f1"": 0.0, ""label"": 1, ""precision"": 0.0, ""recall"": 0.0, ""support"": 2}, {""f1"": 0.8, ""label"": 2, ""precision"": 0.6666666666666666, ""recall"": 1.0, ""support"": 2}]","[[0, 0], [1, 0], [2, 0]]","[{""abstention_count"": 0, ""f1"": 0.8, ""false_negative"": 0, ""false_positive"": 1, ""label"": 0, ""precision"": 0.6666666666666666, ""recall"": 1.0, ""retained_support"": 2, ""support"": 2, ""true_positive"": 2}, {""abstention_count"": 0, ""f1"": 0.0, ""false_negative"": 2, ""false_positive"": 0, ""label"": 1, ""precision"": 0.0, ""recall"": 0.0, ""retained_support"": 2, ""support"": 2, ""true_positive"": 0}, {""abstention_count"": 0, ""f1"": 0.8, ""false_negative"": 0, ""false_positive"": 1, ""label"": 2, ""precision"": 0.6666666666666666, ""recall"": 1.0, ""retained_support"": 2, ""support"": 2, ""true_positive"": 2}]",retained_only,not_requested,,,
b16_lr3e-4,passed,2,2,20042,20042,inception_full,raw,159.71107827004744,115,30,145,3540,0.5,0.3333333333333333,0.5,0.27777777777777773,0.5,0.3333333333333333,0,2.0955378691056636,1.0464295566096535,0.5124081773430577,0.0,0.0,0.0,1.0,6,6,0,"[[1, 0, 0], [2, 0, 1], [0, 1, 1]]","[0, 1, 2]","[{""f1"": 0.5, ""label"": 0, ""precision"": 0.3333333333333333, ""recall"": 1.0, ""support"": 1}, {""f1"": 0.0, ""label"": 1, ""precision"": 0.0, ""recall"": 0.0, ""support"": 3}, {""f1"": 0.5, ""label"": 2, ""precision"": 0.5, ""recall"": 0.5, ""support"": 2}]","[[0, 0], [1, 0], [2, 0]]","[{""abstention_count"": 0, ""f1"": 0.5, ""false_negative"": 0, ""false_positive"": 2, ""label"": 0, ""precision"": 0.3333333333333333, ""recall"": 1.0, ""retained_support"": 1, ""support"": 1, ""true_positive"": 1}, {""abstention_count"": 0, ""f1"": 0.0, ""false_negative"": 3, ""false_positive"": 1, ""label"": 1, ""precision"": 0.0, ""recall"": 0.0, ""retained_support"": 3, ""support"": 3, ""true_positive"": 0}, {""abstention_count"": 0, ""f1"": 0.5, ""false_negative"": 1, ""false_positive"": 1, ""label"": 2, ""precision"": 0.5, ""recall"": 0.5, ""retained_support"": 2, ""support"": 2, ""true_positive"": 1}]",retained_only,not_requested,,,
b16_lr3e-4,passed,2,3,20042,20042,inception_full,raw,158.31726734596305,115,30,145,3592,0.8333333333333334,0.8222222222222223,0.8333333333333334,0.8888888888888888,0.8333333333333334,0.8222222222222223,0,1.0389993826957544,0.46393330722720744,0.1592973087840671,1.0,0.5,0.6666666666666666,1.0,6,6,0,"[[2, 0, 0], [0, 2, 0], [1, 0, 1]]","[0, 1, 2]","[{""f1"": 0.8, ""label"": 0, ""precision"": 0.6666666666666666, ""recall"": 1.0, ""support"": 2}, {""f1"": 1.0, ""label"": 1, ""precision"": 1.0, ""recall"": 1.0, ""support"": 2}, {""f1"": 0.6666666666666666, ""label"": 2, ""precision"": 1.0, ""recall"": 0.5, ""support"": 2}]","[[0, 0], [1, 0], [2, 0]]","[{""abstention_count"": 0, ""f1"": 0.8, ""false_negative"": 0, ""false_positive"": 1, ""label"": 0, ""precision"": 0.6666666666666666, ""recall"": 1.0, ""retained_support"": 2, ""support"": 2, ""true_positive"": 2}, {""abstention_count"": 0, ""f1"": 1.0, ""false_negative"": 0, ""false_positive"": 0, ""label"": 1, ""precision"": 1.0, ""recall"": 1.0, ""retained_support"": 2, ""support"": 2, ""true_positive"": 2}, {""abstention_count"": 0, ""f1"": 0.6666666666666666, ""false_negative"": 1, ""false_positive"": 0, ""label"": 2, ""precision"": 1.0, ""recall"": 0.5, ""retained_support"": 2, ""support"": 2, ""true_positive"": 1}]",retained_only,not_requested,,,
b16_lr3e-4,passed,2,4,20042,20042,inception_full,raw,163.3960505569703,120,25,145,2995,0.5,0.4444444444444444,0.5,0.5,0.5,0.4444444444444444,0,0.7063801504684346,0.4550525244144411,0.33202045000281405,0.0,0.0,0.0,1.0,5,5,0,"[[1, 1, 0], [0, 2, 0], [0, 1, 0]]","[0, 1, 2]","[{""f1"": 0.6666666666666666, ""label"": 0, ""precision"": 1.0, ""recall"": 0.5, ""support"": 2}, {""f1"": 0.6666666666666666, ""label"": 1, ""precision"": 0.5, ""recall"": 1.0, ""support"": 2}, {""f1"": 0.0, ""label"": 2, ""precision"": 0.0, ""recall"": 0.0, ""support"": 1}]","[[0, 0], [1, 0], [2, 0]]","[{""abstention_count"": 0, ""f1"": 0.6666666666666666, ""false_negative"": 1, ""false_positive"": 0, ""label"": 0, ""precision"": 1.0, ""recall"": 0.5, ""retained_support"": 2, ""support"": 2, ""true_positive"": 1}, {""abstention_count"": 0, ""f1"": 0.6666666666666666, ""false_negative"": 0, ""false_positive"": 2, ""label"": 1, ""precision"": 0.5, ""recall"": 1.0, ""retained_support"": 2, ""support"": 2, ""true_positive"": 2}, {""abstention_count"": 0, ""f1"": 0.0, ""false_negative"": 1, ""false_positive"": 0, ""label"": 2, ""precision"": 0.0, ""recall"": 0.0, ""retained_support"": 1, ""support"": 1, ""true_positive"": 0}]",retained_only,not_requested,,,
b16_lr3e-4,passed,3,0,30042,30042,inception_full,raw,164.8903598029865,115,30,145,3604,0.5555555555555555,0.5238095238095238,0.5555555555555555,0.5,0.5555555555555555,0.5238095238095238,0,0.5990182239343925,0.41590664469749283,0.28953065879587425,0.0,0.0,0.0,1.0,6,6,0,"[[0, 2, 0], [1, 2, 0], [0, 0, 1]]","[0, 1, 2]","[{""f1"": 0.0, ""label"": 0, ""precision"": 0.0, ""recall"": 0.0, ""support"": 2}, {""f1"": 0.5714285714285714, ""label"": 1, ""precision"": 0.5, ""recall"": 0.6666666666666666, ""support"": 3}, {""f1"": 1.0, ""label"": 2, ""precision"": 1.0, ""recall"": 1.0, ""support"": 1}]","[[0, 0], [1, 0], [2, 0]]","[{""abstention_count"": 0, ""f1"": 0.0, ""false_negative"": 2, ""false_positive"": 1, ""label"": 0, ""precision"": 0.0, ""recall"": 0.0, ""retained_support"": 2, ""support"": 2, ""true_positive"": 0}, {""abstention_count"": 0, ""f1"": 0.5714285714285715, ""false_negative"": 1, ""false_positive"": 2, ""label"": 1, ""precision"": 0.5, ""recall"": 0.6666666666666666, ""retained_support"": 3, ""support"": 3, ""true_positive"": 2}, {""abstention_count"": 0, ""f1"": 1.0, ""false_negative"": 0, ""false_positive"": 0, ""label"": 2, ""precision"": 1.0, ""recall"": 1.0, ""retained_support"": 1, ""support"": 1, ""true_positive"": 1}]",retained_only,not_requested,,,
b16_lr3e-4,passed,3,1,30042,30042,inception_full,raw,165.76866877201246,115,30,145,3590,0.5,0.41269841269841273,0.5,0.4666666666666666,0.5,0.41269841269841273,0,1.484975639216164,0.7296147603344906,0.2661525282749665,0.0,0.0,0.0,1.0,6,6,0,"[[0, 2, 0], [0, 2, 0], [0, 1, 1]]","[0, 1, 2]","[{""f1"": 0.0, ""label"": 0, ""precision"": 0.0, ""recall"": 0.0, ""support"": 2}, {""f1"": 0.5714285714285714, ""label"": 1, ""precision"": 0.4, ""recall"": 1.0, ""support"": 2}, {""f1"": 0.6666666666666666, ""label"": 2, ""precision"": 1.0, ""recall"": 0.5, ""support"": 2}]","[[0, 0], [1, 0], [2, 0]]","[{""abstention_count"": 0, ""f1"": 0.0, ""false_negative"": 2, ""false_positive"": 0, ""label"": 0, ""precision"": 0.0, ""recall"": 0.0, ""retained_support"": 2, ""support"": 2, ""true_positive"": 0}, {""abstention_count"": 0, ""f1"": 0.5714285714285715, ""false_negative"": 0, ""false_positive"": 3, ""label"": 1, ""precision"": 0.4, ""recall"": 1.0, ""retained_support"": 2, ""support"": 2, ""true_positive"": 2}, {""abstention_count"": 0, ""f1"": 0.6666666666666666, ""false_negative"": 1, ""false_positive"": 0, ""label"": 2, ""precision"": 1.0, ""recall"": 0.5, ""retained_support"": 2, ""support"": 2, ""true_positive"": 1}]",retained_only,not_requested,,,
b16_lr3e-4,passed,3,2,30042,30042,inception_full,raw,166.36078039900167,115,30,145,3595,0.8333333333333334,0.8222222222222223,0.8333333333333334,0.8888888888888888,0.8333333333333334,0.8222222222222223,0,0.6132866193342654,0.35242933386739045,0.2629003308037445,1.0,0.5,0.6666666666666666,1.0,6,6,0,"[[1, 1, 0], [0, 2, 0], [0, 0, 2]]","[0, 1, 2]","[{""f1"": 0.6666666666666666, ""label"": 0, ""precision"": 1.0, ""recall"": 0.5, ""support"": 2}, {""f1"": 0.8, ""label"": 1, ""precision"": 0.6666666666666666, ""recall"": 1.0, ""support"": 2}, {""f1"": 1.0, ""label"": 2, ""precision"": 1.0, ""recall"": 1.0, ""support"": 2}]","[[0, 0], [1, 0], [2, 0]]","[{""abstention_count"": 0, ""f1"": 0.6666666666666666, ""false_negative"": 1, ""false_positive"": 0, ""label"": 0, ""precision"": 1.0, ""recall"": 0.5, ""retained_support"": 2, ""support"": 2, ""true_positive"": 1}, {""abstention_count"": 0, ""f1"": 0.8, ""false_negative"": 0, ""false_positive"": 1, ""label"": 1, ""precision"": 0.6666666666666666, ""recall"": 1.0, ""retained_support"": 2, ""support"": 2, ""true_positive"": 2}, {""abstention_count"": 0, ""f1"": 1.0, ""false_negative"": 0, ""false_positive"": 0, ""label"": 2, ""precision"": 1.0, ""recall"": 1.0, ""retained_support"": 2, ""support"": 2, ""true_positive"": 2}]",retained_only,not_requested,,,
b16_lr3e-4,passed,3,3,30042,30042,inception_full,raw,168.38271645404166,115,30,145,3542,0.5,0.43333333333333335,0.5,0.38888888888888884,0.5,0.43333333333333335,0,1.139128713556425,0.6974023183891133,0.45532670902299216,0.0,0.0,0.0,1.0,6,6,0,"[[2, 0, 0], [1, 0, 1], [0, 1, 1]]","[0, 1, 2]","[{""f1"": 0.8, ""label"": 0, ""precision"": 0.6666666666666666, ""recall"": 1.0, ""support"": 2}, {""f1"": 0.0, ""label"": 1, ""precision"": 0.0, ""recall"": 0.0, ""support"": 2}, {""f1"": 0.5, ""label"": 2, ""precision"": 0.5, ""recall"": 0.5, ""support"": 2}]","[[0, 0], [1, 0], [2, 0]]","[{""abstention_count"": 0, ""f1"": 0.8, ""false_negative"": 0, ""false_positive"": 1, ""label"": 0, ""precision"": 0.6666666666666666, ""recall"": 1.0, ""retained_support"": 2, ""support"": 2, ""true_positive"": 2}, {""abstention_count"": 0, ""f1"": 0.0, ""false_negative"": 2, ""false_positive"": 1, ""label"": 1, ""precision"": 0.0, ""recall"": 0.0, ""retained_support"": 2, ""support"": 2, ""true_positive"": 0}, {""abstention_count"": 0, ""f1"": 0.5, ""false_negative"": 1, ""false_positive"": 1, ""label"": 2, ""precision"": 0.5, ""recall"": 0.5, ""retained_support"": 2, ""support"": 2, ""true_positive"": 1}]",retained_only,not_requested,,,
b16_lr3e-4,passed,3,4,30042,30042,inception_full,raw,174.12539669004036,120,25,145,3002,0.8888888888888888,0.8222222222222223,0.8888888888888888,0.8333333333333334,0.8888888888888888,0.8222222222222223,0,0.5344990411005075,0.34150129139037344,0.36943682035521463,0.5,1.0,0.6666666666666666,1.0,5,5,0,"[[1, 0, 0], [0, 2, 1], [0, 0, 1]]","[0, 1, 2]","[{""f1"": 1.0, ""label"": 0, ""precision"": 1.0, ""recall"": 1.0, ""support"": 1}, {""f1"": 0.8, ""label"": 1, ""precision"": 1.0, ""recall"": 0.6666666666666666, ""support"": 3}, {""f1"": 0.6666666666666666, ""label"": 2, ""precision"": 0.5, ""recall"": 1.0, ""support"": 1}]","[[0, 0], [1, 0], [2, 0]]","[{""abstention_count"": 0, ""f1"": 1.0, ""false_negative"": 0, ""false_positive"": 0, ""label"": 0, ""precision"": 1.0, ""recall"": 1.0, ""retained_support"": 1, ""support"": 1, ""true_positive"": 1}, {""abstention_count"": 0, ""f1"": 0.8, ""false_negative"": 1, ""false_positive"": 0, ""label"": 1, ""precision"": 1.0, ""recall"": 0.6666666666666666, ""retained_support"": 3, ""support"": 3, ""true_positive"": 2}, {""abstention_count"": 0, ""f1"": 0.6666666666666666, ""false_negative"": 0, ""false_positive"": 1, ""label"": 2, ""precision"": 0.5, ""recall"": 1.0, ""retained_support"": 1, ""support"": 1, ""true_positive"": 1}]",retained_only,not_requested,,,
b16_lr3e-4,passed,4,0,40042,40042,inception_full,raw,169.54880369501188,115,30,145,3541,0.8333333333333334,0.8222222222222223,0.8333333333333334,0.8888888888888888,0.8333333333333334,0.8222222222222223,0,0.6153430313050093,0.39244611578235716,0.3393902063660386,1.0,0.5,0.6666666666666666,1.0,6,6,0,"[[2, 0, 0], [1, 1, 0], [0, 0, 2]]","[0, 1, 2]","[{""f1"": 0.8, ""label"": 0, ""precision"": 0.6666666666666666, ""recall"": 1.0, ""support"": 2}, {""f1"": 0.6666666666666666, ""label"": 1, ""precision"": 1.0, ""recall"": 0.5, ""support"": 2}, {""f1"": 1.0, ""label"": 2, ""precision"": 1.0, ""recall"": 1.0, ""support"": 2}]","[[0, 0], [1, 0], [2, 0]]","[{""abstention_count"": 0, ""f1"": 0.8, ""false_negative"": 0, ""false_positive"": 1, ""label"": 0, ""precision"": 0.6666666666666666, ""recall"": 1.0, ""retained_support"": 2, ""support"": 2, ""true_positive"": 2}, {""abstention_count"": 0, ""f1"": 0.6666666666666666, ""false_negative"": 1, ""false_positive"": 0, ""label"": 1, ""precision"": 1.0, ""recall"": 0.5, ""retained_support"": 2, ""support"": 2, ""true_positive"": 1}, {""abstention_count"": 0, ""f1"": 1.0, ""false_negative"": 0, ""false_positive"": 0, ""label"": 2, ""precision"": 1.0, ""recall"": 1.0, ""retained_support"": 2, ""support"": 2, ""true_positive"": 2}]",retained_only,not_requested,,,
b16_lr3e-4,passed,4,1,40042,40042,inception_full,raw,169.6740441119764,115,30,145,3606,0.4444444444444444,0.35555555555555557,0.4444444444444444,0.3333333333333333,0.4444444444444444,0.35555555555555557,0,1.115406464948862,0.6017684365831835,0.2569325504603902,0.0,0.0,0.0,1.0,6,6,0,"[[2, 0, 0], [2, 1, 0], [0, 1, 0]]","[0, 1, 2]","[{""f1"": 0.6666666666666666, ""label"": 0, ""precision"": 0.5, ""recall"": 1.0, ""support"": 2}, {""f1"": 0.4, ""label"": 1, ""precision"": 0.5, ""recall"": 0.3333333333333333, ""support"": 3}, {""f1"": 0.0, ""label"": 2, ""precision"": 0.0, ""recall"": 0.0, ""support"": 1}]","[[0, 0], [1, 0], [2, 0]]","[{""abstention_count"": 0, ""f1"": 0.6666666666666666, ""false_negative"": 0, ""false_positive"": 2, ""label"": 0, ""precision"": 0.5, ""recall"": 1.0, ""retained_support"": 2, ""support"": 2, ""true_positive"": 2}, {""abstention_count"": 0, ""f1"": 0.4, ""false_negative"": 2, ""false_positive"": 1, ""label"": 1, ""precision"": 0.5, ""recall"": 0.3333333333333333, ""retained_support"": 3, ""support"": 3, ""true_positive"": 1}, {""abstention_count"": 0, ""f1"": 0.0, ""false_negative"": 1, ""false_positive"": 0, ""label"": 2, ""precision"": 0.0, ""recall"": 0.0, ""retained_support"": 1, ""support"": 1, ""true_positive"": 0}]",retained_only,not_requested,,,
b16_lr3e-4,passed,4,2,40042,40042,inception_full,raw,164.2614047000534,115,30,145,3609,0.7777777777777777,0.7222222222222222,0.7777777777777777,0.8333333333333334,0.7777777777777777,0.7222222222222222,0,1.0980979807351154,0.5694446522930113,0.2578363299060269,1.0,0.3333333333333333,0.5,1.0,6,6,0,"[[2, 0, 0], [2, 1, 0], [0, 0, 1]]","[0, 1, 2]","[{""f1"": 0.6666666666666666, ""label"": 0, ""precision"": 0.5, ""recall"": 1.0, ""support"": 2}, {""f1"": 0.5, ""label"": 1, ""precision"": 1.0, ""recall"": 0.3333333333333333, ""support"": 3}, {""f1"": 1.0, ""label"": 2, ""precision"": 1.0, ""recall"": 1.0, ""support"": 1}]","[[0, 0], [1, 0], [2, 0]]","[{""abstention_count"": 0, ""f1"": 0.6666666666666666, ""false_negative"": 0, ""false_positive"": 2, ""label"": 0, ""precision"": 0.5, ""recall"": 1.0, ""retained_support"": 2, ""support"": 2, ""true_positive"": 2}, {""abstention_count"": 0, ""f1"": 0.5, ""false_negative"": 2, ""false_positive"": 0, ""label"": 1, ""precision"": 1.0, ""recall"": 0.3333333333333333, ""retained_support"": 3, ""support"": 3, ""true_positive"": 1}, {""abstention_count"": 0, ""f1"": 1.0, ""false_negative"": 0, ""false_positive"": 0, ""label"": 2, ""precision"": 1.0, ""recall"": 1.0, ""retained_support"": 1, ""support"": 1, ""true_positive"": 1}]",retained_only,not_requested,,,
b16_lr3e-4,passed,4,3,40042,40042,inception_full,raw,164.4314460500027,120,25,145,2993,0.8333333333333334,0.8222222222222223,0.8333333333333334,0.8888888888888888,0.8333333333333334,0.8222222222222223,0,0.9219097593790402,0.5502998826480558,0.43557527530957096,1.0,0.5,0.6666666666666666,1.0,5,5,0,"[[1, 0, 0], [0, 2, 0], [0, 1, 1]]","[0, 1, 2]","[{""f1"": 1.0, ""label"": 0, ""precision"": 1.0, ""recall"": 1.0, ""support"": 1}, {""f1"": 0.8, ""label"": 1, ""precision"": 0.6666666666666666, ""recall"": 1.0, ""support"": 2}, {""f1"": 0.6666666666666666, ""label"": 2, ""precision"": 1.0, ""recall"": 0.5, ""support"": 2}]","[[0, 0], [1, 0], [2, 0]]","[{""abstention_count"": 0, ""f1"": 1.0, ""false_negative"": 0, ""false_positive"": 0, ""label"": 0, ""precision"": 1.0, ""recall"": 1.0, ""retained_support"": 1, ""support"": 1, ""true_positive"": 1}, {""abstention_count"": 0, ""f1"": 0.8, ""false_negative"": 0, ""false_positive"": 1, ""label"": 1, ""precision"": 0.6666666666666666, ""recall"": 1.0, ""retained_support"": 2, ""support"": 2, ""true_positive"": 2}, {""abstention_count"": 0, ""f1"": 0.6666666666666666, ""false_negative"": 1, ""false_positive"": 0, ""label"": 2, ""precision"": 1.0, ""recall"": 0.5, ""retained_support"": 2, ""support"": 2, ""true_positive"": 1}]",retained_only,not_requested,,,
b16_lr3e-4,passed,4,4,40042,40042,inception_full,raw,157.68527068803087,115,30,145,3584,0.5,0.41269841269841273,0.5,0.4666666666666666,0.5,0.41269841269841273,0,1.173864498380329,0.7888087998130677,0.4378513214312347,0.0,0.0,0.0,1.0,6,6,0,"[[0, 2, 0], [0, 2, 0], [0, 1, 1]]","[0, 1, 2]","[{""f1"": 0.0, ""label"": 0, ""precision"": 0.0, ""recall"": 0.0, ""support"": 2}, {""f1"": 0.5714285714285714, ""label"": 1, ""precision"": 0.4, ""recall"": 1.0, ""support"": 2}, {""f1"": 0.6666666666666666, ""label"": 2, ""precision"": 1.0, ""recall"": 0.5, ""support"": 2}]","[[0, 0], [1, 0], [2, 0]]","[{""abstention_count"": 0, ""f1"": 0.0, ""false_negative"": 2, ""false_positive"": 0, ""label"": 0, ""precision"": 0.0, ""recall"": 0.0, ""retained_support"": 2, ""support"": 2, ""true_positive"": 0}, {""abstention_count"": 0, ""f1"": 0.5714285714285715, ""false_negative"": 0, ""false_positive"": 3, ""label"": 1, ""precision"": 0.4, ""recall"": 1.0, ""retained_support"": 2, ""support"": 2, ""true_positive"": 2}, {""abstention_count"": 0, ""f1"": 0.6666666666666666, ""false_negative"": 1, ""false_positive"": 0, ""label"": 2, ""precision"": 1.0, ""recall"": 0.5, ""retained_support"": 2, ""support"": 2, ""true_positive"": 1}]",retained_only,not_requested,,,
b16_lr1e-3,passed,0,0,42,42,inception_full,raw,156.29569887398975,115,30,145,3596,0.5,0.38888888888888884,0.5,0.3333333333333333,0.5,0.38888888888888884,0,1.4699662524559753,0.6880163158105007,0.2403996020775466,0.0,0.0,0.0,1.0,6,6,0,"[[2, 0, 0], [1, 1, 0], [1, 1, 0]]","[0, 1, 2]","[{""f1"": 0.6666666666666666, ""label"": 0, ""precision"": 0.5, ""recall"": 1.0, ""support"": 2}, {""f1"": 0.5, ""label"": 1, ""precision"": 0.5, ""recall"": 0.5, ""support"": 2}, {""f1"": 0.0, ""label"": 2, ""precision"": 0.0, ""recall"": 0.0, ""support"": 2}]","[[0, 0], [1, 0], [2, 0]]","[{""abstention_count"": 0, ""f1"": 0.6666666666666666, ""false_negative"": 0, ""false_positive"": 2, ""label"": 0, ""precision"": 0.5, ""recall"": 1.0, ""retained_support"": 2, ""support"": 2, ""true_positive"": 2}, {""abstention_count"": 0, ""f1"": 0.5, ""false_negative"": 1, ""false_positive"": 1, ""label"": 1, ""precision"": 0.5, ""recall"": 0.5, ""retained_support"": 2, ""support"": 2, ""true_positive"": 1}, {""abstention_count"": 0, ""f1"": 0.0, ""false_negative"": 2, ""false_positive"": 0, ""label"": 2, ""precision"": 0.0, ""recall"": 0.0, ""retained_support"": 2, ""support"": 2, ""true_positive"": 0}]",retained_only,not_requested,,,
b16_lr1e-3,passed,0,1,42,42,inception_full,raw,157.0470771229593,115,30,145,3544,0.5555555555555555,0.5238095238095238,0.5555555555555555,0.5,0.5555555555555555,0.5238095238095238,0,1.0331776036982745,0.5621196672066968,0.35579018764278275,0.0,0.0,0.0,1.0,6,6,0,"[[0, 2, 0], [1, 2, 0], [0, 0, 1]]","[0, 1, 2]","[{""f1"": 0.0, ""label"": 0, ""precision"": 0.0, ""recall"": 0.0, ""support"": 2}, {""f1"": 0.5714285714285714, ""label"": 1, ""precision"": 0.5, ""recall"": 0.6666666666666666, ""support"": 3}, {""f1"": 1.0, ""label"": 2, ""precision"": 1.0, ""recall"": 1.0, ""support"": 1}]","[[0, 0], [1, 0], [2, 0]]","[{""abstention_count"": 0, ""f1"": 0.0, ""false_negative"": 2, ""false_positive"": 1, ""label"": 0, ""precision"": 0.0, ""recall"": 0.0, ""retained_support"": 2, ""support"": 2, ""true_positive"": 0}, {""abstention_count"": 0, ""f1"": 0.5714285714285715, ""false_negative"": 1, ""false_positive"": 2, ""label"": 1, ""precision"": 0.5, ""recall"": 0.6666666666666666, ""retained_support"": 3, ""support"": 3, ""true_positive"": 2}, {""abstention_count"": 0, ""f1"": 1.0, ""false_negative"": 0, ""false_positive"": 0, ""label"": 2, ""precision"": 1.0, ""recall"": 1.0, ""retained_support"": 1, ""support"": 1, ""true_positive"": 1}]",retained_only,not_requested,,,
b16_lr1e-3,passed,0,2,42,42,inception_full,raw,156.64878594700713,115,30,145,3607,0.6666666666666666,0.6555555555555556,0.6666666666666666,0.7222222222222222,0.6666666666666666,0.6555555555555556,0,0.7039050224771213,0.47495451559825014,0.419409706176905,0.5,0.5,0.5,1.0,6,6,0,"[[1, 1, 0], [0, 1, 1], [0, 0, 2]]","[0, 1, 2]","[{""f1"": 0.6666666666666666, ""label"": 0, ""precision"": 1.0, ""recall"": 0.5, ""support"": 2}, {""f1"": 0.5, ""label"": 1, ""precision"": 0.5, ""recall"": 0.5, ""support"": 2}, {""f1"": 0.8, ""label"": 2, ""precision"": 0.6666666666666666, ""recall"": 1.0, ""support"": 2}]","[[0, 0], [1, 0], [2, 0]]","[{""abstention_count"": 0, ""f1"": 0.6666666666666666, ""false_negative"": 1, ""false_positive"": 0, ""label"": 0, ""precision"": 1.0, ""recall"": 0.5, ""retained_support"": 2, ""support"": 2, ""true_positive"": 1}, {""abstention_count"": 0, ""f1"": 0.5, ""false_negative"": 1, ""false_positive"": 1, ""label"": 1, ""precision"": 0.5, ""recall"": 0.5, ""retained_support"": 2, ""support"": 2, ""true_positive"": 1}, {""abstention_count"": 0, ""f1"": 0.8, ""false_negative"": 0, ""false_positive"": 1, ""label"": 2, ""precision"": 0.6666666666666666, ""recall"": 1.0, ""retained_support"": 2, ""support"": 2, ""true_positive"": 2}]",retained_only,not_requested,,,
b16_lr1e-3,passed,0,3,42,42,inception_full,raw,156.261321072001,115,30,145,3591,0.8333333333333334,0.8222222222222223,0.8333333333333334,0.8888888888888888,0.8333333333333334,0.8222222222222223,0,0.3891844860325211,0.21564665834289917,0.1188130421941373,1.0,0.5,0.6666666666666666,1.0,6,6,0,"[[2, 0, 0], [0, 1, 1], [0, 0, 2]]","[0, 1, 2]","[{""f1"": 1.0, ""label"": 0, ""precision"": 1.0, ""recall"": 1.0, ""support"": 2}, {""f1"": 0.6666666666666666, ""label"": 1, ""precision"": 1.0, ""recall"": 0.5, ""support"": 2}, {""f1"": 0.8, ""label"": 2, ""precision"": 0.6666666666666666, ""recall"": 1.0, ""support"": 2}]","[[0, 0], [1, 0], [2, 0]]","[{""abstention_count"": 0, ""f1"": 1.0, ""false_negative"": 0, ""false_positive"": 0, ""label"": 0, ""precision"": 1.0, ""recall"": 1.0, ""retained_support"": 2, ""support"": 2, ""true_positive"": 2}, {""abstention_count"": 0, ""f1"": 0.6666666666666666, ""false_negative"": 1, ""false_positive"": 0, ""label"": 1, ""precision"": 1.0, ""recall"": 0.5, ""retained_support"": 2, ""support"": 2, ""true_positive"": 1}, {""abstention_count"": 0, ""f1"": 0.8, ""false_negative"": 0, ""false_positive"": 1, ""label"": 2, ""precision"": 0.6666666666666666, ""recall"": 1.0, ""retained_support"": 2, ""support"": 2, ""true_positive"": 2}]",retained_only,not_requested,,,
b16_lr1e-3,passed,0,4,42,42,inception_full,raw,160.0288821310387,120,25,145,2995,0.3333333333333333,0.16666666666666666,0.3333333333333333,0.1111111111111111,0.3333333333333333,0.16666666666666666,0,1.5322535918539837,1.0367347685702164,0.6316369385450242,0.0,0.0,0.0,1.0,5,5,0,"[[1, 0, 0], [2, 0, 1], [0, 1, 0]]","[0, 1, 2]","[{""f1"": 0.5, ""label"": 0, ""precision"": 0.3333333333333333, ""recall"": 1.0, ""support"": 1}, {""f1"": 0.0, ""label"": 1, ""precision"": 0.0, ""recall"": 0.0, ""support"": 3}, {""f1"": 0.0, ""label"": 2, ""precision"": 0.0, ""recall"": 0.0, ""support"": 1}]","[[0, 0], [1, 0], [2, 0]]","[{""abstention_count"": 0, ""f1"": 0.5, ""false_negative"": 0, ""false_positive"": 2, ""label"": 0, ""precision"": 0.3333333333333333, ""recall"": 1.0, ""retained_support"": 1, ""support"": 1, ""true_positive"": 1}, {""abstention_count"": 0, ""f1"": 0.0, ""false_negative"": 3, ""false_positive"": 1, ""label"": 1, ""precision"": 0.0, ""recall"": 0.0, ""retained_support"": 3, ""support"": 3, ""true_positive"": 0}, {""abstention_count"": 0, ""f1"": 0.0, ""false_negative"": 1, ""false_positive"": 1, ""label"": 2, ""precision"": 0.0, ""recall"": 0.0, ""retained_support"": 1, ""support"": 1, ""true_positive"": 0}]",retained_only,not_requested,,,
b16_lr1e-3,passed,1,0,10042,10042,inception_full,raw,154.3667469029897,110,35,145,4195,0.5555555555555555,0.45714285714285713,0.5555555555555555,0.4666666666666666,0.5555555555555555,0.45714285714285713,0,1.5175363212292556,0.557700263562468,0.33505062014005405,0.0,0.0,0.0,1.0,7,7,0,"[[2, 0, 0], [1, 2, 0], [2, 0, 0]]","[0, 1, 2]","[{""f1"": 0.5714285714285714, ""label"": 0, ""precision"": 0.4, ""recall"": 1.0, ""support"": 2}, {""f1"": 0.8, ""label"": 1, ""precision"": 1.0, ""recall"": 0.6666666666666666, ""support"": 3}, {""f1"": 0.0, ""label"": 2, ""precision"": 0.0, ""recall"": 0.0, ""support"": 2}]","[[0, 0], [1, 0], [2, 0]]","[{""abstention_count"": 0, ""f1"": 0.5714285714285715, ""false_negative"": 0, ""false_positive"": 3, ""label"": 0, ""precision"": 0.4, ""recall"": 1.0, ""retained_support"": 2, ""support"": 2, ""true_positive"": 2}, {""abstention_count"": 0, ""f1"": 0.8, ""false_negative"": 1, ""false_positive"": 0, ""label"": 1, ""precision"": 1.0, ""recall"": 0.6666666666666666, ""retained_support"": 3, ""support"": 3, ""true_positive"": 2}, {""abstention_count"": 0, ""f1"": 0.0, ""false_negative"": 2, ""false_positive"": 0, ""label"": 2, ""precision"": 0.0, ""recall"": 0.0, ""retained_support"": 2, ""support"": 2, ""true_positive"": 0}]",retained_only,not_requested,,,
b16_lr1e-3,passed,1,1,10042,10042,inception_full,raw,158.17236562498147,115,30,145,3539,0.611111111111111,0.5222222222222223,0.611111111111111,0.5,0.611111111111111,0.5222222222222223,0,1.2686267104051179,0.7081855033166068,0.4066743762361153,0.5,0.3333333333333333,0.4,1.0,6,6,0,"[[1, 0, 0], [1, 1, 1], [0, 1, 1]]","[0, 1, 2]","[{""f1"": 0.6666666666666666, ""label"": 0, ""precision"": 0.5, ""recall"": 1.0, ""support"": 1}, {""f1"": 0.4, ""label"": 1, ""precision"": 0.5, ""recall"": 0.3333333333333333, ""support"": 3}, {""f1"": 0.5, ""label"": 2, ""precision"": 0.5, ""recall"": 0.5, ""support"": 2}]","[[0, 0], [1, 0], [2, 0]]","[{""abstention_count"": 0, ""f1"": 0.6666666666666666, ""false_negative"": 0, ""false_positive"": 1, ""label"": 0, ""precision"": 0.5, ""recall"": 1.0, ""retained_support"": 1, ""support"": 1, ""true_positive"": 1}, {""abstention_count"": 0, ""f1"": 0.4, ""false_negative"": 2, ""false_positive"": 1, ""label"": 1, ""precision"": 0.5, ""recall"": 0.3333333333333333, ""retained_support"": 3, ""support"": 3, ""true_positive"": 1}, {""abstention_count"": 0, ""f1"": 0.5, ""false_negative"": 1, ""false_positive"": 1, ""label"": 2, ""precision"": 0.5, ""recall"": 0.5, ""retained_support"": 2, ""support"": 2, ""true_positive"": 1}]",retained_only,not_requested,,,
b16_lr1e-3,passed,1,2,10042,10042,inception_full,raw,162.45640148001257,115,30,145,3602,0.3333333333333333,0.3333333333333333,0.3333333333333333,0.3333333333333333,0.3333333333333333,0.3333333333333333,0,1.4788218780970144,0.7224335011465288,0.4639184365024259,0.0,0.0,0.0,1.0,6,6,0,"[[1, 1, 0], [1, 0, 1], [0, 1, 1]]","[0, 1, 2]","[{""f1"": 0.5, ""label"": 0, ""precision"": 0.5, ""recall"": 0.5, ""support"": 2}, {""f1"": 0.0, ""label"": 1, ""precision"": 0.0, ""recall"": 0.0, ""support"": 2}, {""f1"": 0.5, ""label"": 2, ""precision"": 0.5, ""recall"": 0.5, ""support"": 2}]","[[0, 0], [1, 0], [2, 0]]","[{""abstention_count"": 0, ""f1"": 0.5, ""false_negative"": 1, ""false_positive"": 1, ""label"": 0, ""precision"": 0.5, ""recall"": 0.5, ""retained_support"": 2, ""support"": 2, ""true_positive"": 1}, {""abstention_count"": 0, ""f1"": 0.0, ""false_negative"": 2, ""false_positive"": 2, ""label"": 1, ""precision"": 0.0, ""recall"": 0.0, ""retained_support"": 2, ""support"": 2, ""true_positive"": 0}, {""abstention_count"": 0, ""f1"": 0.5, ""false_negative"": 1, ""false_positive"": 1, ""label"": 2, ""precision"": 0.5, ""recall"": 0.5, ""retained_support"": 2, ""support"": 2, ""true_positive"": 1}]",retained_only,not_requested,,,
b16_lr1e-3,passed,1,3,10042,10042,inception_full,raw,162.63095071498537,120,25,145,2999,0.5,0.4444444444444444,0.5,0.5,0.5,0.4444444444444444,0,0.6320165886910539,0.40791957068443574,0.3873339245342581,0.0,0.0,0.0,1.0,5,5,0,"[[1, 1, 0], [0, 2, 0], [0, 1, 0]]","[0, 1, 2]","[{""f1"": 0.6666666666666666, ""label"": 0, ""precision"": 1.0, ""recall"": 0.5, ""support"": 2}, {""f1"": 0.6666666666666666, ""label"": 1, ""precision"": 0.5, ""recall"": 1.0, ""support"": 2}, {""f1"": 0.0, ""label"": 2, ""precision"": 0.0, ""recall"": 0.0, ""support"": 1}]","[[0, 0], [1, 0], [2, 0]]","[{""abstention_count"": 0, ""f1"": 0.6666666666666666, ""false_negative"": 1, ""false_positive"": 0, ""label"": 0, ""precision"": 1.0, ""recall"": 0.5, ""retained_support"": 2, ""support"": 2, ""true_positive"": 1}, {""abstention_count"": 0, ""f1"": 0.6666666666666666, ""false_negative"": 0, ""false_positive"": 2, ""label"": 1, ""precision"": 0.5, ""recall"": 1.0, ""retained_support"": 2, ""support"": 2, ""true_positive"": 2}, {""abstention_count"": 0, ""f1"": 0.0, ""false_negative"": 1, ""false_positive"": 0, ""label"": 2, ""precision"": 0.0, ""recall"": 0.0, ""retained_support"": 1, ""support"": 1, ""true_positive"": 0}]",retained_only,not_requested,,,
b16_lr1e-3,passed,1,4,10042,10042,inception_full,raw,162.57083682500524,120,25,145,2998,0.3333333333333333,0.2222222222222222,0.3333333333333333,0.16666666666666666,0.3333333333333333,0.2222222222222222,0,0.9344556138715296,0.6345094745602418,0.4513050611768611,0.0,0.0,0.0,1.0,5,5,0,"[[2, 0, 0], [2, 0, 0], [0, 1, 0]]","[0, 1, 2]","[{""f1"": 0.6666666666666666, ""label"": 0, ""precision"": 0.5, ""recall"": 1.0, ""support"": 2}, {""f1"": 0.0, ""label"": 1, ""precision"": 0.0, ""recall"": 0.0, ""support"": 2}, {""f1"": 0.0, ""label"": 2, ""precision"": 0.0, ""recall"": 0.0, ""support"": 1}]","[[0, 0], [1, 0], [2, 0]]","[{""abstention_count"": 0, ""f1"": 0.6666666666666666, ""false_negative"": 0, ""false_positive"": 2, ""label"": 0, ""precision"": 0.5, ""recall"": 1.0, ""retained_support"": 2, ""support"": 2, ""true_positive"": 2}, {""abstention_count"": 0, ""f1"": 0.0, ""false_negative"": 2, ""false_positive"": 1, ""label"": 1, ""precision"": 0.0, ""recall"": 0.0, ""retained_support"": 2, ""support"": 2, ""true_positive"": 0}, {""abstention_count"": 0, ""f1"": 0.0, ""false_negative"": 1, ""false_positive"": 0, ""label"": 2, ""precision"": 0.0, ""recall"": 0.0, ""retained_support"": 1, ""support"": 1, ""true_positive"": 0}]",retained_only,not_requested,,,
b16_lr1e-3,passed,2,0,20042,20042,inception_full,raw,159.54670924699167,115,30,145,3601,0.38888888888888884,0.41269841269841273,0.38888888888888884,0.5,0.38888888888888884,0.41269841269841273,0,0.826227008187205,0.5919852851216196,0.35381278141755534,0.0,0.0,0.0,1.0,6,6,0,"[[1, 1, 0], [0, 2, 1], [0, 1, 0]]","[0, 1, 2]","[{""f1"": 0.6666666666666666, ""label"": 0, ""precision"": 1.0, ""recall"": 0.5, ""support"": 2}, {""f1"": 0.5714285714285714, ""label"": 1, ""precision"": 0.5, ""recall"": 0.6666666666666666, ""support"": 3}, {""f1"": 0.0, ""label"": 2, ""precision"": 0.0, ""recall"": 0.0, ""support"": 1}]","[[0, 0], [1, 0], [2, 0]]","[{""abstention_count"": 0, ""f1"": 0.6666666666666666, ""false_negative"": 1, ""false_positive"": 0, ""label"": 0, ""precision"": 1.0, ""recall"": 0.5, ""retained_support"": 2, ""support"": 2, ""true_positive"": 1}, {""abstention_count"": 0, ""f1"": 0.5714285714285715, ""false_negative"": 1, ""false_positive"": 2, ""label"": 1, ""precision"": 0.5, ""recall"": 0.6666666666666666, ""retained_support"": 3, ""support"": 3, ""true_positive"": 2}, {""abstention_count"": 0, ""f1"": 0.0, ""false_negative"": 1, ""false_positive"": 1, ""label"": 2, ""precision"": 0.0, ""recall"": 0.0, ""retained_support"": 1, ""support"": 1, ""true_positive"": 0}]",retained_only,not_requested,,,
b16_lr1e-3,passed,2,1,20042,20042,inception_full,raw,158.13032216299325,115,30,145,3605,0.6666666666666666,0.5555555555555555,0.6666666666666666,0.5,0.6666666666666666,0.5555555555555555,0,1.0112655693660149,0.48528230048949245,0.10611356739603121,0.0,0.0,0.0,1.0,6,6,0,"[[2, 0, 0], [0, 0, 2], [0, 0, 2]]","[0, 1, 2]","[{""f1"": 1.0, ""label"": 0, ""precision"": 1.0, ""recall"": 1.0, ""support"": 2}, {""f1"": 0.0, ""label"": 1, ""precision"": 0.0, ""recall"": 0.0, ""support"": 2}, {""f1"": 0.6666666666666666, ""label"": 2, ""precision"": 0.5, ""recall"": 1.0, ""support"": 2}]","[[0, 0], [1, 0], [2, 0]]","[{""abstention_count"": 0, ""f1"": 1.0, ""false_negative"": 0, ""false_positive"": 0, ""label"": 0, ""precision"": 1.0, ""recall"": 1.0, ""retained_support"": 2, ""support"": 2, ""true_positive"": 2}, {""abstention_count"": 0, ""f1"": 0.0, ""false_negative"": 2, ""false_positive"": 0, ""label"": 1, ""precision"": 0.0, ""recall"": 0.0, ""retained_support"": 2, ""support"": 2, ""true_positive"": 0}, {""abstention_count"": 0, ""f1"": 0.6666666666666666, ""false_negative"": 0, ""false_positive"": 2, ""label"": 2, ""precision"": 0.5, ""recall"": 1.0, ""retained_support"": 2, ""support"": 2, ""true_positive"": 2}]",retained_only,not_requested,,,
b16_lr1e-3,passed,2,2,20042,20042,inception_full,raw,160.48235533898696,115,30,145,3540,0.5,0.3333333333333333,0.5,0.27777777777777773,0.5,0.3333333333333333,0,1.9819794322991031,1.0503234042602105,0.6098178455777477,0.0,0.0,0.0,1.0,6,6,0,"[[1, 0, 0], [2, 0, 1], [0, 1, 1]]","[0, 1, 2]","[{""f1"": 0.5, ""label"": 0, ""precision"": 0.3333333333333333, ""recall"": 1.0, ""support"": 1}, {""f1"": 0.0, ""label"": 1, ""precision"": 0.0, ""recall"": 0.0, ""support"": 3}, {""f1"": 0.5, ""label"": 2, ""precision"": 0.5, ""recall"": 0.5, ""support"": 2}]","[[0, 0], [1, 0], [2, 0]]","[{""abstention_count"": 0, ""f1"": 0.5, ""false_negative"": 0, ""false_positive"": 2, ""label"": 0, ""precision"": 0.3333333333333333, ""recall"": 1.0, ""retained_support"": 1, ""support"": 1, ""true_positive"": 1}, {""abstention_count"": 0, ""f1"": 0.0, ""false_negative"": 3, ""false_positive"": 1, ""label"": 1, ""precision"": 0.0, ""recall"": 0.0, ""retained_support"": 3, ""support"": 3, ""true_positive"": 0}, {""abstention_count"": 0, ""f1"": 0.5, ""false_negative"": 1, ""false_positive"": 1, ""label"": 2, ""precision"": 0.5, ""recall"": 0.5, ""retained_support"": 2, ""support"": 2, ""true_positive"": 1}]",retained_only,not_requested,,,
b16_lr1e-3,passed,2,3,20042,20042,inception_full,raw,160.32760062499437,115,30,145,3592,0.6666666666666666,0.6666666666666666,0.6666666666666666,0.8333333333333334,0.6666666666666666,0.6666666666666666,0,1.2531223618815266,0.49551120970971724,0.15028214518265845,1.0,0.5,0.6666666666666666,1.0,6,6,0,"[[1, 1, 0], [0, 2, 0], [0, 1, 1]]","[0, 1, 2]","[{""f1"": 0.6666666666666666, ""label"": 0, ""precision"": 1.0, ""recall"": 0.5, ""support"": 2}, {""f1"": 0.6666666666666666, ""label"": 1, ""precision"": 0.5, ""recall"": 1.0, ""support"": 2}, {""f1"": 0.6666666666666666, ""label"": 2, ""precision"": 1.0, ""recall"": 0.5, ""support"": 2}]","[[0, 0], [1, 0], [2, 0]]","[{""abstention_count"": 0, ""f1"": 0.6666666666666666, ""false_negative"": 1, ""false_positive"": 0, ""label"": 0, ""precision"": 1.0, ""recall"": 0.5, ""retained_support"": 2, ""support"": 2, ""true_positive"": 1}, {""abstention_count"": 0, ""f1"": 0.6666666666666666, ""false_negative"": 0, ""false_positive"": 2, ""label"": 1, ""precision"": 0.5, ""recall"": 1.0, ""retained_support"": 2, ""support"": 2, ""true_positive"": 2}, {""abstention_count"": 0, ""f1"": 0.6666666666666666, ""false_negative"": 1, ""false_positive"": 0, ""label"": 2, ""precision"": 1.0, ""recall"": 0.5, ""retained_support"": 2, ""support"": 2, ""true_positive"": 1}]",retained_only,not_requested,,,
b16_lr1e-3,passed,2,4,20042,20042,inception_full,raw,163.47521754505578,120,25,145,2995,0.3333333333333333,0.19047619047619047,0.3333333333333333,0.13333333333333333,0.3333333333333333,0.1904761904761905,0,1.1591108889021873,0.7678938129488885,0.31377681663103585,0.0,0.0,0.0,1.0,5,5,0,"[[0, 2, 0], [0, 2, 0], [0, 1, 0]]","[0, 1, 2]","[{""f1"": 0.0, ""label"": 0, ""precision"": 0.0, ""recall"": 0.0, ""support"": 2}, {""f1"": 0.5714285714285714, ""label"": 1, ""precision"": 0.4, ""recall"": 1.0, ""support"": 2}, {""f1"": 0.0, ""label"": 2, ""precision"": 0.0, ""recall"": 0.0, ""support"": 1}]","[[0, 0], [1, 0], [2, 0]]","[{""abstention_count"": 0, ""f1"": 0.0, ""false_negative"": 2, ""false_positive"": 0, ""label"": 0, ""precision"": 0.0, ""recall"": 0.0, ""retained_support"": 2, ""support"": 2, ""true_positive"": 0}, {""abstention_count"": 0, ""f1"": 0.5714285714285715, ""false_negative"": 0, ""false_positive"": 3, ""label"": 1, ""precision"": 0.4, ""recall"": 1.0, ""retained_support"": 2, ""support"": 2, ""true_positive"": 2}, {""abstention_count"": 0, ""f1"": 0.0, ""false_negative"": 1, ""false_positive"": 0, ""label"": 2, ""precision"": 0.0, ""recall"": 0.0, ""retained_support"": 1, ""support"": 1, ""true_positive"": 0}]",retained_only,not_requested,,,
b16_lr1e-3,passed,3,0,30042,30042,inception_full,raw,166.900154051953,115,30,145,3604,0.7222222222222222,0.7222222222222222,0.7222222222222222,0.7222222222222222,0.7222222222222222,0.7222222222222222,0,0.552844534347716,0.35777735245605236,0.32711560690583963,0.5,0.5,0.5,1.0,6,6,0,"[[1, 1, 0], [1, 2, 0], [0, 0, 1]]","[0, 1, 2]","[{""f1"": 0.5, ""label"": 0, ""precision"": 0.5, ""recall"": 0.5, ""support"": 2}, {""f1"": 0.6666666666666666, ""label"": 1, ""precision"": 0.6666666666666666, ""recall"": 0.6666666666666666, ""support"": 3}, {""f1"": 1.0, ""label"": 2, ""precision"": 1.0, ""recall"": 1.0, ""support"": 1}]","[[0, 0], [1, 0], [2, 0]]","[{""abstention_count"": 0, ""f1"": 0.5, ""false_negative"": 1, ""false_positive"": 1, ""label"": 0, ""precision"": 0.5, ""recall"": 0.5, ""retained_support"": 2, ""support"": 2, ""true_positive"": 1}, {""abstention_count"": 0, ""f1"": 0.6666666666666666, ""false_negative"": 1, ""false_positive"": 1, ""label"": 1, ""precision"": 0.6666666666666666, ""recall"": 0.6666666666666666, ""retained_support"": 3, ""support"": 3, ""true_positive"": 2}, {""abstention_count"": 0, ""f1"": 1.0, ""false_negative"": 0, ""false_positive"": 0, ""label"": 2, ""precision"": 1.0, ""recall"": 1.0, ""retained_support"": 1, ""support"": 1, ""true_positive"": 1}]",retained_only,not_requested,,,
b16_lr1e-3,passed,3,1,30042,30042,inception_full,raw,168.47939820203464,115,30,145,3590,0.5,0.41269841269841273,0.5,0.4666666666666666,0.5,0.41269841269841273,0,1.7871052202976399,0.7161389758500096,0.3208072974450427,0.0,0.0,0.0,1.0,6,6,0,"[[0, 2, 0], [0, 2, 0], [0, 1, 1]]","[0, 1, 2]","[{""f1"": 0.0, ""label"": 0, ""precision"": 0.0, ""recall"": 0.0, ""support"": 2}, {""f1"": 0.5714285714285714, ""label"": 1, ""precision"": 0.4, ""recall"": 1.0, ""support"": 2}, {""f1"": 0.6666666666666666, ""label"": 2, ""precision"": 1.0, ""recall"": 0.5, ""support"": 2}]","[[0, 0], [1, 0], [2, 0]]","[{""abstention_count"": 0, ""f1"": 0.0, ""false_negative"": 2, ""false_positive"": 0, ""label"": 0, ""precision"": 0.0, ""recall"": 0.0, ""retained_support"": 2, ""support"": 2, ""true_positive"": 0}, {""abstention_count"": 0, ""f1"": 0.5714285714285715, ""false_negative"": 0, ""false_positive"": 3, ""label"": 1, ""precision"": 0.4, ""recall"": 1.0, ""retained_support"": 2, ""support"": 2, ""true_positive"": 2}, {""abstention_count"": 0, ""f1"": 0.6666666666666666, ""false_negative"": 1, ""false_positive"": 0, ""label"": 2, ""precision"": 1.0, ""recall"": 0.5, ""retained_support"": 2, ""support"": 2, ""true_positive"": 1}]",retained_only,not_requested,,,
b16_lr1e-3,passed,3,2,30042,30042,inception_full,raw,169.1403107389924,115,30,145,3595,0.8333333333333334,0.8222222222222223,0.8333333333333334,0.8888888888888888,0.8333333333333334,0.8222222222222223,0,0.4523867193030758,0.27665676836250913,0.14038662097389845,1.0,0.5,0.6666666666666666,1.0,6,6,0,"[[1, 1, 0], [0, 2, 0], [0, 0, 2]]","[0, 1, 2]","[{""f1"": 0.6666666666666666, ""label"": 0, ""precision"": 1.0, ""recall"": 0.5, ""support"": 2}, {""f1"": 0.8, ""label"": 1, ""precision"": 0.6666666666666666, ""recall"": 1.0, ""support"": 2}, {""f1"": 1.0, ""label"": 2, ""precision"": 1.0, ""recall"": 1.0, ""support"": 2}]","[[0, 0], [1, 0], [2, 0]]","[{""abstention_count"": 0, ""f1"": 0.6666666666666666, ""false_negative"": 1, ""false_positive"": 0, ""label"": 0, ""precision"": 1.0, ""recall"": 0.5, ""retained_support"": 2, ""support"": 2, ""true_positive"": 1}, {""abstention_count"": 0, ""f1"": 0.8, ""false_negative"": 0, ""false_positive"": 1, ""label"": 1, ""precision"": 0.6666666666666666, ""recall"": 1.0, ""retained_support"": 2, ""support"": 2, ""true_positive"": 2}, {""abstention_count"": 0, ""f1"": 1.0, ""false_negative"": 0, ""false_positive"": 0, ""label"": 2, ""precision"": 1.0, ""recall"": 1.0, ""retained_support"": 2, ""support"": 2, ""true_positive"": 2}]",retained_only,not_requested,,,
b16_lr1e-3,passed,3,3,30042,30042,inception_full,raw,164.87856898503378,115,30,145,3542,0.3333333333333333,0.3333333333333333,0.3333333333333333,0.3333333333333333,0.3333333333333333,0.3333333333333333,0,1.3194064342768843,0.8099559254303746,0.3404762528137777,0.0,0.0,0.0,1.0,6,6,0,"[[1, 1, 0], [1, 0, 1], [0, 1, 1]]","[0, 1, 2]","[{""f1"": 0.5, ""label"": 0, ""precision"": 0.5, ""recall"": 0.5, ""support"": 2}, {""f1"": 0.0, ""label"": 1, ""precision"": 0.0, ""recall"": 0.0, ""support"": 2}, {""f1"": 0.5, ""label"": 2, ""precision"": 0.5, ""recall"": 0.5, ""support"": 2}]","[[0, 0], [1, 0], [2, 0]]","[{""abstention_count"": 0, ""f1"": 0.5, ""false_negative"": 1, ""false_positive"": 1, ""label"": 0, ""precision"": 0.5, ""recall"": 0.5, ""retained_support"": 2, ""support"": 2, ""true_positive"": 1}, {""abstention_count"": 0, ""f1"": 0.0, ""false_negative"": 2, ""false_positive"": 2, ""label"": 1, ""precision"": 0.0, ""recall"": 0.0, ""retained_support"": 2, ""support"": 2, ""true_positive"": 0}, {""abstention_count"": 0, ""f1"": 0.5, ""false_negative"": 1, ""false_positive"": 1, ""label"": 2, ""precision"": 0.5, ""recall"": 0.5, ""retained_support"": 2, ""support"": 2, ""true_positive"": 1}]",retained_only,not_requested,,,
b16_lr1e-3,passed,3,4,30042,30042,inception_full,raw,168.8530253940262,120,25,145,3002,0.6666666666666666,0.6190476190476191,0.6666666666666666,0.5833333333333334,0.6666666666666666,0.6190476190476191,0,0.4406695119340447,0.2712156397611704,0.3354529875309488,0.0,0.0,0.0,1.0,5,5,0,"[[0, 1, 0], [0, 3, 0], [0, 0, 1]]","[0, 1, 2]","[{""f1"": 0.0, ""label"": 0, ""precision"": 0.0, ""recall"": 0.0, ""support"": 1}, {""f1"": 0.8571428571428571, ""label"": 1, ""precision"": 0.75, ""recall"": 1.0, ""support"": 3}, {""f1"": 1.0, ""label"": 2, ""precision"": 1.0, ""recall"": 1.0, ""support"": 1}]","[[0, 0], [1, 0], [2, 0]]","[{""abstention_count"": 0, ""f1"": 0.0, ""false_negative"": 1, ""false_positive"": 0, ""label"": 0, ""precision"": 0.0, ""recall"": 0.0, ""retained_support"": 1, ""support"": 1, ""true_positive"": 0}, {""abstention_count"": 0, ""f1"": 0.8571428571428571, ""false_negative"": 0, ""false_positive"": 1, ""label"": 1, ""precision"": 0.75, ""recall"": 1.0, ""retained_support"": 3, ""support"": 3, ""true_positive"": 3}, {""abstention_count"": 0, ""f1"": 1.0, ""false_negative"": 0, ""false_positive"": 0, ""label"": 2, ""precision"": 1.0, ""recall"": 1.0, ""retained_support"": 1, ""support"": 1, ""true_positive"": 1}]",retained_only,not_requested,,,
b16_lr1e-3,passed,4,0,40042,40042,inception_full,raw,179.95275265199598,115,30,145,3541,0.6666666666666666,0.6666666666666666,0.6666666666666666,0.6666666666666666,0.6666666666666666,0.6666666666666666,0,0.8292217427278267,0.46546308844698264,0.23059751105324672,0.5,0.5,0.5,1.0,6,6,0,"[[1, 1, 0], [1, 1, 0], [0, 0, 2]]","[0, 1, 2]","[{""f1"": 0.5, ""label"": 0, ""precision"": 0.5, ""recall"": 0.5, ""support"": 2}, {""f1"": 0.5, ""label"": 1, ""precision"": 0.5, ""recall"": 0.5, ""support"": 2}, {""f1"": 1.0, ""label"": 2, ""precision"": 1.0, ""recall"": 1.0, ""support"": 2}]","[[0, 0], [1, 0], [2, 0]]","[{""abstention_count"": 0, ""f1"": 0.5, ""false_negative"": 1, ""false_positive"": 1, ""label"": 0, ""precision"": 0.5, ""recall"": 0.5, ""retained_support"": 2, ""support"": 2, ""true_positive"": 1}, {""abstention_count"": 0, ""f1"": 0.5, ""false_negative"": 1, ""false_positive"": 1, ""label"": 1, ""precision"": 0.5, ""recall"": 0.5, ""retained_support"": 2, ""support"": 2, ""true_positive"": 1}, {""abstention_count"": 0, ""f1"": 1.0, ""false_negative"": 0, ""false_positive"": 0, ""label"": 2, ""precision"": 1.0, ""recall"": 1.0, ""retained_support"": 2, ""support"": 2, ""true_positive"": 2}]",retained_only,not_requested,,,
b16_lr1e-3,passed,4,1,40042,40042,inception_full,raw,169.60122587298974,115,30,145,3606,0.4444444444444444,0.35555555555555557,0.4444444444444444,0.3333333333333333,0.4444444444444444,0.35555555555555557,0,1.153221420898617,0.5821539765427458,0.43916640703019755,0.0,0.0,0.0,1.0,6,6,0,"[[2, 0, 0], [2, 1, 0], [0, 1, 0]]","[0, 1, 2]","[{""f1"": 0.6666666666666666, ""label"": 0, ""precision"": 0.5, ""recall"": 1.0, ""support"": 2}, {""f1"": 0.4, ""label"": 1, ""precision"": 0.5, ""recall"": 0.3333333333333333, ""support"": 3}, {""f1"": 0.0, ""label"": 2, ""precision"": 0.0, ""recall"": 0.0, ""support"": 1}]","[[0, 0], [1, 0], [2, 0]]","[{""abstention_count"": 0, ""f1"": 0.6666666666666666, ""false_negative"": 0, ""false_positive"": 2, ""label"": 0, ""precision"": 0.5, ""recall"": 1.0, ""retained_support"": 2, ""support"": 2, ""true_positive"": 2}, {""abstention_count"": 0, ""f1"": 0.4, ""false_negative"": 2, ""false_positive"": 1, ""label"": 1, ""precision"": 0.5, ""recall"": 0.3333333333333333, ""retained_support"": 3, ""support"": 3, ""true_positive"": 1}, {""abstention_count"": 0, ""f1"": 0.0, ""false_negative"": 1, ""false_positive"": 0, ""label"": 2, ""precision"": 0.0, ""recall"": 0.0, ""retained_support"": 1, ""support"": 1, ""true_positive"": 0}]",retained_only,not_requested,,,
b16_lr1e-3,passed,4,2,40042,40042,inception_full,raw,156.83251271001063,115,30,145,3609,0.7222222222222222,0.7222222222222222,0.7222222222222222,0.7222222222222222,0.7222222222222222,0.7222222222222222,0,0.9318244760243662,0.5606788394247025,0.2908429538799487,0.5,0.5,0.5,1.0,6,6,0,"[[1, 1, 0], [1, 2, 0], [0, 0, 1]]","[0, 1, 2]","[{""f1"": 0.5, ""label"": 0, ""precision"": 0.5, ""recall"": 0.5, ""support"": 2}, {""f1"": 0.6666666666666666, ""label"": 1, ""precision"": 0.6666666666666666, ""recall"": 0.6666666666666666, ""support"": 3}, {""f1"": 1.0, ""label"": 2, ""precision"": 1.0, ""recall"": 1.0, ""support"": 1}]","[[0, 0], [1, 0], [2, 0]]","[{""abstention_count"": 0, ""f1"": 0.5, ""false_negative"": 1, ""false_positive"": 1, ""label"": 0, ""precision"": 0.5, ""recall"": 0.5, ""retained_support"": 2, ""support"": 2, ""true_positive"": 1}, {""abstention_count"": 0, ""f1"": 0.6666666666666666, ""false_negative"": 1, ""false_positive"": 1, ""label"": 1, ""precision"": 0.6666666666666666, ""recall"": 0.6666666666666666, ""retained_support"": 3, ""support"": 3, ""true_positive"": 2}, {""abstention_count"": 0, ""f1"": 1.0, ""false_negative"": 0, ""false_positive"": 0, ""label"": 2, ""precision"": 1.0, ""recall"": 1.0, ""retained_support"": 1, ""support"": 1, ""true_positive"": 1}]",retained_only,not_requested,,,
b16_lr1e-3,passed,4,3,40042,40042,inception_full,raw,161.53530360601144,120,25,145,2993,0.5,0.4444444444444444,0.5,0.5,0.5,0.4444444444444444,0,0.9671000646874932,0.6028534905686813,0.2766240903384571,0.0,0.0,0.0,1.0,5,5,0,"[[0, 1, 0], [0, 2, 0], [0, 1, 1]]","[0, 1, 2]","[{""f1"": 0.0, ""label"": 0, ""precision"": 0.0, ""recall"": 0.0, ""support"": 1}, {""f1"": 0.6666666666666666, ""label"": 1, ""precision"": 0.5, ""recall"": 1.0, ""support"": 2}, {""f1"": 0.6666666666666666, ""label"": 2, ""precision"": 1.0, ""recall"": 0.5, ""support"": 2}]","[[0, 0], [1, 0], [2, 0]]","[{""abstention_count"": 0, ""f1"": 0.0, ""false_negative"": 1, ""false_positive"": 0, ""label"": 0, ""precision"": 0.0, ""recall"": 0.0, ""retained_support"": 1, ""support"": 1, ""true_positive"": 0}, {""abstention_count"": 0, ""f1"": 0.6666666666666666, ""false_negative"": 0, ""false_positive"": 2, ""label"": 1, ""precision"": 0.5, ""recall"": 1.0, ""retained_support"": 2, ""support"": 2, ""true_positive"": 2}, {""abstention_count"": 0, ""f1"": 0.6666666666666666, ""false_negative"": 1, ""false_positive"": 0, ""label"": 2, ""precision"": 1.0, ""recall"": 0.5, ""retained_support"": 2, ""support"": 2, ""true_positive"": 1}]",retained_only,not_requested,,,
b16_lr1e-3,passed,4,4,40042,40042,inception_full,raw,157.88994278101018,115,30,145,3584,0.5,0.41269841269841273,0.5,0.4666666666666666,0.5,0.41269841269841273,0,1.2116464576580706,0.7459548618892461,0.4392338552948337,0.0,0.0,0.0,1.0,6,6,0,"[[0, 2, 0], [0, 2, 0], [0, 1, 1]]","[0, 1, 2]","[{""f1"": 0.0, ""label"": 0, ""precision"": 0.0, ""recall"": 0.0, ""support"": 2}, {""f1"": 0.5714285714285714, ""label"": 1, ""precision"": 0.4, ""recall"": 1.0, ""support"": 2}, {""f1"": 0.6666666666666666, ""label"": 2, ""precision"": 1.0, ""recall"": 0.5, ""support"": 2}]","[[0, 0], [1, 0], [2, 0]]","[{""abstention_count"": 0, ""f1"": 0.0, ""false_negative"": 2, ""false_positive"": 0, ""label"": 0, ""precision"": 0.0, ""recall"": 0.0, ""retained_support"": 2, ""support"": 2, ""true_positive"": 0}, {""abstention_count"": 0, ""f1"": 0.5714285714285715, ""false_negative"": 0, ""false_positive"": 3, ""label"": 1, ""precision"": 0.4, ""recall"": 1.0, ""retained_support"": 2, ""support"": 2, ""true_positive"": 2}, {""abstention_count"": 0, ""f1"": 0.6666666666666666, ""false_negative"": 1, ""false_positive"": 0, ""label"": 2, ""precision"": 1.0, ""recall"": 0.5, ""retained_support"": 2, ""support"": 2, ""true_positive"": 1}]",retained_only,not_requested,,,
b32_lr3e-4,passed,0,0,42,42,inception_full,raw,118.56689297000412,115,30,145,3596,0.3333333333333333,0.27777777777777773,0.3333333333333333,0.25,0.3333333333333333,0.27777777777777773,0,1.408706388335531,0.8194159030361483,0.22230132521309545,0.0,0.0,0.0,1.0,6,6,0,"[[1, 0, 1], [0, 0, 2], [1, 0, 1]]","[0, 1, 2]","[{""f1"": 0.5, ""label"": 0, ""precision"": 0.5, ""recall"": 0.5, ""support"": 2}, {""f1"": 0.0, ""label"": 1, ""precision"": 0.0, ""recall"": 0.0, ""support"": 2}, {""f1"": 0.3333333333333333, ""label"": 2, ""precision"": 0.25, ""recall"": 0.5, ""support"": 2}]","[[0, 0], [1, 0], [2, 0]]","[{""abstention_count"": 0, ""f1"": 0.5, ""false_negative"": 1, ""false_positive"": 1, ""label"": 0, ""precision"": 0.5, ""recall"": 0.5, ""retained_support"": 2, ""support"": 2, ""true_positive"": 1}, {""abstention_count"": 0, ""f1"": 0.0, ""false_negative"": 2, ""false_positive"": 0, ""label"": 1, ""precision"": 0.0, ""recall"": 0.0, ""retained_support"": 2, ""support"": 2, ""true_positive"": 0}, {""abstention_count"": 0, ""f1"": 0.3333333333333333, ""false_negative"": 1, ""false_positive"": 3, ""label"": 2, ""precision"": 0.25, ""recall"": 0.5, ""retained_support"": 2, ""support"": 2, ""true_positive"": 1}]",retained_only,not_requested,,,
b32_lr3e-4,passed,0,1,42,42,inception_full,raw,121.86571090295911,115,30,145,3544,0.7777777777777777,0.7222222222222222,0.7777777777777777,0.8333333333333334,0.7777777777777777,0.7222222222222222,0,1.0127880726420735,0.4460779176737319,0.28561042471860054,1.0,0.3333333333333333,0.5,1.0,6,6,0,"[[2, 0, 0], [2, 1, 0], [0, 0, 1]]","[0, 1, 2]","[{""f1"": 0.6666666666666666, ""label"": 0, ""precision"": 0.5, ""recall"": 1.0, ""support"": 2}, {""f1"": 0.5, ""label"": 1, ""precision"": 1.0, ""recall"": 0.3333333333333333, ""support"": 3}, {""f1"": 1.0, ""label"": 2, ""precision"": 1.0, ""recall"": 1.0, ""support"": 1}]","[[0, 0], [1, 0], [2, 0]]","[{""abstention_count"": 0, ""f1"": 0.6666666666666666, ""false_negative"": 0, ""false_positive"": 2, ""label"": 0, ""precision"": 0.5, ""recall"": 1.0, ""retained_support"": 2, ""support"": 2, ""true_positive"": 2}, {""abstention_count"": 0, ""f1"": 0.5, ""false_negative"": 2, ""false_positive"": 0, ""label"": 1, ""precision"": 1.0, ""recall"": 0.3333333333333333, ""retained_support"": 3, ""support"": 3, ""true_positive"": 1}, {""abstention_count"": 0, ""f1"": 1.0, ""false_negative"": 0, ""false_positive"": 0, ""label"": 2, ""precision"": 1.0, ""recall"": 1.0, ""retained_support"": 1, ""support"": 1, ""true_positive"": 1}]",retained_only,not_requested,,,
b32_lr3e-4,passed,0,2,42,42,inception_full,raw,122.55642033898039,115,30,145,3607,0.5,0.4000000000000001,0.5,0.3333333333333333,0.5,0.4000000000000001,0,1.1631302825759087,0.6366309349350111,0.38646560814813313,0.0,0.0,0.0,1.0,6,6,0,"[[0, 2, 0], [0, 1, 1], [0, 0, 2]]","[0, 1, 2]","[{""f1"": 0.0, ""label"": 0, ""precision"": 0.0, ""recall"": 0.0, ""support"": 2}, {""f1"": 0.4, ""label"": 1, ""precision"": 0.3333333333333333, ""recall"": 0.5, ""support"": 2}, {""f1"": 0.8, ""label"": 2, ""precision"": 0.6666666666666666, ""recall"": 1.0, ""support"": 2}]","[[0, 0], [1, 0], [2, 0]]","[{""abstention_count"": 0, ""f1"": 0.0, ""false_negative"": 2, ""false_positive"": 0, ""label"": 0, ""precision"": 0.0, ""recall"": 0.0, ""retained_support"": 2, ""support"": 2, ""true_positive"": 0}, {""abstention_count"": 0, ""f1"": 0.4, ""false_negative"": 1, ""false_positive"": 2, ""label"": 1, ""precision"": 0.3333333333333333, ""recall"": 0.5, ""retained_support"": 2, ""support"": 2, ""true_positive"": 1}, {""abstention_count"": 0, ""f1"": 0.8, ""false_negative"": 0, ""false_positive"": 1, ""label"": 2, ""precision"": 0.6666666666666666, ""recall"": 1.0, ""retained_support"": 2, ""support"": 2, ""true_positive"": 2}]",retained_only,not_requested,,,
b32_lr3e-4,passed,0,3,42,42,inception_full,raw,120.98691573098768,115,30,145,3591,0.6666666666666666,0.6555555555555556,0.6666666666666666,0.7222222222222222,0.6666666666666666,0.6555555555555556,0,0.47926445636765314,0.28789362589694095,0.32037705509978015,0.5,0.5,0.5,1.0,6,6,0,"[[1, 1, 0], [0, 1, 1], [0, 0, 2]]","[0, 1, 2]","[{""f1"": 0.6666666666666666, ""label"": 0, ""precision"": 1.0, ""recall"": 0.5, ""support"": 2}, {""f1"": 0.5, ""label"": 1, ""precision"": 0.5, ""recall"": 0.5, ""support"": 2}, {""f1"": 0.8, ""label"": 2, ""precision"": 0.6666666666666666, ""recall"": 1.0, ""support"": 2}]","[[0, 0], [1, 0], [2, 0]]","[{""abstention_count"": 0, ""f1"": 0.6666666666666666, ""false_negative"": 1, ""false_positive"": 0, ""label"": 0, ""precision"": 1.0, ""recall"": 0.5, ""retained_support"": 2, ""support"": 2, ""true_positive"": 1}, {""abstention_count"": 0, ""f1"": 0.5, ""false_negative"": 1, ""false_positive"": 1, ""label"": 1, ""precision"": 0.5, ""recall"": 0.5, ""retained_support"": 2, ""support"": 2, ""true_positive"": 1}, {""abstention_count"": 0, ""f1"": 0.8, ""false_negative"": 0, ""false_positive"": 1, ""label"": 2, ""precision"": 0.6666666666666666, ""recall"": 1.0, ""retained_support"": 2, ""support"": 2, ""true_positive"": 2}]",retained_only,not_requested,,,
b32_lr3e-4,passed,0,4,42,42,inception_full,raw,125.122214825009,120,25,145,2995,0.3333333333333333,0.16666666666666666,0.3333333333333333,0.1111111111111111,0.3333333333333333,0.16666666666666666,0,2.62781655198731,1.2207391967442631,0.6422400072632569,0.0,0.0,0.0,1.0,5,5,0,"[[1, 0, 0], [2, 0, 1], [0, 1, 0]]","[0, 1, 2]","[{""f1"": 0.5, ""label"": 0, ""precision"": 0.3333333333333333, ""recall"": 1.0, ""support"": 1}, {""f1"": 0.0, ""label"": 1, ""precision"": 0.0, ""recall"": 0.0, ""support"": 3}, {""f1"": 0.0, ""label"": 2, ""precision"": 0.0, ""recall"": 0.0, ""support"": 1}]","[[0, 0], [1, 0], [2, 0]]","[{""abstention_count"": 0, ""f1"": 0.5, ""false_negative"": 0, ""false_positive"": 2, ""label"": 0, ""precision"": 0.3333333333333333, ""recall"": 1.0, ""retained_support"": 1, ""support"": 1, ""true_positive"": 1}, {""abstention_count"": 0, ""f1"": 0.0, ""false_negative"": 3, ""false_positive"": 1, ""label"": 1, ""precision"": 0.0, ""recall"": 0.0, ""retained_support"": 3, ""support"": 3, ""true_positive"": 0}, {""abstention_count"": 0, ""f1"": 0.0, ""false_negative"": 1, ""false_positive"": 1, ""label"": 2, ""precision"": 0.0, ""recall"": 0.0, ""retained_support"": 1, ""support"": 1, ""true_positive"": 0}]",retained_only,not_requested,,,
b32_lr3e-4,passed,1,0,10042,10042,inception_full,raw,120.17202220798936,110,35,145,4195,0.5,0.41904761904761906,0.5,0.3611111111111111,0.5,0.41904761904761906,0,1.495744324107624,0.631166888453361,0.1620306001083278,0.0,0.0,0.0,1.0,7,7,0,"[[1, 1, 0], [0, 3, 0], [2, 0, 0]]","[0, 1, 2]","[{""f1"": 0.4, ""label"": 0, ""precision"": 0.3333333333333333, ""recall"": 0.5, ""support"": 2}, {""f1"": 0.8571428571428571, ""label"": 1, ""precision"": 0.75, ""recall"": 1.0, ""support"": 3}, {""f1"": 0.0, ""label"": 2, ""precision"": 0.0, ""recall"": 0.0, ""support"": 2}]","[[0, 0], [1, 0], [2, 0]]","[{""abstention_count"": 0, ""f1"": 0.4, ""false_negative"": 1, ""false_positive"": 2, ""label"": 0, ""precision"": 0.3333333333333333, ""recall"": 0.5, ""retained_support"": 2, ""support"": 2, ""true_positive"": 1}, {""abstention_count"": 0, ""f1"": 0.8571428571428571, ""false_negative"": 0, ""false_positive"": 1, ""label"": 1, ""precision"": 0.75, ""recall"": 1.0, ""retained_support"": 3, ""support"": 3, ""true_positive"": 3}, {""abstention_count"": 0, ""f1"": 0.0, ""false_negative"": 2, ""false_positive"": 0, ""label"": 2, ""precision"": 0.0, ""recall"": 0.0, ""retained_support"": 2, ""support"": 2, ""true_positive"": 0}]",retained_only,not_requested,,,
b32_lr3e-4,passed,1,1,10042,10042,inception_full,raw,118.93168936501024,115,30,145,3539,0.611111111111111,0.5222222222222223,0.611111111111111,0.5,0.611111111111111,0.5222222222222223,0,1.0114021851846882,0.5735169258866747,0.2758508105157788,0.5,0.3333333333333333,0.4,1.0,6,6,0,"[[1, 0, 0], [1, 1, 1], [0, 1, 1]]","[0, 1, 2]","[{""f1"": 0.6666666666666666, ""label"": 0, ""precision"": 0.5, ""recall"": 1.0, ""support"": 1}, {""f1"": 0.4, ""label"": 1, ""precision"": 0.5, ""recall"": 0.3333333333333333, ""support"": 3}, {""f1"": 0.5, ""label"": 2, ""precision"": 0.5, ""recall"": 0.5, ""support"": 2}]","[[0, 0], [1, 0], [2, 0]]","[{""abstention_count"": 0, ""f1"": 0.6666666666666666, ""false_negative"": 0, ""false_positive"": 1, ""label"": 0, ""precision"": 0.5, ""recall"": 1.0, ""retained_support"": 1, ""support"": 1, ""true_positive"": 1}, {""abstention_count"": 0, ""f1"": 0.4, ""false_negative"": 2, ""false_positive"": 1, ""label"": 1, ""precision"": 0.5, ""recall"": 0.3333333333333333, ""retained_support"": 3, ""support"": 3, ""true_positive"": 1}, {""abstention_count"": 0, ""f1"": 0.5, ""false_negative"": 1, ""false_positive"": 1, ""label"": 2, ""precision"": 0.5, ""recall"": 0.5, ""retained_support"": 2, ""support"": 2, ""true_positive"": 1}]",retained_only,not_requested,,,
b32_lr3e-4,passed,1,2,10042,10042,inception_full,raw,117.79262296599336,115,30,145,3602,0.5,0.5222222222222223,0.5,0.611111111111111,0.5,0.5222222222222223,0,1.4894164811605553,0.6419784063562887,0.24305274515941147,0.3333333333333333,0.5,0.4,1.0,6,6,0,"[[1, 1, 0], [1, 1, 0], [0, 1, 1]]","[0, 1, 2]","[{""f1"": 0.5, ""label"": 0, ""precision"": 0.5, ""recall"": 0.5, ""support"": 2}, {""f1"": 0.4, ""label"": 1, ""precision"": 0.3333333333333333, ""recall"": 0.5, ""support"": 2}, {""f1"": 0.6666666666666666, ""label"": 2, ""precision"": 1.0, ""recall"": 0.5, ""support"": 2}]","[[0, 0], [1, 0], [2, 0]]","[{""abstention_count"": 0, ""f1"": 0.5, ""false_negative"": 1, ""false_positive"": 1, ""label"": 0, ""precision"": 0.5, ""recall"": 0.5, ""retained_support"": 2, ""support"": 2, ""true_positive"": 1}, {""abstention_count"": 0, ""f1"": 0.4, ""false_negative"": 1, ""false_positive"": 2, ""label"": 1, ""precision"": 0.3333333333333333, ""recall"": 0.5, ""retained_support"": 2, ""support"": 2, ""true_positive"": 1}, {""abstention_count"": 0, ""f1"": 0.6666666666666666, ""false_negative"": 1, ""false_positive"": 0, ""label"": 2, ""precision"": 1.0, ""recall"": 0.5, ""retained_support"": 2, ""support"": 2, ""true_positive"": 1}]",retained_only,not_requested,,,
b32_lr3e-4,passed,1,3,10042,10042,inception_full,raw,120.03211881103925,120,25,145,2999,0.3333333333333333,0.19047619047619047,0.3333333333333333,0.13333333333333333,0.3333333333333333,0.1904761904761905,0,1.248152689140241,0.80955055026947,0.5093592450547353,0.0,0.0,0.0,1.0,5,5,0,"[[0, 2, 0], [0, 2, 0], [0, 1, 0]]","[0, 1, 2]","[{""f1"": 0.0, ""label"": 0, ""precision"": 0.0, ""recall"": 0.0, ""support"": 2}, {""f1"": 0.5714285714285714, ""label"": 1, ""precision"": 0.4, ""recall"": 1.0, ""support"": 2}, {""f1"": 0.0, ""label"": 2, ""precision"": 0.0, ""recall"": 0.0, ""support"": 1}]","[[0, 0], [1, 0], [2, 0]]","[{""abstention_count"": 0, ""f1"": 0.0, ""false_negative"": 2, ""false_positive"": 0, ""label"": 0, ""precision"": 0.0, ""recall"": 0.0, ""retained_support"": 2, ""support"": 2, ""true_positive"": 0}, {""abstention_count"": 0, ""f1"": 0.5714285714285715, ""false_negative"": 0, ""false_positive"": 3, ""label"": 1, ""precision"": 0.4, ""recall"": 1.0, ""retained_support"": 2, ""support"": 2, ""true_positive"": 2}, {""abstention_count"": 0, ""f1"": 0.0, ""false_negative"": 1, ""false_positive"": 0, ""label"": 2, ""precision"": 0.0, ""recall"": 0.0, ""retained_support"": 1, ""support"": 1, ""true_positive"": 0}]",retained_only,not_requested,,,
b32_lr3e-4,passed,1,4,10042,10042,inception_full,raw,120.589547562995,120,25,145,2998,0.6666666666666666,0.5555555555555555,0.6666666666666666,0.5,0.6666666666666666,0.5555555555555555,0,1.05066449055254,0.5523394037028688,0.12782732449844864,0.0,0.0,0.0,1.0,5,5,0,"[[2, 0, 0], [2, 0, 0], [0, 0, 1]]","[0, 1, 2]","[{""f1"": 0.6666666666666666, ""label"": 0, ""precision"": 0.5, ""recall"": 1.0, ""support"": 2}, {""f1"": 0.0, ""label"": 1, ""precision"": 0.0, ""recall"": 0.0, ""support"": 2}, {""f1"": 1.0, ""label"": 2, ""precision"": 1.0, ""recall"": 1.0, ""support"": 1}]","[[0, 0], [1, 0], [2, 0]]","[{""abstention_count"": 0, ""f1"": 0.6666666666666666, ""false_negative"": 0, ""false_positive"": 2, ""label"": 0, ""precision"": 0.5, ""recall"": 1.0, ""retained_support"": 2, ""support"": 2, ""true_positive"": 2}, {""abstention_count"": 0, ""f1"": 0.0, ""false_negative"": 2, ""false_positive"": 0, ""label"": 1, ""precision"": 0.0, ""recall"": 0.0, ""retained_support"": 2, ""support"": 2, ""true_positive"": 0}, {""abstention_count"": 0, ""f1"": 1.0, ""false_negative"": 0, ""false_positive"": 0, ""label"": 2, ""precision"": 1.0, ""recall"": 1.0, ""retained_support"": 1, ""support"": 1, ""true_positive"": 1}]",retained_only,not_requested,,,
b32_lr3e-4,passed,2,0,20042,20042,inception_full,raw,115.72403431701241,115,30,145,3601,0.7777777777777777,0.6666666666666666,0.7777777777777777,0.7777777777777778,0.7777777777777777,0.6666666666666666,0,0.9941185464294722,0.6212118416889897,0.4424196325458139,1.0,0.3333333333333333,0.5,1.0,6,6,0,"[[2, 0, 0], [0, 1, 2], [0, 0, 1]]","[0, 1, 2]","[{""f1"": 1.0, ""label"": 0, ""precision"": 1.0, ""recall"": 1.0, ""support"": 2}, {""f1"": 0.5, ""label"": 1, ""precision"": 1.0, ""recall"": 0.3333333333333333, ""support"": 3}, {""f1"": 0.5, ""label"": 2, ""precision"": 0.3333333333333333, ""recall"": 1.0, ""support"": 1}]","[[0, 0], [1, 0], [2, 0]]","[{""abstention_count"": 0, ""f1"": 1.0, ""false_negative"": 0, ""false_positive"": 0, ""label"": 0, ""precision"": 1.0, ""recall"": 1.0, ""retained_support"": 2, ""support"": 2, ""true_positive"": 2}, {""abstention_count"": 0, ""f1"": 0.5, ""false_negative"": 2, ""false_positive"": 0, ""label"": 1, ""precision"": 1.0, ""recall"": 0.3333333333333333, ""retained_support"": 3, ""support"": 3, ""true_positive"": 1}, {""abstention_count"": 0, ""f1"": 0.5, ""false_negative"": 0, ""false_positive"": 2, ""label"": 2, ""precision"": 0.3333333333333333, ""recall"": 1.0, ""retained_support"": 1, ""support"": 1, ""true_positive"": 1}]",retained_only,not_requested,,,
b32_lr3e-4,passed,2,1,20042,20042,inception_full,raw,115.56867288897047,115,30,145,3605,0.6666666666666666,0.5333333333333333,0.6666666666666666,0.4444444444444444,0.6666666666666666,0.5333333333333333,0,0.7762869924263605,0.48442534084940014,0.22113835611522706,0.0,0.0,0.0,1.0,6,6,0,"[[2, 0, 0], [1, 0, 1], [0, 0, 2]]","[0, 1, 2]","[{""f1"": 0.8, ""label"": 0, ""precision"": 0.6666666666666666, ""recall"": 1.0, ""support"": 2}, {""f1"": 0.0, ""label"": 1, ""precision"": 0.0, ""recall"": 0.0, ""support"": 2}, {""f1"": 0.8, ""label"": 2, ""precision"": 0.6666666666666666, ""recall"": 1.0, ""support"": 2}]","[[0, 0], [1, 0], [2, 0]]","[{""abstention_count"": 0, ""f1"": 0.8, ""false_negative"": 0, ""false_positive"": 1, ""label"": 0, ""precision"": 0.6666666666666666, ""recall"": 1.0, ""retained_support"": 2, ""support"": 2, ""true_positive"": 2}, {""abstention_count"": 0, ""f1"": 0.0, ""false_negative"": 2, ""false_positive"": 0, ""label"": 1, ""precision"": 0.0, ""recall"": 0.0, ""retained_support"": 2, ""support"": 2, ""true_positive"": 0}, {""abstention_count"": 0, ""f1"": 0.8, ""false_negative"": 0, ""false_positive"": 1, ""label"": 2, ""precision"": 0.6666666666666666, ""recall"": 1.0, ""retained_support"": 2, ""support"": 2, ""true_positive"": 2}]",retained_only,not_requested,,,
b32_lr3e-4,passed,2,2,20042,20042,inception_full,raw,116.34521431702888,115,30,145,3540,0.5,0.3333333333333333,0.5,0.27777777777777773,0.5,0.3333333333333333,0,2.3173970777891943,1.0397494231721958,0.4584040225896181,0.0,0.0,0.0,1.0,6,6,0,"[[1, 0, 0], [2, 0, 1], [0, 1, 1]]","[0, 1, 2]","[{""f1"": 0.5, ""label"": 0, ""precision"": 0.3333333333333333, ""recall"": 1.0, ""support"": 1}, {""f1"": 0.0, ""label"": 1, ""precision"": 0.0, ""recall"": 0.0, ""support"": 3}, {""f1"": 0.5, ""label"": 2, ""precision"": 0.5, ""recall"": 0.5, ""support"": 2}]","[[0, 0], [1, 0], [2, 0]]","[{""abstention_count"": 0, ""f1"": 0.5, ""false_negative"": 0, ""false_positive"": 2, ""label"": 0, ""precision"": 0.3333333333333333, ""recall"": 1.0, ""retained_support"": 1, ""support"": 1, ""true_positive"": 1}, {""abstention_count"": 0, ""f1"": 0.0, ""false_negative"": 3, ""false_positive"": 1, ""label"": 1, ""precision"": 0.0, ""recall"": 0.0, ""retained_support"": 3, ""support"": 3, ""true_positive"": 0}, {""abstention_count"": 0, ""f1"": 0.5, ""false_negative"": 1, ""false_positive"": 1, ""label"": 2, ""precision"": 0.5, ""recall"": 0.5, ""retained_support"": 2, ""support"": 2, ""true_positive"": 1}]",retained_only,not_requested,,,
b32_lr3e-4,passed,2,3,20042,20042,inception_full,raw,115.62779535300797,115,30,145,3592,0.6666666666666666,0.5555555555555555,0.6666666666666666,0.5,0.6666666666666666,0.5555555555555555,0,1.5803107976414221,0.5088543921353987,0.251435880741726,0.0,0.0,0.0,1.0,6,6,0,"[[2, 0, 0], [0, 2, 0], [2, 0, 0]]","[0, 1, 2]","[{""f1"": 0.6666666666666666, ""label"": 0, ""precision"": 0.5, ""recall"": 1.0, ""support"": 2}, {""f1"": 1.0, ""label"": 1, ""precision"": 1.0, ""recall"": 1.0, ""support"": 2}, {""f1"": 0.0, ""label"": 2, ""precision"": 0.0, ""recall"": 0.0, ""support"": 2}]","[[0, 0], [1, 0], [2, 0]]","[{""abstention_count"": 0, ""f1"": 0.6666666666666666, ""false_negative"": 0, ""false_positive"": 2, ""label"": 0, ""precision"": 0.5, ""recall"": 1.0, ""retained_support"": 2, ""support"": 2, ""true_positive"": 2}, {""abstention_count"": 0, ""f1"": 1.0, ""false_negative"": 0, ""false_positive"": 0, ""label"": 1, ""precision"": 1.0, ""recall"": 1.0, ""retained_support"": 2, ""support"": 2, ""true_positive"": 2}, {""abstention_count"": 0, ""f1"": 0.0, ""false_negative"": 2, ""false_positive"": 0, ""label"": 2, ""precision"": 0.0, ""recall"": 0.0, ""retained_support"": 2, ""support"": 2, ""true_positive"": 0}]",retained_only,not_requested,,,
b32_lr3e-4,passed,2,4,20042,20042,inception_full,raw,119.11977234698134,120,25,145,2995,0.3333333333333333,0.19047619047619047,0.3333333333333333,0.13333333333333333,0.3333333333333333,0.1904761904761905,0,1.0380779529288509,0.7616989821376671,0.5033402736306863,0.0,0.0,0.0,1.0,5,5,0,"[[0, 2, 0], [0, 2, 0], [0, 1, 0]]","[0, 1, 2]","[{""f1"": 0.0, ""label"": 0, ""precision"": 0.0, ""recall"": 0.0, ""support"": 2}, {""f1"": 0.5714285714285714, ""label"": 1, ""precision"": 0.4, ""recall"": 1.0, ""support"": 2}, {""f1"": 0.0, ""label"": 2, ""precision"": 0.0, ""recall"": 0.0, ""support"": 1}]","[[0, 0], [1, 0], [2, 0]]","[{""abstention_count"": 0, ""f1"": 0.0, ""false_negative"": 2, ""false_positive"": 0, ""label"": 0, ""precision"": 0.0, ""recall"": 0.0, ""retained_support"": 2, ""support"": 2, ""true_positive"": 0}, {""abstention_count"": 0, ""f1"": 0.5714285714285715, ""false_negative"": 0, ""false_positive"": 3, ""label"": 1, ""precision"": 0.4, ""recall"": 1.0, ""retained_support"": 2, ""support"": 2, ""true_positive"": 2}, {""abstention_count"": 0, ""f1"": 0.0, ""false_negative"": 1, ""false_positive"": 0, ""label"": 2, ""precision"": 0.0, ""recall"": 0.0, ""retained_support"": 1, ""support"": 1, ""true_positive"": 0}]",retained_only,not_requested,,,
b32_lr3e-4,passed,3,0,30042,30042,inception_full,raw,115.55893747298978,115,30,145,3604,0.7222222222222222,0.7222222222222222,0.7222222222222222,0.7222222222222222,0.7222222222222222,0.7222222222222222,0,0.8826206278732002,0.5287345345658206,0.29059725541488124,0.5,0.5,0.5,1.0,6,6,0,"[[1, 1, 0], [1, 2, 0], [0, 0, 1]]","[0, 1, 2]","[{""f1"": 0.5, ""label"": 0, ""precision"": 0.5, ""recall"": 0.5, ""support"": 2}, {""f1"": 0.6666666666666666, ""label"": 1, ""precision"": 0.6666666666666666, ""recall"": 0.6666666666666666, ""support"": 3}, {""f1"": 1.0, ""label"": 2, ""precision"": 1.0, ""recall"": 1.0, ""support"": 1}]","[[0, 0], [1, 0], [2, 0]]","[{""abstention_count"": 0, ""f1"": 0.5, ""false_negative"": 1, ""false_positive"": 1, ""label"": 0, ""precision"": 0.5, ""recall"": 0.5, ""retained_support"": 2, ""support"": 2, ""true_positive"": 1}, {""abstention_count"": 0, ""f1"": 0.6666666666666666, ""false_negative"": 1, ""false_positive"": 1, ""label"": 1, ""precision"": 0.6666666666666666, ""recall"": 0.6666666666666666, ""retained_support"": 3, ""support"": 3, ""true_positive"": 2}, {""abstention_count"": 0, ""f1"": 1.0, ""false_negative"": 0, ""false_positive"": 0, ""label"": 2, ""precision"": 1.0, ""recall"": 1.0, ""retained_support"": 1, ""support"": 1, ""true_positive"": 1}]",retained_only,not_requested,,,
b32_lr3e-4,passed,3,1,30042,30042,inception_full,raw,116.9251212250092,115,30,145,3590,0.5,0.41269841269841273,0.5,0.4666666666666666,0.5,0.41269841269841273,0,1.718087562280776,0.854655513113979,0.3753232860621432,0.0,0.0,0.0,1.0,6,6,0,"[[0, 2, 0], [0, 2, 0], [0, 1, 1]]","[0, 1, 2]","[{""f1"": 0.0, ""label"": 0, ""precision"": 0.0, ""recall"": 0.0, ""support"": 2}, {""f1"": 0.5714285714285714, ""label"": 1, ""precision"": 0.4, ""recall"": 1.0, ""support"": 2}, {""f1"": 0.6666666666666666, ""label"": 2, ""precision"": 1.0, ""recall"": 0.5, ""support"": 2}]","[[0, 0], [1, 0], [2, 0]]","[{""abstention_count"": 0, ""f1"": 0.0, ""false_negative"": 2, ""false_positive"": 0, ""label"": 0, ""precision"": 0.0, ""recall"": 0.0, ""retained_support"": 2, ""support"": 2, ""true_positive"": 0}, {""abstention_count"": 0, ""f1"": 0.5714285714285715, ""false_negative"": 0, ""false_positive"": 3, ""label"": 1, ""precision"": 0.4, ""recall"": 1.0, ""retained_support"": 2, ""support"": 2, ""true_positive"": 2}, {""abstention_count"": 0, ""f1"": 0.6666666666666666, ""false_negative"": 1, ""false_positive"": 0, ""label"": 2, ""precision"": 1.0, ""recall"": 0.5, ""retained_support"": 2, ""support"": 2, ""true_positive"": 1}]",retained_only,not_requested,,,
b32_lr3e-4,passed,3,2,30042,30042,inception_full,raw,116.94980809098342,115,30,145,3595,0.5,0.38888888888888884,0.5,0.3333333333333333,0.5,0.38888888888888884,0,0.9282081440327619,0.4621068117882365,0.30578609755039415,0.0,0.0,0.0,1.0,6,6,0,"[[0, 1, 1], [0, 1, 1], [0, 0, 2]]","[0, 1, 2]","[{""f1"": 0.0, ""label"": 0, ""precision"": 0.0, ""recall"": 0.0, ""support"": 2}, {""f1"": 0.5, ""label"": 1, ""precision"": 0.5, ""recall"": 0.5, ""support"": 2}, {""f1"": 0.6666666666666666, ""label"": 2, ""precision"": 0.5, ""recall"": 1.0, ""support"": 2}]","[[0, 0], [1, 0], [2, 0]]","[{""abstention_count"": 0, ""f1"": 0.0, ""false_negative"": 2, ""false_positive"": 0, ""label"": 0, ""precision"": 0.0, ""recall"": 0.0, ""retained_support"": 2, ""support"": 2, ""true_positive"": 0}, {""abstention_count"": 0, ""f1"": 0.5, ""false_negative"": 1, ""false_positive"": 1, ""label"": 1, ""precision"": 0.5, ""recall"": 0.5, ""retained_support"": 2, ""support"": 2, ""true_positive"": 1}, {""abstention_count"": 0, ""f1"": 0.6666666666666666, ""false_negative"": 0, ""false_positive"": 2, ""label"": 2, ""precision"": 0.5, ""recall"": 1.0, ""retained_support"": 2, ""support"": 2, ""true_positive"": 2}]",retained_only,not_requested,,,
b32_lr3e-4,passed,3,3,30042,30042,inception_full,raw,116.03283598303096,115,30,145,3542,0.5,0.5222222222222223,0.5,0.611111111111111,0.5,0.5222222222222223,0,1.5076923927362536,0.9348713611121107,0.6018302857415642,0.3333333333333333,0.5,0.4,1.0,6,6,0,"[[1, 1, 0], [1, 1, 0], [0, 1, 1]]","[0, 1, 2]","[{""f1"": 0.5, ""label"": 0, ""precision"": 0.5, ""recall"": 0.5, ""support"": 2}, {""f1"": 0.4, ""label"": 1, ""precision"": 0.3333333333333333, ""recall"": 0.5, ""support"": 2}, {""f1"": 0.6666666666666666, ""label"": 2, ""precision"": 1.0, ""recall"": 0.5, ""support"": 2}]","[[0, 0], [1, 0], [2, 0]]","[{""abstention_count"": 0, ""f1"": 0.5, ""false_negative"": 1, ""false_positive"": 1, ""label"": 0, ""precision"": 0.5, ""recall"": 0.5, ""retained_support"": 2, ""support"": 2, ""true_positive"": 1}, {""abstention_count"": 0, ""f1"": 0.4, ""false_negative"": 1, ""false_positive"": 2, ""label"": 1, ""precision"": 0.3333333333333333, ""recall"": 0.5, ""retained_support"": 2, ""support"": 2, ""true_positive"": 1}, {""abstention_count"": 0, ""f1"": 0.6666666666666666, ""false_negative"": 1, ""false_positive"": 0, ""label"": 2, ""precision"": 1.0, ""recall"": 0.5, ""retained_support"": 2, ""support"": 2, ""true_positive"": 1}]",retained_only,not_requested,,,
b32_lr3e-4,passed,3,4,30042,30042,inception_full,raw,117.36287902400363,120,25,145,3002,0.6666666666666666,0.6190476190476191,0.6666666666666666,0.5833333333333334,0.6666666666666666,0.6190476190476191,0,0.567203077017719,0.3633720226770609,0.21937117065441805,0.0,0.0,0.0,1.0,5,5,0,"[[0, 1, 0], [0, 3, 0], [0, 0, 1]]","[0, 1, 2]","[{""f1"": 0.0, ""label"": 0, ""precision"": 0.0, ""recall"": 0.0, ""support"": 1}, {""f1"": 0.8571428571428571, ""label"": 1, ""precision"": 0.75, ""recall"": 1.0, ""support"": 3}, {""f1"": 1.0, ""label"": 2, ""precision"": 1.0, ""recall"": 1.0, ""support"": 1}]","[[0, 0], [1, 0], [2, 0]]","[{""abstention_count"": 0, ""f1"": 0.0, ""false_negative"": 1, ""false_positive"": 0, ""label"": 0, ""precision"": 0.0, ""recall"": 0.0, ""retained_support"": 1, ""support"": 1, ""true_positive"": 0}, {""abstention_count"": 0, ""f1"": 0.8571428571428571, ""false_negative"": 0, ""false_positive"": 1, ""label"": 1, ""precision"": 0.75, ""recall"": 1.0, ""retained_support"": 3, ""support"": 3, ""true_positive"": 3}, {""abstention_count"": 0, ""f1"": 1.0, ""false_negative"": 0, ""false_positive"": 0, ""label"": 2, ""precision"": 1.0, ""recall"": 1.0, ""retained_support"": 1, ""support"": 1, ""true_positive"": 1}]",retained_only,not_requested,,,
b32_lr3e-4,passed,4,0,40042,40042,inception_full,raw,115.42444221297046,115,30,145,3541,0.6666666666666666,0.6666666666666666,0.6666666666666666,0.6666666666666666,0.6666666666666666,0.6666666666666666,0,0.739277588648361,0.4566104853319863,0.20355874437125165,0.5,0.5,0.5,1.0,6,6,0,"[[1, 1, 0], [1, 1, 0], [0, 0, 2]]","[0, 1, 2]","[{""f1"": 0.5, ""label"": 0, ""precision"": 0.5, ""recall"": 0.5, ""support"": 2}, {""f1"": 0.5, ""label"": 1, ""precision"": 0.5, ""recall"": 0.5, ""support"": 2}, {""f1"": 1.0, ""label"": 2, ""precision"": 1.0, ""recall"": 1.0, ""support"": 2}]","[[0, 0], [1, 0], [2, 0]]","[{""abstention_count"": 0, ""f1"": 0.5, ""false_negative"": 1, ""false_positive"": 1, ""label"": 0, ""precision"": 0.5, ""recall"": 0.5, ""retained_support"": 2, ""support"": 2, ""true_positive"": 1}, {""abstention_count"": 0, ""f1"": 0.5, ""false_negative"": 1, ""false_positive"": 1, ""label"": 1, ""precision"": 0.5, ""recall"": 0.5, ""retained_support"": 2, ""support"": 2, ""true_positive"": 1}, {""abstention_count"": 0, ""f1"": 1.0, ""false_negative"": 0, ""false_positive"": 0, ""label"": 2, ""precision"": 1.0, ""recall"": 1.0, ""retained_support"": 2, ""support"": 2, ""true_positive"": 2}]",retained_only,not_requested,,,
b32_lr3e-4,passed,4,1,40042,40042,inception_full,raw,115.23862927098526,115,30,145,3606,0.38888888888888884,0.35714285714285715,0.38888888888888884,0.3333333333333333,0.38888888888888884,0.3571428571428572,0,1.3073817902211433,0.7138434555929988,0.3399953784801405,0.0,0.0,0.0,1.0,6,6,0,"[[1, 1, 0], [1, 2, 0], [0, 1, 0]]","[0, 1, 2]","[{""f1"": 0.5, ""label"": 0, ""precision"": 0.5, ""recall"": 0.5, ""support"": 2}, {""f1"": 0.5714285714285714, ""label"": 1, ""precision"": 0.5, ""recall"": 0.6666666666666666, ""support"": 3}, {""f1"": 0.0, ""label"": 2, ""precision"": 0.0, ""recall"": 0.0, ""support"": 1}]","[[0, 0], [1, 0], [2, 0]]","[{""abstention_count"": 0, ""f1"": 0.5, ""false_negative"": 1, ""false_positive"": 1, ""label"": 0, ""precision"": 0.5, ""recall"": 0.5, ""retained_support"": 2, ""support"": 2, ""true_positive"": 1}, {""abstention_count"": 0, ""f1"": 0.5714285714285715, ""false_negative"": 1, ""false_positive"": 2, ""label"": 1, ""precision"": 0.5, ""recall"": 0.6666666666666666, ""retained_support"": 3, ""support"": 3, ""true_positive"": 2}, {""abstention_count"": 0, ""f1"": 0.0, ""false_negative"": 1, ""false_positive"": 0, ""label"": 2, ""precision"": 0.0, ""recall"": 0.0, ""retained_support"": 1, ""support"": 1, ""true_positive"": 0}]",retained_only,not_requested,,,
b32_lr3e-4,passed,4,2,40042,40042,inception_full,raw,115.83817994396668,115,30,145,3609,0.611111111111111,0.6,0.611111111111111,0.611111111111111,0.611111111111111,0.6,0,0.8833179446852503,0.5559712533432867,0.2602337052649707,0.3333333333333333,0.5,0.4,1.0,6,6,0,"[[1, 1, 0], [2, 1, 0], [0, 0, 1]]","[0, 1, 2]","[{""f1"": 0.4, ""label"": 0, ""precision"": 0.3333333333333333, ""recall"": 0.5, ""support"": 2}, {""f1"": 0.4, ""label"": 1, ""precision"": 0.5, ""recall"": 0.3333333333333333, ""support"": 3}, {""f1"": 1.0, ""label"": 2, ""precision"": 1.0, ""recall"": 1.0, ""support"": 1}]","[[0, 0], [1, 0], [2, 0]]","[{""abstention_count"": 0, ""f1"": 0.4, ""false_negative"": 1, ""false_positive"": 2, ""label"": 0, ""precision"": 0.3333333333333333, ""recall"": 0.5, ""retained_support"": 2, ""support"": 2, ""true_positive"": 1}, {""abstention_count"": 0, ""f1"": 0.4, ""false_negative"": 2, ""false_positive"": 1, ""label"": 1, ""precision"": 0.5, ""recall"": 0.3333333333333333, ""retained_support"": 3, ""support"": 3, ""true_positive"": 1}, {""abstention_count"": 0, ""f1"": 1.0, ""false_negative"": 0, ""false_positive"": 0, ""label"": 2, ""precision"": 1.0, ""recall"": 1.0, ""retained_support"": 1, ""support"": 1, ""true_positive"": 1}]",retained_only,not_requested,,,
b32_lr3e-4,passed,4,3,40042,40042,inception_full,raw,120.13959984196117,120,25,145,2993,0.8333333333333334,0.8222222222222223,0.8333333333333334,0.8888888888888888,0.8333333333333334,0.8222222222222223,0,0.9591176527539496,0.5306016031937113,0.41312629783639254,1.0,0.5,0.6666666666666666,1.0,5,5,0,"[[1, 0, 0], [0, 2, 0], [0, 1, 1]]","[0, 1, 2]","[{""f1"": 1.0, ""label"": 0, ""precision"": 1.0, ""recall"": 1.0, ""support"": 1}, {""f1"": 0.8, ""label"": 1, ""precision"": 0.6666666666666666, ""recall"": 1.0, ""support"": 2}, {""f1"": 0.6666666666666666, ""label"": 2, ""precision"": 1.0, ""recall"": 0.5, ""support"": 2}]","[[0, 0], [1, 0], [2, 0]]","[{""abstention_count"": 0, ""f1"": 1.0, ""false_negative"": 0, ""false_positive"": 0, ""label"": 0, ""precision"": 1.0, ""recall"": 1.0, ""retained_support"": 1, ""support"": 1, ""true_positive"": 1}, {""abstention_count"": 0, ""f1"": 0.8, ""false_negative"": 0, ""false_positive"": 1, ""label"": 1, ""precision"": 0.6666666666666666, ""recall"": 1.0, ""retained_support"": 2, ""support"": 2, ""true_positive"": 2}, {""abstention_count"": 0, ""f1"": 0.6666666666666666, ""false_negative"": 1, ""false_positive"": 0, ""label"": 2, ""precision"": 1.0, ""recall"": 0.5, ""retained_support"": 2, ""support"": 2, ""true_positive"": 1}]",retained_only,not_requested,,,
b32_lr3e-4,passed,4,4,40042,40042,inception_full,raw,115.77935169404373,115,30,145,3584,0.3333333333333333,0.27777777777777773,0.3333333333333333,0.25,0.3333333333333333,0.27777777777777773,0,0.9577279496023267,0.6688280019030343,0.39048385220316134,0.0,0.0,0.0,1.0,6,6,0,"[[0, 2, 0], [0, 1, 1], [0, 1, 1]]","[0, 1, 2]","[{""f1"": 0.0, ""label"": 0, ""precision"": 0.0, ""recall"": 0.0, ""support"": 2}, {""f1"": 0.3333333333333333, ""label"": 1, ""precision"": 0.25, ""recall"": 0.5, ""support"": 2}, {""f1"": 0.5, ""label"": 2, ""precision"": 0.5, ""recall"": 0.5, ""support"": 2}]","[[0, 0], [1, 0], [2, 0]]","[{""abstention_count"": 0, ""f1"": 0.0, ""false_negative"": 2, ""false_positive"": 0, ""label"": 0, ""precision"": 0.0, ""recall"": 0.0, ""retained_support"": 2, ""support"": 2, ""true_positive"": 0}, {""abstention_count"": 0, ""f1"": 0.3333333333333333, ""false_negative"": 1, ""false_positive"": 3, ""label"": 1, ""precision"": 0.25, ""recall"": 0.5, ""retained_support"": 2, ""support"": 2, ""true_positive"": 1}, {""abstention_count"": 0, ""f1"": 0.5, ""false_negative"": 1, ""false_positive"": 1, ""label"": 2, ""precision"": 0.5, ""recall"": 0.5, ""retained_support"": 2, ""support"": 2, ""true_positive"": 1}]",retained_only,not_requested,,,
