rank,model,resolved_model,extra_input,cnn_epochs,cnn_patience,window_sec,hop_sec,overlap_pct,max_windows_fraction,overfit_stage,overfit_config_id,overfit_config_name,stage1_screen_group,stage1_regularization_factor,stage1_regularization_value,cnn_lr,cnn_weight_decay,cnn_dropout,cnn_label_smoothing,dynamic_data_mode,stage2_fixed_epoch,config_key,source_sweep_names,source_sweep_count,source_sweep_kinds,n_rows_total,n_repeats_done,n_repeats_expected,failed_count,missing_repeats,is_complete,subject_balanced_accuracy_mean,subject_balanced_accuracy_std,subject_balanced_accuracy_ci95_low,subject_balanced_accuracy_ci95_high,subject_balanced_accuracy_ci95_margin,subject_balanced_accuracy_min,subject_balanced_accuracy_max,subject_macro_f1_mean,subject_macro_f1_std,subject_macro_f1_ci95_low,subject_macro_f1_ci95_high,subject_macro_f1_ci95_margin,subject_macro_f1_min,subject_macro_f1_max,file_balanced_accuracy_mean,file_balanced_accuracy_std,file_balanced_accuracy_ci95_low,file_balanced_accuracy_ci95_high,file_balanced_accuracy_ci95_margin,file_balanced_accuracy_min,file_balanced_accuracy_max,file_macro_f1_mean,file_macro_f1_std,file_macro_f1_ci95_low,file_macro_f1_ci95_high,file_macro_f1_ci95_margin,file_macro_f1_min,file_macro_f1_max,window_balanced_accuracy_mean,window_balanced_accuracy_std,window_balanced_accuracy_ci95_low,window_balanced_accuracy_ci95_high,window_balanced_accuracy_ci95_margin,window_balanced_accuracy_min,window_balanced_accuracy_max,window_macro_f1_mean,window_macro_f1_std,window_macro_f1_ci95_low,window_macro_f1_ci95_high,window_macro_f1_ci95_margin,window_macro_f1_min,window_macro_f1_max,best_epoch_mean,best_epoch_std,best_epoch_ci95_low,best_epoch_ci95_high,best_epoch_ci95_margin,best_epoch_min,best_epoch_max,validation_subject_balanced_accuracy_mean,validation_subject_balanced_accuracy_std,validation_subject_balanced_accuracy_ci95_low,validation_subject_balanced_accuracy_ci95_high,validation_subject_balanced_accuracy_ci95_margin,validation_subject_balanced_accuracy_min,validation_subject_balanced_accuracy_max,validation_subject_macro_f1_mean,validation_subject_macro_f1_std,validation_subject_macro_f1_ci95_low,validation_subject_macro_f1_ci95_high,validation_subject_macro_f1_ci95_margin,validation_subject_macro_f1_min,validation_subject_macro_f1_max,best_epoch_train_balanced_accuracy_mean,best_epoch_train_balanced_accuracy_std,best_epoch_train_balanced_accuracy_ci95_low,best_epoch_train_balanced_accuracy_ci95_high,best_epoch_train_balanced_accuracy_ci95_margin,best_epoch_train_balanced_accuracy_min,best_epoch_train_balanced_accuracy_max,best_epoch_val_balanced_accuracy_mean,best_epoch_val_balanced_accuracy_std,best_epoch_val_balanced_accuracy_ci95_low,best_epoch_val_balanced_accuracy_ci95_high,best_epoch_val_balanced_accuracy_ci95_margin,best_epoch_val_balanced_accuracy_min,best_epoch_val_balanced_accuracy_max,train_val_balanced_accuracy_gap_mean,train_val_balanced_accuracy_gap_std,train_val_balanced_accuracy_gap_ci95_low,train_val_balanced_accuracy_gap_ci95_high,train_val_balanced_accuracy_gap_ci95_margin,train_val_balanced_accuracy_gap_min,train_val_balanced_accuracy_gap_max,best_epoch_train_loss_mean,best_epoch_train_loss_std,best_epoch_train_loss_ci95_low,best_epoch_train_loss_ci95_high,best_epoch_train_loss_ci95_margin,best_epoch_train_loss_min,best_epoch_train_loss_max,best_epoch_val_loss_mean,best_epoch_val_loss_std,best_epoch_val_loss_ci95_low,best_epoch_val_loss_ci95_high,best_epoch_val_loss_ci95_margin,best_epoch_val_loss_min,best_epoch_val_loss_max,val_train_loss_gap_mean,val_train_loss_gap_std,val_train_loss_gap_ci95_low,val_train_loss_gap_ci95_high,val_train_loss_gap_ci95_margin,val_train_loss_gap_min,val_train_loss_gap_max,duration_sec_mean,duration_sec_std,duration_sec_ci95_low,duration_sec_ci95_high,duration_sec_ci95_margin,duration_sec_min,duration_sec_max,pre_frail_precision_mean,pre_frail_precision_std,pre_frail_precision_ci95_low,pre_frail_precision_ci95_high,pre_frail_recall_mean,pre_frail_recall_std,pre_frail_recall_ci95_low,pre_frail_recall_ci95_high,pre_frail_f1_mean,pre_frail_f1_std,pre_frail_f1_ci95_low,pre_frail_f1_ci95_high,pre_frail_support_mean,pre_frail_support_std,pre_frail_support_ci95_low,pre_frail_support_ci95_high,robust_non_frail_precision_mean,robust_non_frail_precision_std,robust_non_frail_precision_ci95_low,robust_non_frail_precision_ci95_high,robust_non_frail_recall_mean,robust_non_frail_recall_std,robust_non_frail_recall_ci95_low,robust_non_frail_recall_ci95_high,robust_non_frail_f1_mean,robust_non_frail_f1_std,robust_non_frail_f1_ci95_low,robust_non_frail_f1_ci95_high,robust_non_frail_support_mean,robust_non_frail_support_std,robust_non_frail_support_ci95_low,robust_non_frail_support_ci95_high,young_precision_mean,young_precision_std,young_precision_ci95_low,young_precision_ci95_high,young_recall_mean,young_recall_std,young_recall_ci95_low,young_recall_ci95_high,young_f1_mean,young_f1_std,young_f1_ci95_low,young_f1_ci95_high,young_support_mean,young_support_std,young_support_ci95_low,young_support_ci95_high,worst_class_recall_mean,worst_class_f1_mean,worst_class_recall_run_mean,worst_class_f1_run_mean
1,inceptiontime,inception_time,0,15,0,5.0,2.5,50.0,0.9,fixed_reference,ref_20260625_top1_s1_122,20260625_s1_122_no_early_stop_fixed_reference,fixed_reference,20260625,s1_122,0.001,0.005,0.5,0.2,static_only,15,model=inceptiontime|resolved_model=inception_time|extra_input=0|cnn_epochs=15|cnn_patience=0|window_sec=5|hop_sec=2p5|overlap_pct=50|max_windows_fraction=0p9|overfit_stage=fixed_reference|overfit_config_id=ref_20260625_top1_s1_122|overfit_config_name=20260625_s1_122_no_early_stop_fixed_reference|stage1_screen_group=fixed_reference|stage1_regularization_factor=20260625|stage1_regularization_value=s1_122|cnn_lr=0p001|cnn_weight_decay=0p005|cnn_dropout=0p5|cnn_label_smoothing=0p2|dynamic_data_mode=static_only|stage2_fixed_epoch=15,20260630_0630_overfitting_sweep_generalization_rank2,1,overfitting,5,5,5,0,0,True,0.6231481481481481,0.013733700902029024,0.6060982399666174,0.6401980563296789,0.01704990818153074,0.611111111111111,0.6435185185185185,0.6146290038463952,0.00465325278315633,0.6088521536539939,0.6204058540387964,0.005776850192401266,0.609090909090909,0.6207729468599034,0.5670370370370371,0.023181457515979408,0.5382580702471669,0.5958160038269074,0.028778966789870273,0.5435185185185186,0.600925925925926,0.5576106222219022,0.019812916591889933,0.5330135808919761,0.5822076635518282,0.024597041329926034,0.5336798318038675,0.579888180171667,0.5209892361746569,0.026576632763561328,0.4879952783459964,0.5539831940033174,0.0329939578286605,0.4886890113644248,0.5533947664283727,0.5170936751702648,0.02582386146369936,0.4850342565190552,0.5491530938214745,0.032059418651209655,0.4813553947981805,0.5452407701830365,15.0,0.0,15.0,15.0,0.0,15.0,15.0,0.6231481481481481,0.013733700902029024,0.6060982399666174,0.6401980563296789,0.01704990818153074,0.611111111111111,0.6435185185185185,0.6146290038463952,0.00465325278315633,0.6088521536539939,0.6204058540387964,0.005776850192401266,0.609090909090909,0.6207729468599034,0.9951010069812811,0.0007399440907127289,0.9941823923342813,0.996019621628281,0.000918614646999804,0.9938943530070474,0.995764485378215,0.5341788606818141,0.026240653215714928,0.5016020096827342,0.566755711680894,0.032576850999079913,0.5084339604731639,0.565183891094439,0.4609221462994671,0.026070790705412412,0.4285561736517363,0.4932881189471979,0.032365972647730765,0.4298298149861722,0.4867731437768261,0.5388683504626356,0.0009096836434330454,0.5377390101118141,0.539997690813457,0.0011293403508214103,0.537669722010315,0.5399249650925965,1.142116381961785,0.01567561098889541,1.122655660488626,1.161577103434944,0.019460721473159127,1.1272749113981666,1.166125443265024,0.6032480314991493,0.01648666524536713,0.5827804146012442,0.6237156483970544,0.020467616897905088,0.5880835394379017,0.628455721254709,433.6017176853493,0.405805964206032,433.09792380789503,434.10551156280354,0.5037938774542693,433.0272890108172,433.9768574000336,0.6313020313020312,0.039890882546810474,0.5817788991503137,0.6808251634537488,0.7777777777777777,0.1111111111111111,0.6398372287657906,0.9157183267897647,0.6912516469038208,0.02550617110289228,0.659586629697681,0.7229166641099606,9.0,0.0,9.0,9.0,0.6523626373626374,0.07153457898682541,0.563554965473581,0.7411703092516939,0.5666666666666667,0.10865337342004412,0.43177731283257875,0.7015560205007545,0.5983496503496504,0.057326656474709206,0.5271806161453637,0.669518684553937,12.0,0.0,12.0,12.0,0.5904761904761904,0.09729912734144072,0.46968273508140024,0.7112696458709805,0.525,0.055901699437494734,0.45560000000000006,0.5944,0.5542857142857143,0.0693834198992533,0.46814863098662424,0.6404227975848042,8.0,0.0,8.0,8.0,0.525,0.5542857142857143,0.4833333333333334,0.5209523809523808
2,inceptiontime,inception_time,0,15,0,5.0,2.5,50.0,0.9,fixed_reference,ref_20260625_top2_s1_102,20260625_s1_102_no_early_stop_fixed_reference,fixed_reference,20260625,s1_102,0.001,0.005,0.5,0.2,static_only,15,model=inceptiontime|resolved_model=inception_time|extra_input=0|cnn_epochs=15|cnn_patience=0|window_sec=5|hop_sec=2p5|overlap_pct=50|max_windows_fraction=0p9|overfit_stage=fixed_reference|overfit_config_id=ref_20260625_top2_s1_102|overfit_config_name=20260625_s1_102_no_early_stop_fixed_reference|stage1_screen_group=fixed_reference|stage1_regularization_factor=20260625|stage1_regularization_value=s1_102|cnn_lr=0p001|cnn_weight_decay=0p005|cnn_dropout=0p5|cnn_label_smoothing=0p2|dynamic_data_mode=static_only|stage2_fixed_epoch=15,20260630_0630_overfitting_sweep_generalization_rank2,1,overfitting,5,5,5,0,0,True,0.6175925925925926,0.03098740839015095,0.5791228114604279,0.6560623737247573,0.03846978113216467,0.5925925925925926,0.6712962962962963,0.6080746539322391,0.03268282829379114,0.5675000684292486,0.6486492394352297,0.04057458550299048,0.5747255840135098,0.6551226551226551,0.5683333333333334,0.026347433324677993,0.5356239185725681,0.6010427480940986,0.03270941476076524,0.5398148148148149,0.6027777777777777,0.5593158730190362,0.029781700872760473,0.522342935498942,0.5962888105391304,0.03697293752009417,0.5221524208388857,0.5902269303426673,0.5171808548801391,0.02569068300151111,0.4852867726206468,0.5490749371396314,0.031894082259492286,0.4863290565782396,0.5496122567047291,0.5138729593179262,0.026044179108164107,0.48154002403520607,0.5462058946006463,0.03233293528272011,0.4784117865026017,0.5451602800138798,15.0,0.0,15.0,15.0,0.0,15.0,15.0,0.6175925925925926,0.03098740839015095,0.5791228114604279,0.6560623737247573,0.03846978113216467,0.5925925925925926,0.6712962962962963,0.6080746539322391,0.03268282829379114,0.5675000684292486,0.6486492394352297,0.04057458550299048,0.5747255840135098,0.6551226551226551,0.9950455981550744,0.0006816603200448028,0.9941993407659945,0.9958918555441544,0.0008462573890800018,0.9938948449791478,0.9955259046673014,0.5306876940536543,0.024452374012749824,0.500330928989968,0.5610444591173407,0.03035676506368639,0.5053324161890008,0.5581018831199543,0.4643579041014202,0.024414972488312706,0.4340475717190665,0.4946682364837739,0.03031033238235372,0.4368472445870833,0.4901094560324625,0.5388928956217435,0.0009442781901915001,0.5377206073539679,0.5400651838895191,0.001172288267775549,0.5376974775497017,0.5398219335547617,1.1459387949059607,0.016149966722568722,1.1258891774198327,1.1659884123920887,0.02004961748612805,1.1302120906917352,1.1678010864443436,0.6070458992842174,0.01699083976114789,0.5859523674007704,0.6281394311676644,0.021093531883446943,0.5907408894202557,0.6301036088946419,433.0451941174921,0.4269864844262301,432.51510536675,433.5752828682342,0.5300887507420718,432.4117984471377,433.52142900507897,0.6294871794871795,0.036375028100284854,0.5843288573688618,0.6746455016054972,0.7777777777777777,0.1111111111111111,0.6398372287657906,0.9157183267897647,0.6909090909090908,0.033195306515464644,0.6496982816608113,0.7321199001573703,9.0,0.0,9.0,9.0,0.6468864468864469,0.054798338915635875,0.5788562302917372,0.7149166634811567,0.5499999999999999,0.11180339887498945,0.4112,0.6887999999999999,0.5849115095430883,0.04404653678583006,0.5302292783462617,0.639593740739915,12.0,0.0,12.0,12.0,0.5793650793650793,0.11223917161691231,0.44002408278369165,0.718706075946467,0.525,0.055901699437494734,0.45560000000000006,0.5944,0.5484033613445378,0.07606174245486379,0.45397537472724736,0.6428313479618283,8.0,0.0,8.0,8.0,0.525,0.5484033613445378,0.4833333333333333,0.5293557422969188
9,inceptiontime,inception_time,0,10,0,5.0,2.5,50.0,0.9,generalization,gen_044,generalization_inceptiontime_ep10_wd0.01_do0.5_ls0.3_sqitop50_quality_samplernone_wpsall_trainov30,generalization,generalization_grid,wd0.01_do0.5_ls0.3,0.001,0.01,0.5,0.3,static_only,0,model=inceptiontime|resolved_model=inception_time|extra_input=0|cnn_epochs=10|cnn_patience=0|window_sec=5|hop_sec=2p5|overlap_pct=50|max_windows_fraction=0p9|overfit_stage=generalization|overfit_config_id=gen_044|overfit_config_name=generalization_inceptiontime_ep10_wd0-01_do0-5_ls0-3_sqitop50_quality_samplernone_wpsall_trainov30|stage1_screen_group=generalization|stage1_regularization_factor=generalization_grid|stage1_regularization_value=wd0-01_do0-5_ls0-3|cnn_lr=0p001|cnn_weight_decay=0p01|cnn_dropout=0p5|cnn_label_smoothing=0p3|dynamic_data_mode=static_only|stage2_fixed_epoch=0,20260630_0630_overfitting_sweep_generalization_rank2,1,overfitting,5,5,5,0,0,True,0.5666666666666667,0.07737162472610487,0.4706125071326516,0.6627208262006816,0.09605415953401501,0.4861111111111111,0.6759259259259259,0.5549254899241439,0.07054952245277325,0.4673407311871225,0.6425102486611654,0.08758475873702143,0.4765151515151515,0.6579416455577447,0.5457407407407407,0.06939380869984772,0.4595907601099326,0.6318907213715489,0.08614998063080816,0.449074074074074,0.6444444444444445,0.536652976553358,0.06567714187077134,0.45511710748862677,0.6181888456180892,0.08153586906473122,0.4392384314714411,0.623082336382829,0.5053103269938393,0.04205622146612522,0.45309900248817603,0.5575216514995025,0.05221132450566324,0.4606201334885292,0.5696734288652752,0.497920875160044,0.03548289284971059,0.45387010767804076,0.5419716426420473,0.04405076748200328,0.4573602150121791,0.5534278729314343,10.0,0.0,10.0,10.0,0.0,10.0,10.0,0.5666666666666667,0.07737162472610487,0.4706125071326516,0.6627208262006816,0.09605415953401501,0.4861111111111111,0.6759259259259259,0.5549254899241439,0.07054952245277325,0.4673407311871225,0.6425102486611654,0.08758475873702143,0.4765151515151515,0.6579416455577447,0.98305135687629,0.0012525470842353799,0.9814963635841248,0.9846063501684551,0.0015549932921651265,0.9817956216398044,0.9847376246119154,0.5042209498935263,0.050451562028806594,0.4415871044106332,0.5668547953764194,0.06263384548289308,0.4347953512395448,0.5772535602810287,0.4788304069827635,0.05016110074919137,0.4165571589952621,0.541103654970265,0.06227324798750145,0.4074840643308867,0.5491497919423787,0.7079233480294986,0.002231588604775654,0.7051529090136938,0.7106937870453035,0.0027704390158048305,0.7052970590848,0.7105607466769988,1.161391782651934,0.039745443569819426,1.1120492078912214,1.2107343574126466,0.04934257476071257,1.092571536276481,1.1928020401943225,0.45346843462243525,0.038193316055358466,0.4060527717550549,0.5008840974898157,0.047415662867380366,0.3872744771916809,0.4822412935173237,208.95812881859018,0.28580918842540637,208.60330673131355,209.3129509058668,0.354822087276639,208.70730461296623,209.4405405239668,0.5401598401598402,0.025736639027824006,0.5082087051048478,0.5721109752148326,0.6,0.14907119849998599,0.4149333333333333,0.7850666666666666,0.5613903743315508,0.07179171770230286,0.47226347374222766,0.650517274920874,9.0,0.0,9.0,9.0,0.6582251082251083,0.13586109556972562,0.4895583212147864,0.8268918952354302,0.5,0.08333333333333334,0.39654458824100974,0.6034554117589903,0.5608938353789613,0.07122244937314519,0.47247366146237046,0.6493140092955522,12.0,0.0,12.0,12.0,0.4974242424242424,0.1177239576772839,0.3512740762394262,0.6435744086090586,0.6,0.16298006013006622,0.3976659692488681,0.8023340307511319,0.5424922600619195,0.13460167283832392,0.3753890022186672,0.7095955179051718,8.0,0.0,8.0,8.0,0.5,0.5424922600619195,0.43611111111111106,0.48958548331613344
4,inceptiontime,inception_time,0,15,0,5.0,2.5,50.0,0.9,generalization,gen_080,generalization_inceptiontime_ep15_wd0.005_do0.5_ls0.2_sqitop50_quality_samplerclass_subject_balanced_wps50pct_trainov30,generalization,generalization_grid,wd0.005_do0.5_ls0.2,0.001,0.005,0.5,0.2,static_only,0,model=inceptiontime|resolved_model=inception_time|extra_input=0|cnn_epochs=15|cnn_patience=0|window_sec=5|hop_sec=2p5|overlap_pct=50|max_windows_fraction=0p9|overfit_stage=generalization|overfit_config_id=gen_080|overfit_config_name=generalization_inceptiontime_ep15_wd0-005_do0-5_ls0-2_sqitop50_quality_samplerclass_subject_balanced_wps50pct_trainov30|stage1_screen_group=generalization|stage1_regularization_factor=generalization_grid|stage1_regularization_value=wd0-005_do0-5_ls0-2|cnn_lr=0p001|cnn_weight_decay=0p005|cnn_dropout=0p5|cnn_label_smoothing=0p2|dynamic_data_mode=static_only|stage2_fixed_epoch=0,20260630_0630_overfitting_sweep_generalization_rank2,1,overfitting,5,5,5,0,0,True,0.5805555555555555,0.03712374110505456,0.5344677324908647,0.6266433786202463,0.04608782306469085,0.5277777777777778,0.6157407407407408,0.5693044657341333,0.03642717809547873,0.5240814012251034,0.6145275302431632,0.04522306450902987,0.5181818181818182,0.6207407407407407,0.5207407407407407,0.043264625808677556,0.4670292246091162,0.5744522568723652,0.05371151613162448,0.4638888888888888,0.5777777777777778,0.5133262259028847,0.04045954245090009,0.4630971224168261,0.5635553293889433,0.05022910348605857,0.4550110707273259,0.5495030631876657,0.48591438109772145,0.024509069321495946,0.4554872307959015,0.5163415313995414,0.030427150301819986,0.4574680187616589,0.5172941287041577,0.48052995389804065,0.020292060749097375,0.45533807189520487,0.5057218359008764,0.02519188200283576,0.4598245505610489,0.5066195097763223,15.0,0.0,15.0,15.0,0.0,15.0,15.0,0.5805555555555555,0.03712374110505456,0.5344677324908647,0.6266433786202463,0.04608782306469085,0.5277777777777778,0.6157407407407408,0.5693044657341333,0.03642717809547873,0.5240814012251034,0.6145275302431632,0.04522306450902987,0.5181818181818182,0.6207407407407407,0.9808605706874847,0.0027492719081301134,0.9774474459999684,0.984273695375001,0.0034131246875163082,0.9786546200219296,0.9852270870479956,0.48940632110775495,0.04461337593003232,0.43402037898615353,0.5447922632293564,0.05538594212160142,0.4279587890077448,0.548913211317186,0.49145424957972966,0.047074610221543654,0.4330127713733644,0.5498957277860949,0.05844147820636524,0.4299183348711636,0.5572682980402507,0.5452061948165441,0.004516592175646946,0.5395990039771962,0.550813385655892,0.005607190839347861,0.538127899352593,0.5489530058638581,1.2160550411856117,0.04970457096135217,1.1543485589242841,1.2777615234469393,0.06170648226132766,1.1448764118446293,1.2728102957153191,0.6708488463690677,0.05238692451867659,0.6058123162066658,0.7358853765314697,0.06503653016240195,0.5984319586205188,0.7291779342664026,216.17194794584066,0.2569578776887402,215.8529437493486,216.4909521423327,0.31900419649205847,215.89903692994267,216.5163898039609,0.576046176046176,0.03548434145613693,0.531993610170081,0.6200987419222711,0.6666666666666667,0.17568209223157663,0.4485635083806828,0.8847698249526507,0.6102415458937198,0.08746456526045357,0.5016573545336243,0.7188257372538154,9.0,0.0,9.0,9.0,0.638921078921079,0.10702976596733806,0.5060473768176471,0.7717947810245108,0.55,0.17280367794439766,0.3354702921375328,0.7645297078624673,0.5732274068642356,0.10549513655557122,0.44225889337310526,0.7041959203553658,12.0,0.0,12.0,12.0,0.5285714285714286,0.10832679205787933,0.39408751404888753,0.6630553430939696,0.525,0.10458250331675945,0.39516448867894427,0.6548355113210558,0.5244444444444445,0.09730948464805027,0.4036381308166143,0.6452507580722746,8.0,0.0,8.0,8.0,0.525,0.5244444444444445,0.425,0.4761378490790256
3,small_inceptiontime,small_inception_time,0,15,0,5.0,2.5,50.0,0.9,generalization,gen_212,generalization_small_inceptiontime_ep15_wd0.01_do0.5_ls0.3_sqitop50_quality_samplernone_wpsall_trainov30,generalization,generalization_grid,wd0.01_do0.5_ls0.3,0.001,0.01,0.5,0.3,static_only,0,model=small_inceptiontime|resolved_model=small_inception_time|extra_input=0|cnn_epochs=15|cnn_patience=0|window_sec=5|hop_sec=2p5|overlap_pct=50|max_windows_fraction=0p9|overfit_stage=generalization|overfit_config_id=gen_212|overfit_config_name=generalization_small_inceptiontime_ep15_wd0-01_do0-5_ls0-3_sqitop50_quality_samplernone_wpsall_trainov30|stage1_screen_group=generalization|stage1_regularization_factor=generalization_grid|stage1_regularization_value=wd0-01_do0-5_ls0-3|cnn_lr=0p001|cnn_weight_decay=0p01|cnn_dropout=0p5|cnn_label_smoothing=0p3|dynamic_data_mode=static_only|stage2_fixed_epoch=0,20260630_0630_overfitting_sweep_generalization_rank2,1,overfitting,5,5,5,0,0,True,0.5814814814814815,0.05570966280181975,0.5123198882320803,0.6506430747308827,0.06916159324940119,0.5092592592592592,0.6574074074074074,0.5702389702847369,0.060103232999414447,0.49562291366872546,0.6448550269007484,0.07461605661601144,0.4891774891774891,0.6429951690821256,0.5414814814814816,0.036952449703567015,0.4956063106864507,0.5873566522765123,0.04587517079503083,0.4842592592592593,0.5777777777777778,0.530484725418048,0.03902240938168091,0.4820397722531318,0.5789296785829642,0.04844495316491619,0.4686307519640852,0.5662862390135117,0.5090508896444725,0.03481951605421695,0.4658236811968191,0.552278098092126,0.04322720844765344,0.4503917857447314,0.5373228872782198,0.49987249927135713,0.03977871598104749,0.4504886179785988,0.5492563805641155,0.049383881292758336,0.4335998357199236,0.5315744154047057,15.0,0.0,15.0,15.0,0.0,15.0,15.0,0.5814814814814815,0.05570966280181975,0.5123198882320803,0.6506430747308827,0.06916159324940119,0.5092592592592592,0.6574074074074074,0.5702389702847369,0.060103232999414447,0.49562291366872546,0.6448550269007484,0.07461605661601144,0.4891774891774891,0.6429951690821256,0.9672835451914853,0.0013758754715290755,0.9655754440302516,0.968991646352719,0.0017081011612336246,0.9657237050802684,0.9686712528919064,0.5067990394732049,0.04508972751124562,0.4508217235638859,0.562776355382524,0.05597731590931904,0.4293301479168426,0.539704786240531,0.46048450571828037,0.04437976197865982,0.4053885871270616,0.5155804243094991,0.055095918591218776,0.4262228288596749,0.5363935571634256,0.7335658257944522,0.0005521618271643954,0.7328803362442096,0.7342513153446948,0.0006854895502426671,0.7331518128500918,0.7345012471710994,1.1555966166853193,0.046881384622720845,1.0973950212856172,1.2137982120850215,0.05820159539970215,1.1120840387768975,1.2302320326171277,0.42203079089086726,0.046359867330956865,0.3644766409250716,0.4795849408566629,0.057554149965795644,0.3788523992105741,0.4957307854460282,94.57035294836388,0.21274148362918874,94.30624185491897,94.83446404180879,0.26411109344491446,94.38254518713802,94.88897914090194,0.529478021978022,0.06352718287959729,0.45061125162565296,0.608344792330391,0.7777777777777778,0.07856742013183861,0.6802390801708065,0.8753164753847491,0.6264580819638028,0.049102816114476915,0.5654986572480125,0.6874175066795931,9.0,0.0,9.0,9.0,0.6720451770451771,0.12742221337442428,0.5138549664224613,0.8302353876678928,0.5166666666666667,0.10865337342004414,0.38177731283257876,0.6515560205007547,0.577592162223741,0.09058533505673265,0.46513364457229656,0.6900506798751854,12.0,0.0,12.0,12.0,0.5809523809523809,0.14443572274383906,0.40164049492232623,0.7602642669824355,0.45,0.11180339887498951,0.3112,0.5888,0.5066666666666666,0.12461277892416095,0.3519642704182935,0.6613690629150397,8.0,0.0,8.0,8.0,0.45,0.5066666666666666,0.4166666666666667,0.47859649122807013
5,inceptiontime,inception_time,0,10,0,5.0,2.5,50.0,0.9,generalization,gen_030,generalization_inceptiontime_ep10_wd0.01_do0.5_ls0.3_sqinone_samplernone_wpsall_trainov30,generalization,generalization_grid,wd0.01_do0.5_ls0.3,0.001,0.01,0.5,0.3,static_only,0,model=inceptiontime|resolved_model=inception_time|extra_input=0|cnn_epochs=10|cnn_patience=0|window_sec=5|hop_sec=2p5|overlap_pct=50|max_windows_fraction=0p9|overfit_stage=generalization|overfit_config_id=gen_030|overfit_config_name=generalization_inceptiontime_ep10_wd0-01_do0-5_ls0-3_sqinone_samplernone_wpsall_trainov30|stage1_screen_group=generalization|stage1_regularization_factor=generalization_grid|stage1_regularization_value=wd0-01_do0-5_ls0-3|cnn_lr=0p001|cnn_weight_decay=0p01|cnn_dropout=0p5|cnn_label_smoothing=0p3|dynamic_data_mode=static_only|stage2_fixed_epoch=0,20260630_0630_overfitting_sweep_generalization_rank2,1,overfitting,5,5,5,0,0,True,0.576851851851852,0.05741487406639814,0.5055732986002944,0.6481304051034095,0.07127855325155749,0.5092592592592592,0.6481481481481481,0.5603147832559597,0.07356412762230866,0.46898749788967753,0.6516420686222419,0.09132728536628221,0.468954248366013,0.6474358974358975,0.5453703703703704,0.0305274842996936,0.5074715688720794,0.5832691718686613,0.03789880149829094,0.5074074074074074,0.5861111111111111,0.5337657655272039,0.042899459649808014,0.480507590379495,0.5870239406749128,0.05325817514770891,0.4725354568051197,0.5798490127758421,0.5105698545387928,0.01894874154518994,0.48704565623232504,0.5340940528452605,0.023524198306467726,0.4895424634164635,0.531377577721059,0.5032750331461314,0.026608643659634248,0.47024133491226294,0.5363087313799999,0.03303369823386847,0.4671987347220525,0.5297838165769972,10.0,0.0,10.0,10.0,0.0,10.0,10.0,0.576851851851852,0.05741487406639814,0.5055732986002944,0.6481304051034095,0.07127855325155749,0.5092592592592592,0.6481481481481481,0.5603147832559597,0.07356412762230866,0.46898749788967753,0.6516420686222419,0.09132728536628221,0.468954248366013,0.6474358974358975,0.9885865554907817,0.00048609144848863335,0.9879830899993107,0.9891900209822526,0.0006034654914709867,0.9880338006716064,0.9892954254573204,0.5132588978271186,0.0279194431546643,0.4785978879753484,0.5479199076788889,0.03466100985177021,0.4826979425343445,0.543827796209995,0.475327657663663,0.027690290457996602,0.44095113285096604,0.50970418247636,0.03437652481269693,0.4454676292473253,0.5053358581372618,0.6966106917749195,0.0005858103153414832,0.6958834288062837,0.6973379547435553,0.0007272629686358047,0.6957731548948334,0.6974034775327229,1.1528029585453403,0.04084488550727257,1.1020954651644959,1.2035104519261848,0.05070749338084437,1.1115816471712403,1.196281087290925,0.45619226677042074,0.040563039811491675,0.4058346749396905,0.506549858601151,0.050357591830730235,0.4151137764078368,0.4996252310746558,371.34983937921936,0.0910619367005478,371.2367891773362,371.4628895811025,0.11305020188311535,371.19497059891,371.4260134501383,0.5516749916749916,0.06124147914201439,0.47564584237859103,0.6277041409713922,0.6888888888888889,0.14487116456005888,0.5090364171101049,0.8687413606676728,0.6039393939393939,0.07335273973123956,0.5128745392288487,0.695004248649939,9.0,0.0,9.0,9.0,0.5763492063492064,0.053134313094432055,0.5103848194726195,0.6423135932257933,0.4666666666666667,0.2006932429798716,0.21751304158991033,0.715820291743423,0.5009545356604179,0.13794503278064274,0.3297006136632723,0.6722084576575635,12.0,0.0,12.0,12.0,0.5833333333333333,0.12422599874998831,0.4291111111111111,0.7375555555555554,0.575,0.11180339887498948,0.4362,0.7138,0.5760504201680672,0.10878215364751999,0.4410011901964601,0.7110996501396742,8.0,0.0,8.0,8.0,0.4666666666666667,0.5009545356604179,0.3888888888888889,0.4601120448179271
6,inceptiontime,inception_time,0,15,0,5.0,2.5,50.0,0.9,generalization,gen_066,generalization_inceptiontime_ep15_wd0.005_do0.5_ls0.2_sqinone_samplerclass_subject_balanced_wps50pct_trainov30,generalization,generalization_grid,wd0.005_do0.5_ls0.2,0.001,0.005,0.5,0.2,static_only,0,model=inceptiontime|resolved_model=inception_time|extra_input=0|cnn_epochs=15|cnn_patience=0|window_sec=5|hop_sec=2p5|overlap_pct=50|max_windows_fraction=0p9|overfit_stage=generalization|overfit_config_id=gen_066|overfit_config_name=generalization_inceptiontime_ep15_wd0-005_do0-5_ls0-2_sqinone_samplerclass_subject_balanced_wps50pct_trainov30|stage1_screen_group=generalization|stage1_regularization_factor=generalization_grid|stage1_regularization_value=wd0-005_do0-5_ls0-2|cnn_lr=0p001|cnn_weight_decay=0p005|cnn_dropout=0p5|cnn_label_smoothing=0p2|dynamic_data_mode=static_only|stage2_fixed_epoch=0,20260630_0630_overfitting_sweep_generalization_rank2,1,overfitting,5,5,5,0,0,True,0.5768518518518518,0.08890817691968746,0.4664754672282428,0.6872282364754608,0.11037638462360903,0.4537037037037037,0.6898148148148149,0.5606342332878878,0.11428317871326962,0.41875567355699683,0.7025127930187787,0.14187855973089095,0.3842592592592592,0.68743961352657,0.5501851851851851,0.04938059409021253,0.48888090885110713,0.6114894615192631,0.06130427633407798,0.4962962962962963,0.6037037037037037,0.5384678519658951,0.061875183454711935,0.4616519809822517,0.6152837229495385,0.07681587098364341,0.4576018796190284,0.6010760577158228,0.519591001834892,0.03590790500686678,0.4750125966602347,0.5641694070095493,0.04457840517465733,0.4807231011358566,0.564408365630464,0.511842276916487,0.04307759882876502,0.45836294822346524,0.5653216056095087,0.05347932869302177,0.4660750008864207,0.5614904425516433,15.0,0.0,15.0,15.0,0.0,15.0,15.0,0.5768518518518518,0.08890817691968746,0.4664754672282428,0.6872282364754608,0.11037638462360903,0.4537037037037037,0.6898148148148149,0.5606342332878878,0.11428317871326962,0.41875567355699683,0.7025127930187787,0.14187855973089095,0.3842592592592592,0.68743961352657,0.9882750780811411,0.0004405213136502639,0.9877281863144335,0.9888219698478488,0.0005468917667075921,0.9878353545517856,0.988821768205816,0.518242364484755,0.04338115156761475,0.464386185708674,0.572098543260836,0.053856178776080996,0.4708279768621157,0.5708511504177528,0.47003271359638593,0.043313974526675236,0.4162599327614787,0.5238054944312932,0.053772780834907226,0.4179706177880632,0.5171641697271405,0.5302322295812291,0.0007325584687670159,0.5293227839249431,0.531141675237515,0.0009094456562859243,0.5293895635996513,0.5309697218091355,1.1513800791614015,0.026101664465944616,1.11897577782237,1.183784380500433,0.03240430133903165,1.1085387473394124,1.1742616765778788,0.6211478495801728,0.02648098248682903,0.5882726382166827,0.6540230609436628,0.03287521136349008,0.5775690255302769,0.6448721129782276,367.0191007771529,0.35973146356006,366.5725067769297,367.46569477737614,0.4465940002232425,366.48995621991344,367.3476677448489,0.5834632034632035,0.10098760829758203,0.4580906282754198,0.7088357786509871,0.6888888888888889,0.09296222517045284,0.5734795454923949,0.8042982322853829,0.6222681704260651,0.050588973983137143,0.5594637328193814,0.6850726080327487,9.0,0.0,9.0,9.0,0.5322377622377622,0.17500137973370294,0.3149796846528624,0.749495839822662,0.4666666666666667,0.2251542681017716,0.18714553647751225,0.746187796855821,0.48956916996047434,0.21476700606405552,0.2229434614252453,0.7561948784957033,12.0,0.0,12.0,12.0,0.5704761904761905,0.1264552478358072,0.41348643366892734,0.7274659472834536,0.575,0.11180339887498948,0.4362,0.7138,0.5700653594771242,0.11159869947861993,0.431519486601183,0.7086112323530654,8.0,0.0,8.0,8.0,0.4666666666666667,0.48956916996047434,0.4527777777777778,0.477
7,inceptiontime,inception_time,0,15,0,5.0,2.5,50.0,0.9,generalization,gen_074,generalization_inceptiontime_ep15_wd0.005_do0.5_ls0.2_sqitop50_quality_samplersubject_balanced_wps50pct_trainov30,generalization,generalization_grid,wd0.005_do0.5_ls0.2,0.001,0.005,0.5,0.2,static_only,0,model=inceptiontime|resolved_model=inception_time|extra_input=0|cnn_epochs=15|cnn_patience=0|window_sec=5|hop_sec=2p5|overlap_pct=50|max_windows_fraction=0p9|overfit_stage=generalization|overfit_config_id=gen_074|overfit_config_name=generalization_inceptiontime_ep15_wd0-005_do0-5_ls0-2_sqitop50_quality_samplersubject_balanced_wps50pct_trainov30|stage1_screen_group=generalization|stage1_regularization_factor=generalization_grid|stage1_regularization_value=wd0-005_do0-5_ls0-2|cnn_lr=0p001|cnn_weight_decay=0p005|cnn_dropout=0p5|cnn_label_smoothing=0p2|dynamic_data_mode=static_only|stage2_fixed_epoch=0,20260630_0630_overfitting_sweep_generalization_rank2,1,overfitting,5,5,5,0,0,True,0.5759259259259258,0.10595683957089251,0.44438422432807034,0.7074676275237813,0.1315417015978555,0.4675925925925925,0.7129629629629629,0.5584704512320611,0.11145232281477607,0.4201062998524783,0.6968346026116439,0.13836415137958274,0.4343434343434343,0.7084795321637426,0.5368518518518519,0.06442807902037082,0.4568666505251332,0.6168370531785706,0.07998520132671869,0.4685185185185185,0.600925925925926,0.522754440023484,0.06781708151738769,0.43856191091139185,0.6069469691355762,0.08419252911209221,0.4397016034431656,0.5996260683760682,0.48946724391576096,0.04654931406662011,0.4316779024694321,0.5472565853620899,0.05778934144632888,0.4332507330850288,0.5362343627578348,0.47917271269193085,0.04639176661574786,0.42157896088242075,0.5367664645014409,0.05759375180951008,0.4302462157701803,0.5296523723269291,15.0,0.0,15.0,15.0,0.0,15.0,15.0,0.5759259259259258,0.10595683957089251,0.44438422432807034,0.7074676275237813,0.1315417015978555,0.4675925925925925,0.7129629629629629,0.5584704512320611,0.11145232281477607,0.4201062998524783,0.6968346026116439,0.13836415137958274,0.4343434343434343,0.7084795321637426,0.982216281716126,0.0015304272721697583,0.9803163099128118,0.9841162535194401,0.001899971803314127,0.9803762862360834,0.9838527066660486,0.5024528057443485,0.05461865832450996,0.4346456563041191,0.5702599551845778,0.06780714944022934,0.4282233032837557,0.5724924468265873,0.47976347597177754,0.05436060110344748,0.41227669552429697,0.5472502564192581,0.06748678044748056,0.4086651317606002,0.5521529829523277,0.5674792416721717,0.0014221550903028212,0.5657136859867427,0.5692447973576007,0.0017655556854290684,0.565367446002009,0.5689234555448286,1.2403972057899817,0.06541005655929741,1.1591929137757302,1.3216014978042332,0.08120429201425146,1.1625577630617692,1.3009368999821365,0.6729179641178099,0.06559056254977381,0.591489580244722,0.7543463479908978,0.08142838387308787,0.5956556808131148,0.7320134444373079,186.30615471778438,0.06600637528495341,186.2242101169785,186.38809931859026,0.08194460080587952,186.22655458701772,186.37088926089928,0.5843589743589744,0.12534108625145865,0.4287524100974092,0.7399655386205397,0.7777777777777778,0.1360827634879543,0.6088357978184066,0.946719757737149,0.6622902711323764,0.11402926207222676,0.520726940009304,0.8038536022554488,9.0,0.0,9.0,9.0,0.6271428571428572,0.10331248418151169,0.49888403005274773,0.7554016842329667,0.5,0.1559023911155809,0.3064526471951172,0.6935473528048828,0.5485645933014354,0.12216661250730795,0.3968990268997007,0.70023015970317,12.0,0.0,12.0,12.0,0.4976190476190476,0.22719077062790954,0.21556967094121532,0.7796684242968799,0.45,0.2091650066335189,0.1903289773578885,0.7096710226421115,0.4645564892623716,0.21010241230948554,0.20372171033795194,0.7253912681867912,8.0,0.0,8.0,8.0,0.45,0.4645564892623716,0.35,0.400061919504644
10,inceptiontime,inception_time,0,15,0,5.0,2.5,50.0,0.9,generalization,gen_093,generalization_inceptiontime_ep15_wd0.01_do0.5_ls0.3_sqinone_samplerclass_subject_balanced_wps50pct_trainov00,generalization,generalization_grid,wd0.01_do0.5_ls0.3,0.001,0.01,0.5,0.3,static_only,0,model=inceptiontime|resolved_model=inception_time|extra_input=0|cnn_epochs=15|cnn_patience=0|window_sec=5|hop_sec=2p5|overlap_pct=50|max_windows_fraction=0p9|overfit_stage=generalization|overfit_config_id=gen_093|overfit_config_name=generalization_inceptiontime_ep15_wd0-01_do0-5_ls0-3_sqinone_samplerclass_subject_balanced_wps50pct_trainov00|stage1_screen_group=generalization|stage1_regularization_factor=generalization_grid|stage1_regularization_value=wd0-01_do0-5_ls0-3|cnn_lr=0p001|cnn_weight_decay=0p01|cnn_dropout=0p5|cnn_label_smoothing=0p3|dynamic_data_mode=static_only|stage2_fixed_epoch=0,20260630_0630_overfitting_sweep_generalization_rank2,1,overfitting,5,5,5,0,0,True,0.5666666666666667,0.07547858279608431,0.47296265232081935,0.660370681012514,0.09370401434584728,0.4675925925925925,0.6620370370370371,0.5354932762455982,0.10450803877187433,0.40575021004637285,0.6652363424448235,0.12974306619922532,0.3621052631578947,0.6178266178266177,0.5496296296296296,0.07694271736707704,0.4541079435448308,0.6451513157144284,0.09552168608479879,0.4861111111111111,0.6833333333333332,0.526476764990428,0.08646215372723999,0.4191370324053792,0.6338164975754766,0.10733973258504874,0.4118183940242764,0.6546201814058956,0.5179694027939061,0.05684599206575092,0.44739709660177945,0.5885417089860328,0.07057230619212666,0.4785091007845739,0.615382687416472,0.49968003774216785,0.06102502932857273,0.42391960330066447,0.5754404721836712,0.07576043444150338,0.4214629859348495,0.591868020694568,15.0,0.0,15.0,15.0,0.0,15.0,15.0,0.5666666666666667,0.07547858279608431,0.47296265232081935,0.660370681012514,0.09370401434584728,0.4675925925925925,0.6620370370370371,0.5354932762455982,0.10450803877187433,0.40575021004637285,0.6652363424448235,0.12974306619922532,0.3621052631578947,0.6178266178266177,0.9801883671544195,0.0017927831648142125,0.9779626897082943,0.9824140446005447,0.0022256774461252805,0.9777076699894572,0.9827302323071756,0.5259044401390894,0.0631230469060899,0.4475393904292704,0.6042694898489085,0.07836504970981904,0.4642182119620847,0.6300995957519497,0.45428392701533005,0.06283404652028797,0.37627766115245076,0.5322901928782093,0.07800626586287929,0.3504659676953158,0.5157123054912562,0.683386456730204,0.003628049922100503,0.678882359947327,0.687890553513081,0.004504096782876961,0.6788361274401028,0.6888792788423027,1.1644169540990377,0.06773397501765095,1.0803275987927468,1.2485063094053286,0.08408935530629086,1.0620779583483837,1.2254088962391865,0.4810304973688336,0.0673531649469724,0.39741390441451097,0.5646470903231562,0.08361659295432262,0.3797500985169729,0.5465727687990837,276.6156888670754,0.11182254189645086,276.4768651016854,276.7545126324654,0.13882376539001115,276.4411999050062,276.7082757272292,0.5618589743589744,0.10223555148853884,0.4349371214511235,0.6887808272668252,0.6666666666666666,0.13608276348795437,0.49772468670729536,0.835608646626038,0.5935584415584415,0.055722663910898584,0.5243807078879235,0.6627361752289596,9.0,0.0,9.0,9.0,0.49789682539682545,0.2966785271351618,0.12958083517899832,0.8662128156146526,0.4333333333333333,0.29697549468675766,0.06464866831155325,0.8020179983551133,0.44100409394527046,0.2587233722549143,0.11980809784559032,0.7622000900449506,12.0,0.0,12.0,12.0,0.5622294372294372,0.11158344560175065,0.4237025015068452,0.7007563729520292,0.6,0.18540496217739158,0.36982623954933525,0.8301737604506647,0.5719172932330827,0.12415037161399127,0.41778895944879724,0.7260456270173682,8.0,0.0,8.0,8.0,0.4333333333333333,0.44100409394527046,0.325,0.38364145658263304
8,small_inceptiontime,small_inception_time,0,10,0,5.0,2.5,50.0,0.9,generalization,gen_136,generalization_small_inceptiontime_ep10_wd0.005_do0.5_ls0.2_sqitop50_quality_samplerclass_subject_balanced_wps50pct_trainov30,generalization,generalization_grid,wd0.005_do0.5_ls0.2,0.001,0.005,0.5,0.2,static_only,0,model=small_inceptiontime|resolved_model=small_inception_time|extra_input=0|cnn_epochs=10|cnn_patience=0|window_sec=5|hop_sec=2p5|overlap_pct=50|max_windows_fraction=0p9|overfit_stage=generalization|overfit_config_id=gen_136|overfit_config_name=generalization_small_inceptiontime_ep10_wd0-005_do0-5_ls0-2_sqitop50_quality_samplerclass_subject_balanced_wps50pct_trainov30|stage1_screen_group=generalization|stage1_regularization_factor=generalization_grid|stage1_regularization_value=wd0-005_do0-5_ls0-2|cnn_lr=0p001|cnn_weight_decay=0p005|cnn_dropout=0p5|cnn_label_smoothing=0p2|dynamic_data_mode=static_only|stage2_fixed_epoch=0,20260630_0630_overfitting_sweep_generalization_rank2,1,overfitting,5,5,5,0,0,True,0.5666666666666667,0.0810912372067086,0.4659947386434748,0.6673385946898586,0.10067192802319187,0.4953703703703704,0.6898148148148149,0.5559574136347591,0.0874853633551238,0.4473474021692886,0.6645674251002297,0.10861001146547053,0.4695652173913043,0.6858314263920672,0.5188888888888888,0.06348368551426913,0.44007611899060534,0.5977016587871723,0.0788127698982835,0.4657407407407407,0.6148148148148148,0.5113424665808678,0.06549343194842439,0.430034666944064,0.5926502662176716,0.08130779963680382,0.4498120900890505,0.6102636424895812,0.48240123548799724,0.041181377900388616,0.4312759985981498,0.5335264723778447,0.051125236889847436,0.4329469968808454,0.5401393180179134,0.47444489343404345,0.04150192121997618,0.42292171325082173,0.5259680736172652,0.05152318018322173,0.4188252480431204,0.5314125562021083,10.0,0.0,10.0,10.0,0.0,10.0,10.0,0.5666666666666667,0.0810912372067086,0.4659947386434748,0.6673385946898586,0.10067192802319187,0.4953703703703704,0.6898148148148149,0.5559574136347591,0.0874853633551238,0.4473474021692886,0.6645674251002297,0.10861001146547053,0.4695652173913043,0.6858314263920672,0.9271686898488856,0.004482283960739971,0.9216040914555367,0.9327332882422344,0.005564598393348857,0.9202053487859664,0.9317533607713092,0.49509081938010413,0.037950187723807656,0.44797699181253414,0.5422046469476741,0.047113827567569974,0.4337995805136581,0.5260525199980732,0.43207787046878143,0.038164385650236346,0.3846981236850922,0.47945761725247066,0.047379746783689204,0.403648095547823,0.4947814006994001,0.6157745238088431,0.006596996220376484,0.6075845842846245,0.6239644633330618,0.00818993952421862,0.6087401660412697,0.6243144070293468,1.2438452900900383,0.08433919436201474,1.1391411371283133,1.3485494430517633,0.10470415296172493,1.1332516824826335,1.3282383945719407,0.6280707662811952,0.07999947337789033,0.5287542247754509,0.7273873077869395,0.09931654150574429,0.5234299286350428,0.7120214250631556,46.72841821503825,0.06936539699322333,46.64230350654513,46.814532923531374,0.08611470849311693,46.65657486999408,46.83728003804572,0.5844444444444445,0.07300854000444225,0.4938069016274571,0.675081987261432,0.7333333333333333,0.09938079899999065,0.6099555555555555,0.8567111111111111,0.6468853292651919,0.06832715998949414,0.5620595556127657,0.7317111029176182,9.0,0.0,9.0,9.0,0.6130735930735931,0.08747074354209126,0.504481731593448,0.7216654545537382,0.5666666666666667,0.14907119849998596,0.38160000000000005,0.7517333333333333,0.5846316002837741,0.11792448565888457,0.4382324856400896,0.7310307149274586,12.0,0.0,12.0,12.0,0.4878571428571428,0.1377571806343558,0.3168364327137243,0.6588778530005613,0.4,0.13693063937629152,0.2300054118508475,0.5699945881491526,0.4363553113553113,0.12883860372400288,0.27640670177067017,0.5963039209399524,8.0,0.0,8.0,8.0,0.4,0.4363553113553113,0.39166666666666666,0.4363553113553114
