case_id,repeat,balanced_accuracy,macro_f1,macro_roc_auc_ovr,macro_pr_auc_ovr,worst_class_recall,worst_class_f1,n_predictions,class_order,balance_line,declared_source_line,view_role,quality_weighting,quality_weight_source,metric_source,expected_calibration_error
compact_cnn__b0_star_fixed10,0,0.4259259259259259,0.4184257435031429,0.6267195767195767,0.5101436717972265,0.3333333333333333,0.36363636363636365,29,"[0, 1, 2]",line_a_equal_files,line_a_equal_files,declared_source_line,False,none,file_oof_reaggregation,0.3298864984165619
compact_cnn__b0_star_fixed10,1,0.5740740740740741,0.5499999999999999,0.7457671957671957,0.6968398870746652,0.25,0.4,29,"[0, 1, 2]",line_a_equal_files,line_a_equal_files,declared_source_line,False,none,file_oof_reaggregation,0.25169084987703877
compact_cnn__b0_star_fixed10,2,0.6018518518518519,0.5922136970730322,0.7051198257080609,0.6445093237165129,0.5,0.5217391304347826,29,"[0, 1, 2]",line_a_equal_files,line_a_equal_files,declared_source_line,False,none,file_oof_reaggregation,0.27045749254335905
compact_cnn__b0_star_fixed10,3,0.5601851851851852,0.5601851851851852,0.6808278867102396,0.5788848284068872,0.5,0.5,29,"[0, 1, 2]",line_a_equal_files,line_a_equal_files,declared_source_line,False,none,file_oof_reaggregation,0.32141844768242345
compact_cnn__b0_star_fixed10,4,0.5277777777777778,0.525879917184265,0.7007469654528479,0.6188274452410588,0.4166666666666667,0.43478260869565216,29,"[0, 1, 2]",line_a_equal_files,line_a_equal_files,declared_source_line,False,none,file_oof_reaggregation,0.3379102274200063
compact_cnn__b0_star_fixed10,0,0.4212962962962963,0.4142977765268787,0.6207516339869281,0.5021432332313237,0.3333333333333333,0.35294117647058826,29,"[0, 1, 2]",line_b_equal_role_families,line_a_equal_files,posthoc_aggregation_only,False,none,file_oof_reaggregation,0.31472608168097477
compact_cnn__b0_star_fixed10,1,0.5740740740740741,0.5499999999999999,0.7478835978835979,0.6935702792728936,0.25,0.4,29,"[0, 1, 2]",line_b_equal_role_families,line_a_equal_files,posthoc_aggregation_only,False,none,file_oof_reaggregation,0.2284249484675686
compact_cnn__b0_star_fixed10,2,0.5601851851851852,0.5576849733028223,0.6823918456271398,0.6040190647829536,0.5,0.5217391304347826,29,"[0, 1, 2]",line_b_equal_role_families,line_a_equal_files,posthoc_aggregation_only,False,none,file_oof_reaggregation,0.3620408339097594
compact_cnn__b0_star_fixed10,3,0.5833333333333334,0.584920634920635,0.6788437597261127,0.58201119220427,0.5,0.5714285714285714,29,"[0, 1, 2]",line_b_equal_role_families,line_a_equal_files,posthoc_aggregation_only,False,none,file_oof_reaggregation,0.27350276983572175
compact_cnn__b0_star_fixed10,4,0.5972222222222222,0.5945165945165946,0.6897214441332088,0.6173739371939836,0.5,0.5454545454545454,29,"[0, 1, 2]",line_b_equal_role_families,line_a_equal_files,posthoc_aggregation_only,False,none,file_oof_reaggregation,0.28539088616560154
compact_cnn__b1_star_fixed10,0,0.5740740740740741,0.5836419753086419,0.6264394646747588,0.520509369857196,0.5,0.5333333333333333,29,"[0, 1, 2]",line_a_equal_files,line_a_equal_files,declared_source_line,False,none,file_oof_reaggregation,0.2654247435918833
compact_cnn__b1_star_fixed10,1,0.36574074074074076,0.34595959595959597,0.5916277622159974,0.4791402507109206,0.125,0.16666666666666666,29,"[0, 1, 2]",line_a_equal_files,line_a_equal_files,declared_source_line,False,none,file_oof_reaggregation,0.35316246648696703
compact_cnn__b1_star_fixed10,2,0.4166666666666667,0.3633156966490299,0.660286336756925,0.5547214955287206,0.0,0.0,29,"[0, 1, 2]",line_a_equal_files,line_a_equal_files,declared_source_line,False,none,file_oof_reaggregation,0.2852126500958814
compact_cnn__b1_star_fixed10,3,0.5185185185185185,0.5295075295075294,0.6636632430750078,0.5985685267457433,0.5,0.46153846153846156,29,"[0, 1, 2]",line_a_equal_files,line_a_equal_files,declared_source_line,False,none,file_oof_reaggregation,0.25572158582432697
compact_cnn__b1_star_fixed10,4,0.3703703703703704,0.37142857142857144,0.6431605975723622,0.5561767858855661,0.25,0.3333333333333333,29,"[0, 1, 2]",line_a_equal_files,line_a_equal_files,declared_source_line,False,none,file_oof_reaggregation,0.3292601964182069
compact_cnn__b1_star_fixed10,0,0.5046296296296297,0.5165912518853696,0.619421101774043,0.5056055504796922,0.375,0.46153846153846156,29,"[0, 1, 2]",line_b_equal_role_families,line_a_equal_files,posthoc_aggregation_only,False,none,file_oof_reaggregation,0.3429500279896751
compact_cnn__b1_star_fixed10,1,0.4351851851851852,0.4292929292929293,0.5970354808590103,0.4913059653751257,0.25,0.3333333333333333,29,"[0, 1, 2]",line_b_equal_role_families,line_a_equal_files,posthoc_aggregation_only,False,none,file_oof_reaggregation,0.36908439373671653
compact_cnn__b1_star_fixed10,2,0.39814814814814814,0.3333333333333333,0.6627528789293495,0.5615817767352855,0.0,0.0,29,"[0, 1, 2]",line_b_equal_role_families,line_a_equal_files,posthoc_aggregation_only,False,none,file_oof_reaggregation,0.3410617955425294
compact_cnn__b1_star_fixed10,3,0.5046296296296297,0.5185185185185185,0.6504824151882975,0.5729843368908276,0.375,0.5,29,"[0, 1, 2]",line_b_equal_role_families,line_a_equal_files,posthoc_aggregation_only,False,none,file_oof_reaggregation,0.28775947279433206
compact_cnn__b1_star_fixed10,4,0.5046296296296297,0.5087719298245613,0.6450980392156862,0.5375994080388645,0.375,0.46153846153846156,29,"[0, 1, 2]",line_b_equal_role_families,line_a_equal_files,posthoc_aggregation_only,False,none,file_oof_reaggregation,0.3261691338230533
compact_cnn__b2_star_fixed10,0,0.6435185185185185,0.6607142857142857,0.8096016184251479,0.727045628803352,0.5555555555555556,0.625,29,"[0, 1, 2]",line_a_equal_files,line_a_equal_files,declared_source_line,False,none,file_oof_reaggregation,0.10317113150407825
compact_cnn__b2_star_fixed10,1,0.5277777777777778,0.5384615384615384,0.6943588546529723,0.5842081717525736,0.3333333333333333,0.4,29,"[0, 1, 2]",line_a_equal_files,line_a_equal_files,declared_source_line,False,none,file_oof_reaggregation,0.30046509239813596
compact_cnn__b2_star_fixed10,2,0.4953703703703704,0.4752747252747253,0.7169779022720201,0.6265292456877425,0.3333333333333333,0.38095238095238093,29,"[0, 1, 2]",line_a_equal_files,line_a_equal_files,declared_source_line,False,none,file_oof_reaggregation,0.2704456368581854
compact_cnn__b2_star_fixed10,3,0.5694444444444444,0.5883430295195001,0.750046685340803,0.6866339692596246,0.3333333333333333,0.35294117647058826,29,"[0, 1, 2]",line_a_equal_files,line_a_equal_files,declared_source_line,False,none,file_oof_reaggregation,0.15337960419532098
compact_cnn__b2_star_fixed10,4,0.6064814814814815,0.5959595959595959,0.7630796763149704,0.6824607505593058,0.4166666666666667,0.45454545454545453,29,"[0, 1, 2]",line_a_equal_files,line_a_equal_files,declared_source_line,False,none,file_oof_reaggregation,0.1801434669697731
compact_cnn__b2_star_fixed10,0,0.6064814814814815,0.6227695675971537,0.8002100840336134,0.7001513622018006,0.4444444444444444,0.5333333333333333,29,"[0, 1, 2]",line_b_equal_role_families,line_a_equal_files,posthoc_aggregation_only,False,none,file_oof_reaggregation,0.14137253725792248
compact_cnn__b2_star_fixed10,1,0.4444444444444444,0.4397605083088954,0.6966619981325864,0.5975159805174687,0.25,0.36363636363636365,29,"[0, 1, 2]",line_b_equal_role_families,line_a_equal_files,posthoc_aggregation_only,False,none,file_oof_reaggregation,0.31402804770626025
compact_cnn__b2_star_fixed10,2,0.4444444444444444,0.4318181818181818,0.7247354497354497,0.6229462417575163,0.25,0.3333333333333333,29,"[0, 1, 2]",line_b_equal_role_families,line_a_equal_files,posthoc_aggregation_only,False,none,file_oof_reaggregation,0.3116004395379395
compact_cnn__b2_star_fixed10,3,0.5787037037037037,0.5913715913715913,0.7498288204170557,0.6957860464709125,0.4444444444444444,0.4444444444444444,29,"[0, 1, 2]",line_b_equal_role_families,line_a_equal_files,posthoc_aggregation_only,False,none,file_oof_reaggregation,0.1761865401439402
compact_cnn__b2_star_fixed10,4,0.5231481481481481,0.5144927536231884,0.7620992841581077,0.6799555651169213,0.375,0.43478260869565216,29,"[0, 1, 2]",line_b_equal_role_families,line_a_equal_files,posthoc_aggregation_only,False,none,file_oof_reaggregation,0.2361950477582046
compact_cnn__b3_star_fixed10,0,0.4444444444444444,0.4397605083088954,0.6796218487394957,0.55695998192838,0.25,0.36363636363636365,29,"[0, 1, 2]",line_a_equal_files,line_a_equal_files,declared_source_line,False,none,file_oof_reaggregation,0.2913488653377949
compact_cnn__b3_star_fixed10,1,0.3194444444444444,0.3261904761904762,0.6210862122626828,0.5183894895885286,0.25,0.25,29,"[0, 1, 2]",line_a_equal_files,line_a_equal_files,declared_source_line,False,none,file_oof_reaggregation,0.41527587305243235
compact_cnn__b3_star_fixed10,2,0.5370370370370371,0.52,0.7126906318082789,0.6096116877300227,0.25,0.36363636363636365,29,"[0, 1, 2]",line_a_equal_files,line_a_equal_files,declared_source_line,False,none,file_oof_reaggregation,0.2655009140549248
compact_cnn__b3_star_fixed10,3,0.5416666666666666,0.5553366174055829,0.6973078120136944,0.6136360905223732,0.3333333333333333,0.4,29,"[0, 1, 2]",line_a_equal_files,line_a_equal_files,declared_source_line,False,none,file_oof_reaggregation,0.24323128571383942
compact_cnn__b3_star_fixed10,4,0.5185185185185185,0.540952380952381,0.6322673513849985,0.5866169608696205,0.5,0.47619047619047616,29,"[0, 1, 2]",line_a_equal_files,line_a_equal_files,declared_source_line,False,none,file_oof_reaggregation,0.46472907311933775
compact_cnn__b3_star_fixed10,0,0.4166666666666667,0.4166369578134284,0.6427482103952692,0.49169593201530076,0.25,0.35294117647058826,29,"[0, 1, 2]",line_b_equal_role_families,line_a_equal_files,posthoc_aggregation_only,False,none,file_oof_reaggregation,0.2979204165645607
compact_cnn__b3_star_fixed10,1,0.375,0.37918552036199094,0.6422657952069717,0.566618244052981,0.3333333333333333,0.35294117647058826,29,"[0, 1, 2]",line_b_equal_role_families,line_a_equal_files,posthoc_aggregation_only,False,none,file_oof_reaggregation,0.3555628224100558
compact_cnn__b3_star_fixed10,2,0.46759259259259256,0.4295652173913043,0.7015328353563648,0.5722622947561626,0.125,0.2,29,"[0, 1, 2]",line_b_equal_role_families,line_a_equal_files,posthoc_aggregation_only,False,none,file_oof_reaggregation,0.3037941729896829
compact_cnn__b3_star_fixed10,3,0.5509259259259259,0.5657305657305657,0.6875661375661375,0.5914266747298148,0.4444444444444444,0.4444444444444444,29,"[0, 1, 2]",line_b_equal_role_families,line_a_equal_files,posthoc_aggregation_only,False,none,file_oof_reaggregation,0.2609169390341822
compact_cnn__b3_star_fixed10,4,0.5092592592592592,0.5354126055880442,0.6274120759414877,0.5888774352052581,0.4444444444444444,0.42105263157894735,29,"[0, 1, 2]",line_b_equal_role_families,line_a_equal_files,posthoc_aggregation_only,False,none,file_oof_reaggregation,0.36847510046106957
compact_cnn__b4_star_fixed10,0,0.38888888888888884,0.3878718535469107,0.5338390911920324,0.45666645145582146,0.3333333333333333,0.3157894736842105,29,"[0, 1, 2]",line_a_equal_files,line_a_equal_files,declared_source_line,False,none,file_oof_reaggregation,0.37223128513214154
compact_cnn__b4_star_fixed10,1,0.46759259259259256,0.47049247049247045,0.642016806722689,0.5845266297902176,0.375,0.42857142857142855,29,"[0, 1, 2]",line_a_equal_files,line_a_equal_files,declared_source_line,False,none,file_oof_reaggregation,0.3073985259471128
compact_cnn__b4_star_fixed10,2,0.4305555555555556,0.4333437078535118,0.6770619358854653,0.575704854101612,0.3333333333333333,0.35294117647058826,29,"[0, 1, 2]",line_a_equal_files,line_a_equal_files,declared_source_line,False,none,file_oof_reaggregation,0.34070802826540086
compact_cnn__b4_star_fixed10,3,0.47222222222222215,0.4488888888888889,0.5786103330220977,0.5189855990004338,0.25,0.3333333333333333,29,"[0, 1, 2]",line_a_equal_files,line_a_equal_files,declared_source_line,False,none,file_oof_reaggregation,0.3748143900933875
compact_cnn__b4_star_fixed10,4,0.40740740740740744,0.39889579020013805,0.5428026766262061,0.45386877373806706,0.25,0.2857142857142857,29,"[0, 1, 2]",line_a_equal_files,line_a_equal_files,declared_source_line,False,none,file_oof_reaggregation,0.38781085201789767
compact_cnn__b4_star_fixed10,0,0.3796296296296296,0.3796296296296296,0.5443899782135077,0.4466798304934449,0.2222222222222222,0.2222222222222222,29,"[0, 1, 2]",line_b_equal_role_families,line_a_equal_files,posthoc_aggregation_only,False,none,file_oof_reaggregation,0.4119992204473365
compact_cnn__b4_star_fixed10,1,0.4259259259259259,0.42430149447693305,0.6215997510115158,0.5185793568189508,0.25,0.3333333333333333,29,"[0, 1, 2]",line_b_equal_role_families,line_a_equal_files,posthoc_aggregation_only,False,none,file_oof_reaggregation,0.33349036019816336
compact_cnn__b4_star_fixed10,2,0.4305555555555556,0.43779677113010446,0.6955026455026454,0.5941092225452129,0.3333333333333333,0.3333333333333333,29,"[0, 1, 2]",line_b_equal_role_families,line_a_equal_files,posthoc_aggregation_only,False,none,file_oof_reaggregation,0.3419424861840191
compact_cnn__b4_star_fixed10,3,0.4537037037037037,0.45772005772005775,0.599587612822907,0.5202354517305497,0.4166666666666667,0.36363636363636365,29,"[0, 1, 2]",line_b_equal_role_families,line_a_equal_files,posthoc_aggregation_only,False,none,file_oof_reaggregation,0.3312051948445185
compact_cnn__b4_star_fixed10,4,0.41203703703703703,0.4115942028985507,0.5564425770308122,0.46858319713002666,0.375,0.4,29,"[0, 1, 2]",line_b_equal_role_families,line_a_equal_files,posthoc_aggregation_only,False,none,file_oof_reaggregation,0.3840804458894611
compact_cnn__b5_star_fixed10,0,0.4953703703703704,0.4953703703703704,0.6709617180205415,0.5810115021144432,0.4166666666666667,0.4166666666666667,29,"[0, 1, 2]",line_a_equal_files,line_a_equal_files,declared_source_line,False,none,file_oof_reaggregation,0.31406856169278285
compact_cnn__b5_star_fixed10,1,0.5324074074074074,0.5460875331564986,0.6768907563025209,0.5621699305517507,0.375,0.46153846153846156,29,"[0, 1, 2]",line_a_equal_files,line_a_equal_files,declared_source_line,False,none,file_oof_reaggregation,0.3118689929797982
compact_cnn__b5_star_fixed10,2,0.49074074074074076,0.49210526315789477,0.6709539371304077,0.5658127245019828,0.4166666666666667,0.4166666666666667,29,"[0, 1, 2]",line_a_equal_files,line_a_equal_files,declared_source_line,False,none,file_oof_reaggregation,0.3856902036385056
compact_cnn__b5_star_fixed10,3,0.5787037037037037,0.6037491919844861,0.7382664176781825,0.6649518676866458,0.4444444444444444,0.47058823529411764,29,"[0, 1, 2]",line_a_equal_files,line_a_equal_files,declared_source_line,False,none,file_oof_reaggregation,0.2273197992834981
compact_cnn__b5_star_fixed10,4,0.5185185185185185,0.5317948717948718,0.7145891690009337,0.6434427718521024,0.5,0.48,29,"[0, 1, 2]",line_a_equal_files,line_a_equal_files,declared_source_line,False,none,file_oof_reaggregation,0.22844585207130375
compact_cnn__b5_star_fixed10,0,0.4490740740740741,0.44841269841269843,0.661391223155929,0.5508383157999527,0.375,0.4166666666666667,29,"[0, 1, 2]",line_b_equal_role_families,line_a_equal_files,posthoc_aggregation_only,False,none,file_oof_reaggregation,0.36951105770001524
compact_cnn__b5_star_fixed10,1,0.46759259259259256,0.4844489519945909,0.6749922191098662,0.5601940601668862,0.375,0.47058823529411764,29,"[0, 1, 2]",line_b_equal_role_families,line_a_equal_files,posthoc_aggregation_only,False,none,file_oof_reaggregation,0.397423579070337
compact_cnn__b5_star_fixed10,2,0.4490740740740741,0.44841269841269843,0.6355431061313414,0.5063859179496099,0.375,0.4166666666666667,29,"[0, 1, 2]",line_b_equal_role_families,line_a_equal_files,posthoc_aggregation_only,False,none,file_oof_reaggregation,0.3822443962193003
compact_cnn__b5_star_fixed10,3,0.5370370370370371,0.5608465608465608,0.7343837535014005,0.6592257247301107,0.4444444444444444,0.4444444444444444,29,"[0, 1, 2]",line_b_equal_role_families,line_a_equal_files,posthoc_aggregation_only,False,none,file_oof_reaggregation,0.3144594373639414
compact_cnn__b5_star_fixed10,4,0.5277777777777778,0.5344932844932845,0.7177248677248677,0.6406206522808691,0.4166666666666667,0.4166666666666667,29,"[0, 1, 2]",line_b_equal_role_families,line_a_equal_files,posthoc_aggregation_only,False,none,file_oof_reaggregation,0.2830701599502568
compact_cnn__b6_star_fixed10,0,0.4490740740740741,0.44841269841269843,0.6630018674136321,0.5504922613470974,0.375,0.4166666666666667,29,"[0, 1, 2]",line_a_equal_files,line_a_equal_files,declared_source_line,False,none,file_oof_reaggregation,0.3205906214516593
compact_cnn__b6_star_fixed10,1,0.4305555555555555,0.40952380952380957,0.621171802054155,0.5172913529117303,0.25,0.3,29,"[0, 1, 2]",line_a_equal_files,line_a_equal_files,declared_source_line,False,none,file_oof_reaggregation,0.34700758151734395
compact_cnn__b6_star_fixed10,2,0.6064814814814815,0.5892857142857143,0.7182228446934329,0.6227220202366401,0.4166666666666667,0.47619047619047616,29,"[0, 1, 2]",line_a_equal_files,line_a_equal_files,declared_source_line,False,none,file_oof_reaggregation,0.18585016816113709
compact_cnn__b6_star_fixed10,3,0.48148148148148145,0.48592592592592593,0.6977980080921258,0.6292625819551082,0.4444444444444444,0.4444444444444444,29,"[0, 1, 2]",line_a_equal_files,line_a_equal_files,declared_source_line,False,none,file_oof_reaggregation,0.28379534867324746
compact_cnn__b6_star_fixed10,4,0.49074074074074076,0.5027472527472527,0.6691954559601618,0.5945061513054719,0.4166666666666667,0.4166666666666667,29,"[0, 1, 2]",line_a_equal_files,line_a_equal_files,declared_source_line,False,none,file_oof_reaggregation,0.2633494765164362
compact_cnn__b6_star_fixed10,0,0.4490740740740741,0.44841269841269843,0.6245331465919701,0.508322204491583,0.375,0.4166666666666667,29,"[0, 1, 2]",line_b_equal_role_families,line_a_equal_files,posthoc_aggregation_only,False,none,file_oof_reaggregation,0.3558103279934203
compact_cnn__b6_star_fixed10,1,0.5,0.4865800865800865,0.627077497665733,0.5333389663407724,0.3333333333333333,0.38095238095238093,29,"[0, 1, 2]",line_b_equal_role_families,line_a_equal_files,posthoc_aggregation_only,False,none,file_oof_reaggregation,0.33014852894617597
compact_cnn__b6_star_fixed10,2,0.5324074074074073,0.5069423330292896,0.7098350451291627,0.600896943319329,0.3333333333333333,0.36363636363636365,29,"[0, 1, 2]",line_b_equal_role_families,line_a_equal_files,posthoc_aggregation_only,False,none,file_oof_reaggregation,0.2816398735514226
compact_cnn__b6_star_fixed10,3,0.5185185185185185,0.5198830409356724,0.6988173046996576,0.6164822489444185,0.5,0.5,29,"[0, 1, 2]",line_b_equal_role_families,line_a_equal_files,posthoc_aggregation_only,False,none,file_oof_reaggregation,0.22539928697608677
compact_cnn__b6_star_fixed10,4,0.48148148148148145,0.4924704924704925,0.6540694055399938,0.572239891254442,0.4444444444444444,0.4444444444444444,29,"[0, 1, 2]",line_b_equal_role_families,line_a_equal_files,posthoc_aggregation_only,False,none,file_oof_reaggregation,0.2657593471848638
compact_cnn__b7_star_fixed10,0,0.4259259259259259,0.4184257435031429,0.6267195767195767,0.5101436717972265,0.3333333333333333,0.36363636363636365,29,"[0, 1, 2]",line_a_equal_files,line_a_equal_files,declared_source_line,False,none,file_oof_reaggregation,0.3298864984165619
compact_cnn__b7_star_fixed10,1,0.5740740740740741,0.5499999999999999,0.7457671957671957,0.6968398870746652,0.25,0.4,29,"[0, 1, 2]",line_a_equal_files,line_a_equal_files,declared_source_line,False,none,file_oof_reaggregation,0.25169084987703877
compact_cnn__b7_star_fixed10,2,0.6018518518518519,0.5922136970730322,0.7051198257080609,0.6445093237165129,0.5,0.5217391304347826,29,"[0, 1, 2]",line_a_equal_files,line_a_equal_files,declared_source_line,False,none,file_oof_reaggregation,0.27045749254335905
compact_cnn__b7_star_fixed10,3,0.5601851851851852,0.5601851851851852,0.6808278867102396,0.5788848284068872,0.5,0.5,29,"[0, 1, 2]",line_a_equal_files,line_a_equal_files,declared_source_line,False,none,file_oof_reaggregation,0.32141844768242345
compact_cnn__b7_star_fixed10,4,0.5277777777777778,0.525879917184265,0.7007469654528479,0.6188274452410588,0.4166666666666667,0.43478260869565216,29,"[0, 1, 2]",line_a_equal_files,line_a_equal_files,declared_source_line,False,none,file_oof_reaggregation,0.3379102274200063
compact_cnn__b7_star_fixed10,0,0.4212962962962963,0.4142977765268787,0.6207516339869281,0.5021432332313237,0.3333333333333333,0.35294117647058826,29,"[0, 1, 2]",line_b_equal_role_families,line_a_equal_files,posthoc_aggregation_only,False,none,file_oof_reaggregation,0.31472608168097477
compact_cnn__b7_star_fixed10,1,0.5740740740740741,0.5499999999999999,0.7478835978835979,0.6935702792728936,0.25,0.4,29,"[0, 1, 2]",line_b_equal_role_families,line_a_equal_files,posthoc_aggregation_only,False,none,file_oof_reaggregation,0.2284249484675686
compact_cnn__b7_star_fixed10,2,0.5601851851851852,0.5576849733028223,0.6823918456271398,0.6040190647829536,0.5,0.5217391304347826,29,"[0, 1, 2]",line_b_equal_role_families,line_a_equal_files,posthoc_aggregation_only,False,none,file_oof_reaggregation,0.3620408339097594
compact_cnn__b7_star_fixed10,3,0.5833333333333334,0.584920634920635,0.6788437597261127,0.58201119220427,0.5,0.5714285714285714,29,"[0, 1, 2]",line_b_equal_role_families,line_a_equal_files,posthoc_aggregation_only,False,none,file_oof_reaggregation,0.27350276983572175
compact_cnn__b7_star_fixed10,4,0.5972222222222222,0.5945165945165946,0.6897214441332088,0.6173739371939836,0.5,0.5454545454545454,29,"[0, 1, 2]",line_b_equal_role_families,line_a_equal_files,posthoc_aggregation_only,False,none,file_oof_reaggregation,0.28539088616560154
inception_full__b0_star_fixed10,0,0.5787037037037037,0.5801282051282052,0.697416744475568,0.6167758328797369,0.4444444444444444,0.5,29,"[0, 1, 2]",line_a_equal_files,line_a_equal_files,declared_source_line,False,none,file_oof_reaggregation,0.2360109894233011
inception_full__b0_star_fixed10,1,0.5694444444444444,0.5734989648033126,0.7041861188920012,0.5900729023468205,0.4166666666666667,0.43478260869565216,29,"[0, 1, 2]",line_a_equal_files,line_a_equal_files,declared_source_line,False,none,file_oof_reaggregation,0.24182860293169614
inception_full__b0_star_fixed10,2,0.5601851851851852,0.5674074074074075,0.746164021164021,0.6748588039704311,0.5,0.48,29,"[0, 1, 2]",line_a_equal_files,line_a_equal_files,declared_source_line,False,none,file_oof_reaggregation,0.29336967334457287
inception_full__b0_star_fixed10,3,0.5972222222222222,0.6047619047619048,0.751384998443822,0.6733380951948202,0.5,0.5,29,"[0, 1, 2]",line_a_equal_files,line_a_equal_files,declared_source_line,False,none,file_oof_reaggregation,0.2238229750095496
inception_full__b0_star_fixed10,4,0.5324074074074074,0.5365497076023392,0.7420634920634921,0.6734852189085597,0.4166666666666667,0.4166666666666667,29,"[0, 1, 2]",line_a_equal_files,line_a_equal_files,declared_source_line,False,none,file_oof_reaggregation,0.3178093835917266
inception_full__b0_star_fixed10,0,0.5787037037037037,0.5924888473908082,0.686297852474323,0.6000858518750677,0.4444444444444444,0.47058823529411764,29,"[0, 1, 2]",line_b_equal_role_families,line_a_equal_files,posthoc_aggregation_only,False,none,file_oof_reaggregation,0.22565081212520605
inception_full__b0_star_fixed10,1,0.5879629629629629,0.6027676027676029,0.7276688453159043,0.6173182325924518,0.5555555555555556,0.5384615384615384,29,"[0, 1, 2]",line_b_equal_role_families,line_a_equal_files,posthoc_aggregation_only,False,none,file_oof_reaggregation,0.2047049322187503
inception_full__b0_star_fixed10,2,0.5324074074074074,0.5324074074074074,0.7520697167755991,0.6696007493540529,0.4166666666666667,0.4166666666666667,29,"[0, 1, 2]",line_b_equal_role_families,line_a_equal_files,posthoc_aggregation_only,False,none,file_oof_reaggregation,0.28413205860795054
inception_full__b0_star_fixed10,3,0.625,0.6352882205513785,0.7445611577964519,0.6528072372435118,0.5833333333333334,0.56,29,"[0, 1, 2]",line_b_equal_role_families,line_a_equal_files,posthoc_aggregation_only,False,none,file_oof_reaggregation,0.28427448900475044
inception_full__b0_star_fixed10,4,0.5416666666666666,0.5339105339105339,0.7294428882664178,0.6386175794146809,0.3333333333333333,0.36363636363636365,29,"[0, 1, 2]",line_b_equal_role_families,line_a_equal_files,posthoc_aggregation_only,False,none,file_oof_reaggregation,0.325444712962843
inception_full__b1_star_fixed10,0,0.48148148148148145,0.48034188034188036,0.5643401805166511,0.5281505506665353,0.25,0.3076923076923077,29,"[0, 1, 2]",line_a_equal_files,line_a_equal_files,declared_source_line,False,none,file_oof_reaggregation,0.3063940309885972
inception_full__b1_star_fixed10,1,0.47685185185185186,0.47924297924297926,0.6870136943666355,0.6573287599827952,0.375,0.46153846153846156,29,"[0, 1, 2]",line_a_equal_files,line_a_equal_files,declared_source_line,False,none,file_oof_reaggregation,0.2972437513979625
inception_full__b1_star_fixed10,2,0.5277777777777778,0.5197691197691198,0.7210862122626828,0.6309615404014477,0.4166666666666667,0.45454545454545453,29,"[0, 1, 2]",line_a_equal_files,line_a_equal_files,declared_source_line,False,none,file_oof_reaggregation,0.20616267313765163
inception_full__b1_star_fixed10,3,0.5092592592592592,0.5261158594491927,0.7195689386865857,0.6264385821293716,0.4444444444444444,0.4444444444444444,29,"[0, 1, 2]",line_a_equal_files,line_a_equal_files,declared_source_line,False,none,file_oof_reaggregation,0.22016278796181127
inception_full__b1_star_fixed10,4,0.5185185185185185,0.5185185185185185,0.7083177715530656,0.6312189205479016,0.5,0.5,29,"[0, 1, 2]",line_a_equal_files,line_a_equal_files,declared_source_line,False,none,file_oof_reaggregation,0.2033453897498039
inception_full__b1_star_fixed10,0,0.3888888888888889,0.38848364279398767,0.5509181450357921,0.5101019429513899,0.25,0.3076923076923077,29,"[0, 1, 2]",line_b_equal_role_families,line_a_equal_files,posthoc_aggregation_only,False,none,file_oof_reaggregation,0.3968885153488369
inception_full__b1_star_fixed10,1,0.5046296296296297,0.5128205128205128,0.6750077808901339,0.6303284716940222,0.375,0.5,29,"[0, 1, 2]",line_b_equal_role_families,line_a_equal_files,posthoc_aggregation_only,False,none,file_oof_reaggregation,0.24608220287916258
inception_full__b1_star_fixed10,2,0.5185185185185185,0.5198830409356724,0.7151805166511048,0.6254940222941806,0.5,0.5,29,"[0, 1, 2]",line_b_equal_role_families,line_a_equal_files,posthoc_aggregation_only,False,none,file_oof_reaggregation,0.23808805148966505
inception_full__b1_star_fixed10,3,0.46759259259259256,0.48148148148148145,0.6859477124183005,0.6063787138787139,0.375,0.4444444444444444,29,"[0, 1, 2]",line_b_equal_role_families,line_a_equal_files,posthoc_aggregation_only,False,none,file_oof_reaggregation,0.28688566828835355
inception_full__b1_star_fixed10,4,0.5879629629629629,0.5879629629629629,0.7012605042016807,0.6081571578845307,0.5555555555555556,0.5555555555555556,29,"[0, 1, 2]",line_b_equal_role_families,line_a_equal_files,posthoc_aggregation_only,False,none,file_oof_reaggregation,0.2861748661073229
inception_full__b2_star_fixed10,0,0.4305555555555556,0.45384883315917796,0.6798708372237784,0.6465329422867263,0.3333333333333333,0.3333333333333333,29,"[0, 1, 2]",line_a_equal_files,line_a_equal_files,declared_source_line,False,none,file_oof_reaggregation,0.3525227260035884
inception_full__b2_star_fixed10,1,0.5277777777777778,0.5415337350821222,0.6909975101151572,0.6280217001159983,0.3333333333333333,0.42857142857142855,29,"[0, 1, 2]",line_a_equal_files,line_a_equal_files,declared_source_line,False,none,file_oof_reaggregation,0.3221228600604762
inception_full__b2_star_fixed10,2,0.5740740740740741,0.5807895807895808,0.7521942110177404,0.655456744089785,0.5,0.5555555555555556,29,"[0, 1, 2]",line_a_equal_files,line_a_equal_files,declared_source_line,False,none,file_oof_reaggregation,0.1388156946398434
inception_full__b2_star_fixed10,3,0.513888888888889,0.5145061728395062,0.7271786492374727,0.6492103421270087,0.3333333333333333,0.4,29,"[0, 1, 2]",line_a_equal_files,line_a_equal_files,declared_source_line,False,none,file_oof_reaggregation,0.23386155823308077
inception_full__b2_star_fixed10,4,0.5,0.5002533698185873,0.7231792717086835,0.6304800575734958,0.3333333333333333,0.36363636363636365,29,"[0, 1, 2]",line_a_equal_files,line_a_equal_files,declared_source_line,False,none,file_oof_reaggregation,0.2605114903224847
inception_full__b2_star_fixed10,0,0.40277777777777773,0.42993848257006145,0.6914799253034548,0.6506422409965534,0.3333333333333333,0.3157894736842105,29,"[0, 1, 2]",line_b_equal_role_families,line_a_equal_files,posthoc_aggregation_only,False,none,file_oof_reaggregation,0.3111662544379581
inception_full__b2_star_fixed10,1,0.5,0.5162393162393163,0.6854419545596017,0.5998670700625064,0.3333333333333333,0.4,29,"[0, 1, 2]",line_b_equal_role_families,line_a_equal_files,posthoc_aggregation_only,False,none,file_oof_reaggregation,0.33079362215563457
inception_full__b2_star_fixed10,2,0.5833333333333334,0.584920634920635,0.7471599751011516,0.6580719069754157,0.5,0.5714285714285714,29,"[0, 1, 2]",line_b_equal_role_families,line_a_equal_files,posthoc_aggregation_only,False,none,file_oof_reaggregation,0.2231807556662043
inception_full__b2_star_fixed10,3,0.513888888888889,0.5145061728395062,0.7154761904761905,0.6230522343455518,0.3333333333333333,0.4,29,"[0, 1, 2]",line_b_equal_role_families,line_a_equal_files,posthoc_aggregation_only,False,none,file_oof_reaggregation,0.31553378144673305
inception_full__b2_star_fixed10,4,0.5,0.5002533698185873,0.7007625272331155,0.5961410296646364,0.3333333333333333,0.36363636363636365,29,"[0, 1, 2]",line_b_equal_role_families,line_a_equal_files,posthoc_aggregation_only,False,none,file_oof_reaggregation,0.24683559592202647
inception_full__b3_star_fixed10,0,0.4351851851851852,0.42063492063492064,0.6755680049797697,0.5831981774381633,0.25,0.2857142857142857,29,"[0, 1, 2]",line_a_equal_files,line_a_equal_files,declared_source_line,False,none,file_oof_reaggregation,0.3538706226305258
inception_full__b3_star_fixed10,1,0.5787037037037037,0.5924888473908082,0.7086834733893558,0.6782455119081291,0.4444444444444444,0.47058823529411764,29,"[0, 1, 2]",line_a_equal_files,line_a_equal_files,declared_source_line,False,none,file_oof_reaggregation,0.14533486201218998
inception_full__b3_star_fixed10,2,0.4444444444444444,0.43492063492063493,0.6912153750389045,0.6083319262437601,0.25,0.3333333333333333,29,"[0, 1, 2]",line_a_equal_files,line_a_equal_files,declared_source_line,False,none,file_oof_reaggregation,0.3363452084241088
inception_full__b3_star_fixed10,3,0.5092592592592592,0.528657616892911,0.6915732959850608,0.5838438327352081,0.4444444444444444,0.47058823529411764,29,"[0, 1, 2]",line_a_equal_files,line_a_equal_files,declared_source_line,False,none,file_oof_reaggregation,0.30012904406166296
inception_full__b3_star_fixed10,4,0.5185185185185185,0.5404040404040403,0.6749144102085278,0.5824374839253749,0.5,0.45454545454545453,29,"[0, 1, 2]",line_a_equal_files,line_a_equal_files,declared_source_line,False,none,file_oof_reaggregation,0.24515021360048334
inception_full__b3_star_fixed10,0,0.5138888888888888,0.49404761904761907,0.6721677559912854,0.5795758525164961,0.25,0.2857142857142857,29,"[0, 1, 2]",line_b_equal_role_families,line_a_equal_files,posthoc_aggregation_only,False,none,file_oof_reaggregation,0.3217260614365697
inception_full__b3_star_fixed10,1,0.5740740740740741,0.5856950067476383,0.7431061313414254,0.6913564881620436,0.5,0.5263157894736842,29,"[0, 1, 2]",line_b_equal_role_families,line_a_equal_files,posthoc_aggregation_only,False,none,file_oof_reaggregation,0.19364188543692382
inception_full__b3_star_fixed10,2,0.4444444444444444,0.43492063492063493,0.6920634920634919,0.5875323293139266,0.25,0.3333333333333333,29,"[0, 1, 2]",line_b_equal_role_families,line_a_equal_files,posthoc_aggregation_only,False,none,file_oof_reaggregation,0.33965489752028366
inception_full__b3_star_fixed10,3,0.5462962962962963,0.5631528964862298,0.6864067849361968,0.5791306881112691,0.5,0.5185185185185185,29,"[0, 1, 2]",line_b_equal_role_families,line_a_equal_files,posthoc_aggregation_only,False,none,file_oof_reaggregation,0.3346264470204203
inception_full__b3_star_fixed10,4,0.48148148148148145,0.5092063492063491,0.6470276999688765,0.5605132423029908,0.4444444444444444,0.38095238095238093,29,"[0, 1, 2]",line_b_equal_role_families,line_a_equal_files,posthoc_aggregation_only,False,none,file_oof_reaggregation,0.2945074554771574
inception_full__b4_star_fixed10,0,0.36574074074074076,0.3707773707773708,0.4984438219732337,0.3900818587841539,0.2222222222222222,0.2222222222222222,29,"[0, 1, 2]",line_a_equal_files,line_a_equal_files,declared_source_line,False,none,file_oof_reaggregation,0.4159359197232617
inception_full__b4_star_fixed10,1,0.3611111111111111,0.36495726495726494,0.5364456893868659,0.4257011852503087,0.25,0.3,29,"[0, 1, 2]",line_a_equal_files,line_a_equal_files,declared_source_line,False,none,file_oof_reaggregation,0.3881131513433192
inception_full__b4_star_fixed10,2,0.4953703703703704,0.4995251661918328,0.6537270463741053,0.5583297297513107,0.375,0.4444444444444444,29,"[0, 1, 2]",line_a_equal_files,line_a_equal_files,declared_source_line,False,none,file_oof_reaggregation,0.3788949917611326
inception_full__b4_star_fixed10,3,0.5185185185185185,0.5183574879227053,0.6169856831621537,0.5340588156981495,0.5,0.5,29,"[0, 1, 2]",line_a_equal_files,line_a_equal_files,declared_source_line,False,none,file_oof_reaggregation,0.30152865652923494
inception_full__b4_star_fixed10,4,0.40740740740740744,0.40048309178743957,0.5536103330220977,0.47792765398643927,0.25,0.26666666666666666,29,"[0, 1, 2]",line_a_equal_files,line_a_equal_files,declared_source_line,False,none,file_oof_reaggregation,0.4143839524923573
inception_full__b4_star_fixed10,0,0.3796296296296296,0.37416904083570746,0.524128540305011,0.3998785403352214,0.2222222222222222,0.2222222222222222,29,"[0, 1, 2]",line_b_equal_role_families,line_a_equal_files,posthoc_aggregation_only,False,none,file_oof_reaggregation,0.43527387345566704
inception_full__b4_star_fixed10,1,0.35185185185185186,0.3452380952380952,0.5433706816059757,0.4342546706147527,0.2222222222222222,0.25,29,"[0, 1, 2]",line_b_equal_role_families,line_a_equal_files,posthoc_aggregation_only,False,none,file_oof_reaggregation,0.37091864145758235
inception_full__b4_star_fixed10,2,0.4953703703703704,0.4995251661918328,0.6475023342670401,0.5632096674504087,0.375,0.4444444444444444,29,"[0, 1, 2]",line_b_equal_role_families,line_a_equal_files,posthoc_aggregation_only,False,none,file_oof_reaggregation,0.29339431256722265
inception_full__b4_star_fixed10,3,0.48148148148148145,0.48479532163742683,0.6378618113912231,0.554089788812011,0.4444444444444444,0.42105263157894735,29,"[0, 1, 2]",line_b_equal_role_families,line_a_equal_files,posthoc_aggregation_only,False,none,file_oof_reaggregation,0.29972460167062875
inception_full__b4_star_fixed10,4,0.3703703703703704,0.3686117467581998,0.5542405851229381,0.4593880771562764,0.25,0.25,29,"[0, 1, 2]",line_b_equal_role_families,line_a_equal_files,posthoc_aggregation_only,False,none,file_oof_reaggregation,0.44650160688529583
inception_full__b5_star_fixed10,0,0.5231481481481481,0.5288461538461539,0.6942032368502956,0.5823725101803877,0.4444444444444444,0.46153846153846156,29,"[0, 1, 2]",line_a_equal_files,line_a_equal_files,declared_source_line,False,none,file_oof_reaggregation,0.2663231848860786
inception_full__b5_star_fixed10,1,0.5462962962962963,0.5185185185185185,0.7113211951447246,0.6483730589556108,0.3333333333333333,0.4,29,"[0, 1, 2]",line_a_equal_files,line_a_equal_files,declared_source_line,False,none,file_oof_reaggregation,0.2712615212849428
inception_full__b5_star_fixed10,2,0.5601851851851852,0.5588235294117648,0.7322673513849983,0.6503062787602261,0.5,0.5,29,"[0, 1, 2]",line_a_equal_files,line_a_equal_files,declared_source_line,False,none,file_oof_reaggregation,0.26750401938417506
inception_full__b5_star_fixed10,3,0.4953703703703704,0.5117794486215539,0.6702303143479614,0.5964799052092654,0.4166666666666667,0.4,29,"[0, 1, 2]",line_a_equal_files,line_a_equal_files,declared_source_line,False,none,file_oof_reaggregation,0.3317078651111298
inception_full__b5_star_fixed10,4,0.46296296296296297,0.4579899592687317,0.6691332088390912,0.5876045799808438,0.3333333333333333,0.34782608695652173,29,"[0, 1, 2]",line_a_equal_files,line_a_equal_files,declared_source_line,False,none,file_oof_reaggregation,0.345543861865259
inception_full__b5_star_fixed10,0,0.46759259259259256,0.4640522875816993,0.7022253345782757,0.5966449985199985,0.3333333333333333,0.3333333333333333,29,"[0, 1, 2]",line_b_equal_role_families,line_a_equal_files,posthoc_aggregation_only,False,none,file_oof_reaggregation,0.34867611811259536
inception_full__b5_star_fixed10,1,0.5833333333333334,0.5508771929824562,0.7101229380641145,0.6273115042533687,0.3333333333333333,0.42105263157894735,29,"[0, 1, 2]",line_b_equal_role_families,line_a_equal_files,posthoc_aggregation_only,False,none,file_oof_reaggregation,0.28167301796003325
inception_full__b5_star_fixed10,2,0.5462962962962963,0.5533433886375062,0.7235449735449736,0.6195308482446164,0.5,0.5333333333333333,29,"[0, 1, 2]",line_b_equal_role_families,line_a_equal_files,posthoc_aggregation_only,False,none,file_oof_reaggregation,0.28651978362357566
inception_full__b5_star_fixed10,3,0.4953703703703704,0.5117794486215539,0.6469810146280734,0.5742101673727921,0.4166666666666667,0.4,29,"[0, 1, 2]",line_b_equal_role_families,line_a_equal_files,posthoc_aggregation_only,False,none,file_oof_reaggregation,0.36829348020811975
inception_full__b5_star_fixed10,4,0.46296296296296297,0.458047292143402,0.671031746031746,0.5902295348460808,0.3333333333333333,0.34782608695652173,29,"[0, 1, 2]",line_b_equal_role_families,line_a_equal_files,posthoc_aggregation_only,False,none,file_oof_reaggregation,0.35428428943665785
inception_full__b6_star_fixed10,0,0.5046296296296297,0.48760790866054027,0.676797385620915,0.5703171930980837,0.3333333333333333,0.38095238095238093,29,"[0, 1, 2]",line_a_equal_files,line_a_equal_files,declared_source_line,False,none,file_oof_reaggregation,0.2742436683935123
inception_full__b6_star_fixed10,1,0.5601851851851852,0.5643274853801169,0.6993853096794274,0.6265089295549066,0.5,0.5,29,"[0, 1, 2]",line_a_equal_files,line_a_equal_files,declared_source_line,False,none,file_oof_reaggregation,0.2451217281089062
inception_full__b6_star_fixed10,2,0.6018518518518519,0.6018518518518519,0.7787659508247744,0.709194671298981,0.5,0.5,29,"[0, 1, 2]",line_a_equal_files,line_a_equal_files,declared_source_line,False,none,file_oof_reaggregation,0.17697060122372565
inception_full__b6_star_fixed10,3,0.5462962962962963,0.5551485551485552,0.721537503890445,0.6251673681927306,0.5,0.5384615384615384,29,"[0, 1, 2]",line_a_equal_files,line_a_equal_files,declared_source_line,False,none,file_oof_reaggregation,0.25707169834015375
inception_full__b6_star_fixed10,4,0.5879629629629629,0.6027676027676029,0.7481948334889511,0.6463507266504341,0.5555555555555556,0.5384615384615384,29,"[0, 1, 2]",line_a_equal_files,line_a_equal_files,declared_source_line,False,none,file_oof_reaggregation,0.30648486802456454
inception_full__b6_star_fixed10,0,0.4351851851851852,0.42424242424242425,0.6687130407718643,0.5614461483681302,0.25,0.2727272727272727,29,"[0, 1, 2]",line_b_equal_role_families,line_a_equal_files,posthoc_aggregation_only,False,none,file_oof_reaggregation,0.33593520052070824
inception_full__b6_star_fixed10,1,0.5972222222222222,0.6024844720496895,0.7324385309679426,0.6718729533116031,0.5,0.5217391304347826,29,"[0, 1, 2]",line_b_equal_role_families,line_a_equal_files,posthoc_aggregation_only,False,none,file_oof_reaggregation,0.20168494027428108
inception_full__b6_star_fixed10,2,0.6018518518518519,0.5980392156862746,0.7641612200435729,0.6810516836558503,0.5,0.5,29,"[0, 1, 2]",line_b_equal_role_families,line_a_equal_files,posthoc_aggregation_only,False,none,file_oof_reaggregation,0.17836536397110625
inception_full__b6_star_fixed10,3,0.5462962962962963,0.5551485551485552,0.7151960784313726,0.6064072311656853,0.5,0.5384615384615384,29,"[0, 1, 2]",line_b_equal_role_families,line_a_equal_files,posthoc_aggregation_only,False,none,file_oof_reaggregation,0.271757016634162
inception_full__b6_star_fixed10,4,0.5046296296296297,0.5185185185185185,0.7291861188920011,0.6349321450554606,0.375,0.5,29,"[0, 1, 2]",line_b_equal_role_families,line_a_equal_files,posthoc_aggregation_only,False,none,file_oof_reaggregation,0.24004651326502394
inception_full__b7_star_fixed10,0,0.5787037037037037,0.5801282051282052,0.697416744475568,0.6167758328797369,0.4444444444444444,0.5,29,"[0, 1, 2]",line_a_equal_files,line_a_equal_files,declared_source_line,False,none,file_oof_reaggregation,0.2360109894233011
inception_full__b7_star_fixed10,1,0.5694444444444444,0.5734989648033126,0.7041861188920012,0.5900729023468205,0.4166666666666667,0.43478260869565216,29,"[0, 1, 2]",line_a_equal_files,line_a_equal_files,declared_source_line,False,none,file_oof_reaggregation,0.24182860293169614
inception_full__b7_star_fixed10,2,0.5601851851851852,0.5674074074074075,0.746164021164021,0.6748588039704311,0.5,0.48,29,"[0, 1, 2]",line_a_equal_files,line_a_equal_files,declared_source_line,False,none,file_oof_reaggregation,0.29336967334457287
inception_full__b7_star_fixed10,3,0.5972222222222222,0.6047619047619048,0.751384998443822,0.6733380951948202,0.5,0.5,29,"[0, 1, 2]",line_a_equal_files,line_a_equal_files,declared_source_line,False,none,file_oof_reaggregation,0.2238229750095496
inception_full__b7_star_fixed10,4,0.5324074074074074,0.5365497076023392,0.7420634920634921,0.6734852189085597,0.4166666666666667,0.4166666666666667,29,"[0, 1, 2]",line_a_equal_files,line_a_equal_files,declared_source_line,False,none,file_oof_reaggregation,0.3178093835917266
inception_full__b7_star_fixed10,0,0.5787037037037037,0.5924888473908082,0.686297852474323,0.6000858518750677,0.4444444444444444,0.47058823529411764,29,"[0, 1, 2]",line_b_equal_role_families,line_a_equal_files,posthoc_aggregation_only,False,none,file_oof_reaggregation,0.22565081212520605
inception_full__b7_star_fixed10,1,0.5879629629629629,0.6027676027676029,0.7276688453159043,0.6173182325924518,0.5555555555555556,0.5384615384615384,29,"[0, 1, 2]",line_b_equal_role_families,line_a_equal_files,posthoc_aggregation_only,False,none,file_oof_reaggregation,0.2047049322187503
inception_full__b7_star_fixed10,2,0.5324074074074074,0.5324074074074074,0.7520697167755991,0.6696007493540529,0.4166666666666667,0.4166666666666667,29,"[0, 1, 2]",line_b_equal_role_families,line_a_equal_files,posthoc_aggregation_only,False,none,file_oof_reaggregation,0.28413205860795054
inception_full__b7_star_fixed10,3,0.625,0.6352882205513785,0.7445611577964519,0.6528072372435118,0.5833333333333334,0.56,29,"[0, 1, 2]",line_b_equal_role_families,line_a_equal_files,posthoc_aggregation_only,False,none,file_oof_reaggregation,0.28427448900475044
inception_full__b7_star_fixed10,4,0.5416666666666666,0.5339105339105339,0.7294428882664178,0.6386175794146809,0.3333333333333333,0.36363636363636365,29,"[0, 1, 2]",line_b_equal_role_families,line_a_equal_files,posthoc_aggregation_only,False,none,file_oof_reaggregation,0.325444712962843
