contract_schema_version,dataset_id,record_id,subject_id,source_files,canonical_representation,activity_raw,activity_binary,activity_label_source,container_grid_fs_hz,channel_rate_detail,ppg_channels,ppg_placement,ppg_wavelength_status,ecg_channels,ecg_reference_type,imu_channels,imu_unit_status,checksum_sha256,checksum_status,inclusion_status,inclusion_reason,known_quality_flags,evaluation_role,independence_claim,resampling_required,target_internal_fs_hz,source_manifest_sha256
external_records_v2,ptt_ppg_1_1_0_local,s10_run,s10,"[""csv/s10_run.csv"",""s10_run.hea"",""s10_run.dat"",""s10_run.atr""]",csv/s10_run.csv,run,motion,record_name_official_protocol,500,PPG_acquisition_1000_to_export_500;ECG_IMU_500;loadcell_80;temperature_10,pleth_1..pleth_6,left_index_finger_distal_and_proximal,project_adopted_distal_pleth_1_red_pleth_2_ir_v2,three_lead_ra_la_ll_exported_ecg,manually_verified_r_peaks,accelerometer_xyz;gyroscope_xyz,declared_g_but_values_and_code_inference_conflict,da71e199602a9a6f9d9a1a5440cd636b74e139bd2b772eaa7b60cf8ef2447179,official_entry_and_full_snapshot_audit_pass,included,synchronized_ppg_ecg_imu_and_manual_verified_peaks,,heartbeat_motion_benchmark_candidate,none_not_an_independent_external_test,true,400,43ab3273346469e9f689ce32da9c5ad280d0a53a8bc8864adf5716f40f9f024e
external_records_v2,ptt_ppg_1_1_0_local,s10_sit,s10,"[""csv/s10_sit.csv"",""s10_sit.hea"",""s10_sit.dat"",""s10_sit.atr""]",csv/s10_sit.csv,sit,static,record_name_official_protocol,500,PPG_acquisition_1000_to_export_500;ECG_IMU_500;loadcell_80;temperature_10,pleth_1..pleth_6,left_index_finger_distal_and_proximal,project_adopted_distal_pleth_1_red_pleth_2_ir_v2,three_lead_ra_la_ll_exported_ecg,manually_verified_r_peaks,accelerometer_xyz;gyroscope_xyz,declared_g_but_values_and_code_inference_conflict,7f8e753163e7dde348c2f4657540b9fd996c813bf3096dc737ecf9afe5de7912,official_entry_and_full_snapshot_audit_pass,included,synchronized_ppg_ecg_imu_and_manual_verified_peaks,,heartbeat_motion_benchmark_candidate,none_not_an_independent_external_test,true,400,43ab3273346469e9f689ce32da9c5ad280d0a53a8bc8864adf5716f40f9f024e
external_records_v2,ptt_ppg_1_1_0_local,s10_walk,s10,"[""csv/s10_walk.csv"",""s10_walk.hea"",""s10_walk.dat"",""s10_walk.atr""]",csv/s10_walk.csv,walk,motion,record_name_official_protocol,500,PPG_acquisition_1000_to_export_500;ECG_IMU_500;loadcell_80;temperature_10,pleth_1..pleth_6,left_index_finger_distal_and_proximal,project_adopted_distal_pleth_1_red_pleth_2_ir_v2,three_lead_ra_la_ll_exported_ecg,manually_verified_r_peaks,accelerometer_xyz;gyroscope_xyz,declared_g_but_values_and_code_inference_conflict,ee7905e261b3fd45fb9c8d1c9c104abe729e81ddf13c2e56ba7351136c15d903,official_entry_and_full_snapshot_audit_pass,included,synchronized_ppg_ecg_imu_and_manual_verified_peaks,,heartbeat_motion_benchmark_candidate,none_not_an_independent_external_test,true,400,43ab3273346469e9f689ce32da9c5ad280d0a53a8bc8864adf5716f40f9f024e
external_records_v2,ptt_ppg_1_1_0_local,s11_run,s11,"[""csv/s11_run.csv"",""s11_run.hea"",""s11_run.dat"",""s11_run.atr""]",csv/s11_run.csv,run,motion,record_name_official_protocol,500,PPG_acquisition_1000_to_export_500;ECG_IMU_500;loadcell_80;temperature_10,pleth_1..pleth_6,left_index_finger_distal_and_proximal,project_adopted_distal_pleth_1_red_pleth_2_ir_v2,three_lead_ra_la_ll_exported_ecg,manually_verified_r_peaks,accelerometer_xyz;gyroscope_xyz,declared_g_but_values_and_code_inference_conflict,e58458de365eac4f393029e7949c49349cc89734057db802ce99a5ffbcd070f4,official_entry_and_full_snapshot_audit_pass,included,synchronized_ppg_ecg_imu_and_manual_verified_peaks,,heartbeat_motion_benchmark_candidate,none_not_an_independent_external_test,true,400,43ab3273346469e9f689ce32da9c5ad280d0a53a8bc8864adf5716f40f9f024e
external_records_v2,ptt_ppg_1_1_0_local,s11_sit,s11,"[""csv/s11_sit.csv"",""s11_sit.hea"",""s11_sit.dat"",""s11_sit.atr""]",csv/s11_sit.csv,sit,static,record_name_official_protocol,500,PPG_acquisition_1000_to_export_500;ECG_IMU_500;loadcell_80;temperature_10,pleth_1..pleth_6,left_index_finger_distal_and_proximal,project_adopted_distal_pleth_1_red_pleth_2_ir_v2,three_lead_ra_la_ll_exported_ecg,manually_verified_r_peaks,accelerometer_xyz;gyroscope_xyz,declared_g_but_values_and_code_inference_conflict,34908b04023b9d8179620ce614f398a096795988577bc7520226f409d362b146,official_entry_and_full_snapshot_audit_pass,included,synchronized_ppg_ecg_imu_and_manual_verified_peaks,,heartbeat_motion_benchmark_candidate,none_not_an_independent_external_test,true,400,43ab3273346469e9f689ce32da9c5ad280d0a53a8bc8864adf5716f40f9f024e
external_records_v2,ptt_ppg_1_1_0_local,s11_walk,s11,"[""csv/s11_walk.csv"",""s11_walk.hea"",""s11_walk.dat"",""s11_walk.atr""]",csv/s11_walk.csv,walk,motion,record_name_official_protocol,500,PPG_acquisition_1000_to_export_500;ECG_IMU_500;loadcell_80;temperature_10,pleth_1..pleth_6,left_index_finger_distal_and_proximal,project_adopted_distal_pleth_1_red_pleth_2_ir_v2,three_lead_ra_la_ll_exported_ecg,manually_verified_r_peaks,accelerometer_xyz;gyroscope_xyz,declared_g_but_values_and_code_inference_conflict,d41240a70b342b13fef76ec6add1641aa719f95e0430a98614d5ebfdaedd9b76,official_entry_and_full_snapshot_audit_pass,included,synchronized_ppg_ecg_imu_and_manual_verified_peaks,,heartbeat_motion_benchmark_candidate,none_not_an_independent_external_test,true,400,43ab3273346469e9f689ce32da9c5ad280d0a53a8bc8864adf5716f40f9f024e
external_records_v2,ptt_ppg_1_1_0_local,s12_run,s12,"[""csv/s12_run.csv"",""s12_run.hea"",""s12_run.dat"",""s12_run.atr""]",csv/s12_run.csv,run,motion,record_name_official_protocol,500,PPG_acquisition_1000_to_export_500;ECG_IMU_500;loadcell_80;temperature_10,pleth_1..pleth_6,left_index_finger_distal_and_proximal,project_adopted_distal_pleth_1_red_pleth_2_ir_v2,three_lead_ra_la_ll_exported_ecg,manually_verified_r_peaks,accelerometer_xyz;gyroscope_xyz,declared_g_but_values_and_code_inference_conflict,37b13649688844a08387ae7ef016c07d3db2ea74b2ef445ada050563a77ce149,official_entry_and_full_snapshot_audit_pass,included,synchronized_ppg_ecg_imu_and_manual_verified_peaks,,heartbeat_motion_benchmark_candidate,none_not_an_independent_external_test,true,400,43ab3273346469e9f689ce32da9c5ad280d0a53a8bc8864adf5716f40f9f024e
external_records_v2,ptt_ppg_1_1_0_local,s12_sit,s12,"[""csv/s12_sit.csv"",""s12_sit.hea"",""s12_sit.dat"",""s12_sit.atr""]",csv/s12_sit.csv,sit,static,record_name_official_protocol,500,PPG_acquisition_1000_to_export_500;ECG_IMU_500;loadcell_80;temperature_10,pleth_1..pleth_6,left_index_finger_distal_and_proximal,project_adopted_distal_pleth_1_red_pleth_2_ir_v2,three_lead_ra_la_ll_exported_ecg,manually_verified_r_peaks,accelerometer_xyz;gyroscope_xyz,declared_g_but_values_and_code_inference_conflict,61f0c0e34f66093468ab06d682920a42bca387bbf7afb6a6d9b1482cfc06b691,official_entry_and_full_snapshot_audit_pass,included,synchronized_ppg_ecg_imu_and_manual_verified_peaks,,heartbeat_motion_benchmark_candidate,none_not_an_independent_external_test,true,400,43ab3273346469e9f689ce32da9c5ad280d0a53a8bc8864adf5716f40f9f024e
external_records_v2,ptt_ppg_1_1_0_local,s12_walk,s12,"[""csv/s12_walk.csv"",""s12_walk.hea"",""s12_walk.dat"",""s12_walk.atr""]",csv/s12_walk.csv,walk,motion,record_name_official_protocol,500,PPG_acquisition_1000_to_export_500;ECG_IMU_500;loadcell_80;temperature_10,pleth_1..pleth_6,left_index_finger_distal_and_proximal,project_adopted_distal_pleth_1_red_pleth_2_ir_v2,three_lead_ra_la_ll_exported_ecg,manually_verified_r_peaks,accelerometer_xyz;gyroscope_xyz,declared_g_but_values_and_code_inference_conflict,7095202f18220cea948c2935cf1d7005084878365a9156b09efedcc2a63f1bf2,official_entry_and_full_snapshot_audit_pass,included,synchronized_ppg_ecg_imu_and_manual_verified_peaks,,heartbeat_motion_benchmark_candidate,none_not_an_independent_external_test,true,400,43ab3273346469e9f689ce32da9c5ad280d0a53a8bc8864adf5716f40f9f024e
external_records_v2,ptt_ppg_1_1_0_local,s13_run,s13,"[""csv/s13_run.csv"",""s13_run.hea"",""s13_run.dat"",""s13_run.atr""]",csv/s13_run.csv,run,motion,record_name_official_protocol,500,PPG_acquisition_1000_to_export_500;ECG_IMU_500;loadcell_80;temperature_10,pleth_1..pleth_6,left_index_finger_distal_and_proximal,project_adopted_distal_pleth_1_red_pleth_2_ir_v2,three_lead_ra_la_ll_exported_ecg,manually_verified_r_peaks,accelerometer_xyz;gyroscope_xyz,declared_g_but_values_and_code_inference_conflict,6dffc05bd2bfe7f4a0a611b3420e2992b1538eb302b9efac8cc6e209889f0cda,official_entry_and_full_snapshot_audit_pass,included,synchronized_ppg_ecg_imu_and_manual_verified_peaks,,heartbeat_motion_benchmark_candidate,none_not_an_independent_external_test,true,400,43ab3273346469e9f689ce32da9c5ad280d0a53a8bc8864adf5716f40f9f024e
external_records_v2,ptt_ppg_1_1_0_local,s13_sit,s13,"[""csv/s13_sit.csv"",""s13_sit.hea"",""s13_sit.dat"",""s13_sit.atr""]",csv/s13_sit.csv,sit,static,record_name_official_protocol,500,PPG_acquisition_1000_to_export_500;ECG_IMU_500;loadcell_80;temperature_10,pleth_1..pleth_6,left_index_finger_distal_and_proximal,project_adopted_distal_pleth_1_red_pleth_2_ir_v2,three_lead_ra_la_ll_exported_ecg,manually_verified_r_peaks,accelerometer_xyz;gyroscope_xyz,declared_g_but_values_and_code_inference_conflict,7f087e469ad340bf1db11846b181b6c614adce6c541ac045dc5103b84a153b73,official_entry_and_full_snapshot_audit_pass,included,synchronized_ppg_ecg_imu_and_manual_verified_peaks,,heartbeat_motion_benchmark_candidate,none_not_an_independent_external_test,true,400,43ab3273346469e9f689ce32da9c5ad280d0a53a8bc8864adf5716f40f9f024e
external_records_v2,ptt_ppg_1_1_0_local,s13_walk,s13,"[""csv/s13_walk.csv"",""s13_walk.hea"",""s13_walk.dat"",""s13_walk.atr""]",csv/s13_walk.csv,walk,motion,record_name_official_protocol,500,PPG_acquisition_1000_to_export_500;ECG_IMU_500;loadcell_80;temperature_10,pleth_1..pleth_6,left_index_finger_distal_and_proximal,project_adopted_distal_pleth_1_red_pleth_2_ir_v2,three_lead_ra_la_ll_exported_ecg,manually_verified_r_peaks,accelerometer_xyz;gyroscope_xyz,declared_g_but_values_and_code_inference_conflict,62b01788f585e772e3e72de403dab0917888797738854ff895d1b58b78d8f75d,official_entry_and_full_snapshot_audit_pass,included,synchronized_ppg_ecg_imu_and_manual_verified_peaks,known_noisy_ecg_and_possible_imu_single_sample_artifact,heartbeat_motion_benchmark_candidate,none_not_an_independent_external_test,true,400,43ab3273346469e9f689ce32da9c5ad280d0a53a8bc8864adf5716f40f9f024e
external_records_v2,ptt_ppg_1_1_0_local,s14_run,s14,"[""csv/s14_run.csv"",""s14_run.hea"",""s14_run.dat"",""s14_run.atr""]",csv/s14_run.csv,run,motion,record_name_official_protocol,500,PPG_acquisition_1000_to_export_500;ECG_IMU_500;loadcell_80;temperature_10,pleth_1..pleth_6,left_index_finger_distal_and_proximal,project_adopted_distal_pleth_1_red_pleth_2_ir_v2,three_lead_ra_la_ll_exported_ecg,manually_verified_r_peaks,accelerometer_xyz;gyroscope_xyz,declared_g_but_values_and_code_inference_conflict,c3c88816c0858621937f775093d34e0d8580daf34682398275e67cb0d4930f2d,official_entry_and_full_snapshot_audit_pass,included,synchronized_ppg_ecg_imu_and_manual_verified_peaks,,heartbeat_motion_benchmark_candidate,none_not_an_independent_external_test,true,400,43ab3273346469e9f689ce32da9c5ad280d0a53a8bc8864adf5716f40f9f024e
external_records_v2,ptt_ppg_1_1_0_local,s14_sit,s14,"[""csv/s14_sit.csv"",""s14_sit.hea"",""s14_sit.dat"",""s14_sit.atr""]",csv/s14_sit.csv,sit,static,record_name_official_protocol,500,PPG_acquisition_1000_to_export_500;ECG_IMU_500;loadcell_80;temperature_10,pleth_1..pleth_6,left_index_finger_distal_and_proximal,project_adopted_distal_pleth_1_red_pleth_2_ir_v2,three_lead_ra_la_ll_exported_ecg,manually_verified_r_peaks,accelerometer_xyz;gyroscope_xyz,declared_g_but_values_and_code_inference_conflict,024f7209f7b1d1e1f2ea630832cb010adf2bcc934f0cbe4e26772f76a1b2f1f5,official_entry_and_full_snapshot_audit_pass,included,synchronized_ppg_ecg_imu_and_manual_verified_peaks,,heartbeat_motion_benchmark_candidate,none_not_an_independent_external_test,true,400,43ab3273346469e9f689ce32da9c5ad280d0a53a8bc8864adf5716f40f9f024e
external_records_v2,ptt_ppg_1_1_0_local,s14_walk,s14,"[""csv/s14_walk.csv"",""s14_walk.hea"",""s14_walk.dat"",""s14_walk.atr""]",csv/s14_walk.csv,walk,motion,record_name_official_protocol,500,PPG_acquisition_1000_to_export_500;ECG_IMU_500;loadcell_80;temperature_10,pleth_1..pleth_6,left_index_finger_distal_and_proximal,project_adopted_distal_pleth_1_red_pleth_2_ir_v2,three_lead_ra_la_ll_exported_ecg,manually_verified_r_peaks,accelerometer_xyz;gyroscope_xyz,declared_g_but_values_and_code_inference_conflict,f738fb39d1673a693b2e4ae8a8e7ebdf379cc9641c59cdfdec10e336e20ea70d,official_entry_and_full_snapshot_audit_pass,included,synchronized_ppg_ecg_imu_and_manual_verified_peaks,,heartbeat_motion_benchmark_candidate,none_not_an_independent_external_test,true,400,43ab3273346469e9f689ce32da9c5ad280d0a53a8bc8864adf5716f40f9f024e
external_records_v2,ptt_ppg_1_1_0_local,s15_run,s15,"[""csv/s15_run.csv"",""s15_run.hea"",""s15_run.dat"",""s15_run.atr""]",csv/s15_run.csv,run,motion,record_name_official_protocol,500,PPG_acquisition_1000_to_export_500;ECG_IMU_500;loadcell_80;temperature_10,pleth_1..pleth_6,left_index_finger_distal_and_proximal,project_adopted_distal_pleth_1_red_pleth_2_ir_v2,three_lead_ra_la_ll_exported_ecg,manually_verified_r_peaks,accelerometer_xyz;gyroscope_xyz,declared_g_but_values_and_code_inference_conflict,f21474565c590e2977a7f605acc445672413e16b37256f041ce9a5cf20cc13d6,official_entry_and_full_snapshot_audit_pass,included,synchronized_ppg_ecg_imu_and_manual_verified_peaks,,heartbeat_motion_benchmark_candidate,none_not_an_independent_external_test,true,400,43ab3273346469e9f689ce32da9c5ad280d0a53a8bc8864adf5716f40f9f024e
external_records_v2,ptt_ppg_1_1_0_local,s15_sit,s15,"[""csv/s15_sit.csv"",""s15_sit.hea"",""s15_sit.dat"",""s15_sit.atr""]",csv/s15_sit.csv,sit,static,record_name_official_protocol,500,PPG_acquisition_1000_to_export_500;ECG_IMU_500;loadcell_80;temperature_10,pleth_1..pleth_6,left_index_finger_distal_and_proximal,project_adopted_distal_pleth_1_red_pleth_2_ir_v2,three_lead_ra_la_ll_exported_ecg,manually_verified_r_peaks,accelerometer_xyz;gyroscope_xyz,declared_g_but_values_and_code_inference_conflict,2efc0f83ad72b0411895aae3d4afa886ce5d0cb773eb89625cd58fb845d2fc58,official_entry_and_full_snapshot_audit_pass,included,synchronized_ppg_ecg_imu_and_manual_verified_peaks,,heartbeat_motion_benchmark_candidate,none_not_an_independent_external_test,true,400,43ab3273346469e9f689ce32da9c5ad280d0a53a8bc8864adf5716f40f9f024e
external_records_v2,ptt_ppg_1_1_0_local,s15_walk,s15,"[""csv/s15_walk.csv"",""s15_walk.hea"",""s15_walk.dat"",""s15_walk.atr""]",csv/s15_walk.csv,walk,motion,record_name_official_protocol,500,PPG_acquisition_1000_to_export_500;ECG_IMU_500;loadcell_80;temperature_10,pleth_1..pleth_6,left_index_finger_distal_and_proximal,project_adopted_distal_pleth_1_red_pleth_2_ir_v2,three_lead_ra_la_ll_exported_ecg,manually_verified_r_peaks,accelerometer_xyz;gyroscope_xyz,declared_g_but_values_and_code_inference_conflict,0607e41eefee9aae44e9795044bf20cf95feb42682702fa6d0eb29c1428bf4ac,official_entry_and_full_snapshot_audit_pass,included,synchronized_ppg_ecg_imu_and_manual_verified_peaks,,heartbeat_motion_benchmark_candidate,none_not_an_independent_external_test,true,400,43ab3273346469e9f689ce32da9c5ad280d0a53a8bc8864adf5716f40f9f024e
external_records_v2,ptt_ppg_1_1_0_local,s16_run,s16,"[""csv/s16_run.csv"",""s16_run.hea"",""s16_run.dat"",""s16_run.atr""]",csv/s16_run.csv,run,motion,record_name_official_protocol,500,PPG_acquisition_1000_to_export_500;ECG_IMU_500;loadcell_80;temperature_10,pleth_1..pleth_6,left_index_finger_distal_and_proximal,project_adopted_distal_pleth_1_red_pleth_2_ir_v2,three_lead_ra_la_ll_exported_ecg,manually_verified_r_peaks,accelerometer_xyz;gyroscope_xyz,declared_g_but_values_and_code_inference_conflict,4d765da2c26af1776dee09167e29bacaf9235e2ec919f32d097c0d02c56be552,official_entry_and_full_snapshot_audit_pass,included,synchronized_ppg_ecg_imu_and_manual_verified_peaks,,heartbeat_motion_benchmark_candidate,none_not_an_independent_external_test,true,400,43ab3273346469e9f689ce32da9c5ad280d0a53a8bc8864adf5716f40f9f024e
external_records_v2,ptt_ppg_1_1_0_local,s16_sit,s16,"[""csv/s16_sit.csv"",""s16_sit.hea"",""s16_sit.dat"",""s16_sit.atr""]",csv/s16_sit.csv,sit,static,record_name_official_protocol,500,PPG_acquisition_1000_to_export_500;ECG_IMU_500;loadcell_80;temperature_10,pleth_1..pleth_6,left_index_finger_distal_and_proximal,project_adopted_distal_pleth_1_red_pleth_2_ir_v2,three_lead_ra_la_ll_exported_ecg,manually_verified_r_peaks,accelerometer_xyz;gyroscope_xyz,declared_g_but_values_and_code_inference_conflict,36819d4dc630ef2c38a2520b0ac98d160bda2cc521085e42eef5f73fb8710795,official_entry_and_full_snapshot_audit_pass,included,synchronized_ppg_ecg_imu_and_manual_verified_peaks,,heartbeat_motion_benchmark_candidate,none_not_an_independent_external_test,true,400,43ab3273346469e9f689ce32da9c5ad280d0a53a8bc8864adf5716f40f9f024e
external_records_v2,ptt_ppg_1_1_0_local,s16_walk,s16,"[""csv/s16_walk.csv"",""s16_walk.hea"",""s16_walk.dat"",""s16_walk.atr""]",csv/s16_walk.csv,walk,motion,record_name_official_protocol,500,PPG_acquisition_1000_to_export_500;ECG_IMU_500;loadcell_80;temperature_10,pleth_1..pleth_6,left_index_finger_distal_and_proximal,project_adopted_distal_pleth_1_red_pleth_2_ir_v2,three_lead_ra_la_ll_exported_ecg,manually_verified_r_peaks,accelerometer_xyz;gyroscope_xyz,declared_g_but_values_and_code_inference_conflict,e882ad2d34afb976dd25f2feb101c3a1cb6384a47c10806ece21ed7234f4dc71,official_entry_and_full_snapshot_audit_pass,included,synchronized_ppg_ecg_imu_and_manual_verified_peaks,,heartbeat_motion_benchmark_candidate,none_not_an_independent_external_test,true,400,43ab3273346469e9f689ce32da9c5ad280d0a53a8bc8864adf5716f40f9f024e
external_records_v2,ptt_ppg_1_1_0_local,s17_run,s17,"[""csv/s17_run.csv"",""s17_run.hea"",""s17_run.dat"",""s17_run.atr""]",csv/s17_run.csv,run,motion,record_name_official_protocol,500,PPG_acquisition_1000_to_export_500;ECG_IMU_500;loadcell_80;temperature_10,pleth_1..pleth_6,left_index_finger_distal_and_proximal,project_adopted_distal_pleth_1_red_pleth_2_ir_v2,three_lead_ra_la_ll_exported_ecg,manually_verified_r_peaks,accelerometer_xyz;gyroscope_xyz,declared_g_but_values_and_code_inference_conflict,5b207fdf6952f8f27ba05d2fe2b17b252584b9187b10949d9c5f0bcb18aad7f4,official_entry_and_full_snapshot_audit_pass,included,synchronized_ppg_ecg_imu_and_manual_verified_peaks,,heartbeat_motion_benchmark_candidate,none_not_an_independent_external_test,true,400,43ab3273346469e9f689ce32da9c5ad280d0a53a8bc8864adf5716f40f9f024e
external_records_v2,ptt_ppg_1_1_0_local,s17_sit,s17,"[""csv/s17_sit.csv"",""s17_sit.hea"",""s17_sit.dat"",""s17_sit.atr""]",csv/s17_sit.csv,sit,static,record_name_official_protocol,500,PPG_acquisition_1000_to_export_500;ECG_IMU_500;loadcell_80;temperature_10,pleth_1..pleth_6,left_index_finger_distal_and_proximal,project_adopted_distal_pleth_1_red_pleth_2_ir_v2,three_lead_ra_la_ll_exported_ecg,manually_verified_r_peaks,accelerometer_xyz;gyroscope_xyz,declared_g_but_values_and_code_inference_conflict,983a9e256e3fe0b8edff4b6a20cde19f4683df995518ef8443603e1583fe0c55,official_entry_and_full_snapshot_audit_pass,included,synchronized_ppg_ecg_imu_and_manual_verified_peaks,,heartbeat_motion_benchmark_candidate,none_not_an_independent_external_test,true,400,43ab3273346469e9f689ce32da9c5ad280d0a53a8bc8864adf5716f40f9f024e
external_records_v2,ptt_ppg_1_1_0_local,s17_walk,s17,"[""csv/s17_walk.csv"",""s17_walk.hea"",""s17_walk.dat"",""s17_walk.atr""]",csv/s17_walk.csv,walk,motion,record_name_official_protocol,500,PPG_acquisition_1000_to_export_500;ECG_IMU_500;loadcell_80;temperature_10,pleth_1..pleth_6,left_index_finger_distal_and_proximal,project_adopted_distal_pleth_1_red_pleth_2_ir_v2,three_lead_ra_la_ll_exported_ecg,manually_verified_r_peaks,accelerometer_xyz;gyroscope_xyz,declared_g_but_values_and_code_inference_conflict,25b25cb06e050211c35a455d1aa3024a2df05de416fc1406a3b7d902ad172479,official_entry_and_full_snapshot_audit_pass,included,synchronized_ppg_ecg_imu_and_manual_verified_peaks,,heartbeat_motion_benchmark_candidate,none_not_an_independent_external_test,true,400,43ab3273346469e9f689ce32da9c5ad280d0a53a8bc8864adf5716f40f9f024e
external_records_v2,ptt_ppg_1_1_0_local,s18_run,s18,"[""csv/s18_run.csv"",""s18_run.hea"",""s18_run.dat"",""s18_run.atr""]",csv/s18_run.csv,run,motion,record_name_official_protocol,500,PPG_acquisition_1000_to_export_500;ECG_IMU_500;loadcell_80;temperature_10,pleth_1..pleth_6,left_index_finger_distal_and_proximal,project_adopted_distal_pleth_1_red_pleth_2_ir_v2,three_lead_ra_la_ll_exported_ecg,manually_verified_r_peaks,accelerometer_xyz;gyroscope_xyz,declared_g_but_values_and_code_inference_conflict,902823e488e99f89451e78aeeaefd1cba167f2efb9746f80b498d6a10236e225,official_entry_and_full_snapshot_audit_pass,included,synchronized_ppg_ecg_imu_and_manual_verified_peaks,,heartbeat_motion_benchmark_candidate,none_not_an_independent_external_test,true,400,43ab3273346469e9f689ce32da9c5ad280d0a53a8bc8864adf5716f40f9f024e
external_records_v2,ptt_ppg_1_1_0_local,s18_sit,s18,"[""csv/s18_sit.csv"",""s18_sit.hea"",""s18_sit.dat"",""s18_sit.atr""]",csv/s18_sit.csv,sit,static,record_name_official_protocol,500,PPG_acquisition_1000_to_export_500;ECG_IMU_500;loadcell_80;temperature_10,pleth_1..pleth_6,left_index_finger_distal_and_proximal,project_adopted_distal_pleth_1_red_pleth_2_ir_v2,three_lead_ra_la_ll_exported_ecg,manually_verified_r_peaks,accelerometer_xyz;gyroscope_xyz,declared_g_but_values_and_code_inference_conflict,22d7014aa421d72938dfb681d34b3cf39887e0b67c376c9aff1753f4f5b98650,official_entry_and_full_snapshot_audit_pass,included,synchronized_ppg_ecg_imu_and_manual_verified_peaks,,heartbeat_motion_benchmark_candidate,none_not_an_independent_external_test,true,400,43ab3273346469e9f689ce32da9c5ad280d0a53a8bc8864adf5716f40f9f024e
external_records_v2,ptt_ppg_1_1_0_local,s18_walk,s18,"[""csv/s18_walk.csv"",""s18_walk.hea"",""s18_walk.dat"",""s18_walk.atr""]",csv/s18_walk.csv,walk,motion,record_name_official_protocol,500,PPG_acquisition_1000_to_export_500;ECG_IMU_500;loadcell_80;temperature_10,pleth_1..pleth_6,left_index_finger_distal_and_proximal,project_adopted_distal_pleth_1_red_pleth_2_ir_v2,three_lead_ra_la_ll_exported_ecg,manually_verified_r_peaks,accelerometer_xyz;gyroscope_xyz,declared_g_but_values_and_code_inference_conflict,435071308a28d4e10e7cf1d9c6f6d229d3d59cbf09df9e84f76ce43cbd2a1956,official_entry_and_full_snapshot_audit_pass,included,synchronized_ppg_ecg_imu_and_manual_verified_peaks,,heartbeat_motion_benchmark_candidate,none_not_an_independent_external_test,true,400,43ab3273346469e9f689ce32da9c5ad280d0a53a8bc8864adf5716f40f9f024e
external_records_v2,ptt_ppg_1_1_0_local,s19_run,s19,"[""csv/s19_run.csv"",""s19_run.hea"",""s19_run.dat"",""s19_run.atr""]",csv/s19_run.csv,run,motion,record_name_official_protocol,500,PPG_acquisition_1000_to_export_500;ECG_IMU_500;loadcell_80;temperature_10,pleth_1..pleth_6,left_index_finger_distal_and_proximal,project_adopted_distal_pleth_1_red_pleth_2_ir_v2,three_lead_ra_la_ll_exported_ecg,manually_verified_r_peaks,accelerometer_xyz;gyroscope_xyz,declared_g_but_values_and_code_inference_conflict,b593f72de9021a854d72c0b77c2e770b82536e14c474bb2d630eb645422f326d,official_entry_and_full_snapshot_audit_pass,included,synchronized_ppg_ecg_imu_and_manual_verified_peaks,,heartbeat_motion_benchmark_candidate,none_not_an_independent_external_test,true,400,43ab3273346469e9f689ce32da9c5ad280d0a53a8bc8864adf5716f40f9f024e
external_records_v2,ptt_ppg_1_1_0_local,s19_sit,s19,"[""csv/s19_sit.csv"",""s19_sit.hea"",""s19_sit.dat"",""s19_sit.atr""]",csv/s19_sit.csv,sit,static,record_name_official_protocol,500,PPG_acquisition_1000_to_export_500;ECG_IMU_500;loadcell_80;temperature_10,pleth_1..pleth_6,left_index_finger_distal_and_proximal,project_adopted_distal_pleth_1_red_pleth_2_ir_v2,three_lead_ra_la_ll_exported_ecg,manually_verified_r_peaks,accelerometer_xyz;gyroscope_xyz,declared_g_but_values_and_code_inference_conflict,fb75429194843ac2cea18a9064cc3424c1d271e18aff9e0593a8a7c2abf85bec,official_entry_and_full_snapshot_audit_pass,included,synchronized_ppg_ecg_imu_and_manual_verified_peaks,,heartbeat_motion_benchmark_candidate,none_not_an_independent_external_test,true,400,43ab3273346469e9f689ce32da9c5ad280d0a53a8bc8864adf5716f40f9f024e
external_records_v2,ptt_ppg_1_1_0_local,s19_walk,s19,"[""csv/s19_walk.csv"",""s19_walk.hea"",""s19_walk.dat"",""s19_walk.atr""]",csv/s19_walk.csv,walk,motion,record_name_official_protocol,500,PPG_acquisition_1000_to_export_500;ECG_IMU_500;loadcell_80;temperature_10,pleth_1..pleth_6,left_index_finger_distal_and_proximal,project_adopted_distal_pleth_1_red_pleth_2_ir_v2,three_lead_ra_la_ll_exported_ecg,manually_verified_r_peaks,accelerometer_xyz;gyroscope_xyz,declared_g_but_values_and_code_inference_conflict,e0db5c276bdb5978839479d11460581dad6cee784e36eeb320c97cc1c781a496,official_entry_and_full_snapshot_audit_pass,included,synchronized_ppg_ecg_imu_and_manual_verified_peaks,,heartbeat_motion_benchmark_candidate,none_not_an_independent_external_test,true,400,43ab3273346469e9f689ce32da9c5ad280d0a53a8bc8864adf5716f40f9f024e
external_records_v2,ptt_ppg_1_1_0_local,s1_run,s1,"[""csv/s1_run.csv"",""s1_run.hea"",""s1_run.dat"",""s1_run.atr""]",csv/s1_run.csv,run,motion,record_name_official_protocol,500,PPG_acquisition_1000_to_export_500;ECG_IMU_500;loadcell_80;temperature_10,pleth_1..pleth_6,left_index_finger_distal_and_proximal,project_adopted_distal_pleth_1_red_pleth_2_ir_v2,three_lead_ra_la_ll_exported_ecg,manually_verified_r_peaks,accelerometer_xyz;gyroscope_xyz,declared_g_but_values_and_code_inference_conflict,a872993b08a7b398612574133ce24f4c3a22893641798368f61eee1a71046f50,official_entry_and_full_snapshot_audit_pass,included,synchronized_ppg_ecg_imu_and_manual_verified_peaks,,heartbeat_motion_benchmark_candidate,none_not_an_independent_external_test,true,400,43ab3273346469e9f689ce32da9c5ad280d0a53a8bc8864adf5716f40f9f024e
external_records_v2,ptt_ppg_1_1_0_local,s1_sit,s1,"[""csv/s1_sit.csv"",""s1_sit.hea"",""s1_sit.dat"",""s1_sit.atr""]",csv/s1_sit.csv,sit,static,record_name_official_protocol,500,PPG_acquisition_1000_to_export_500;ECG_IMU_500;loadcell_80;temperature_10,pleth_1..pleth_6,left_index_finger_distal_and_proximal,project_adopted_distal_pleth_1_red_pleth_2_ir_v2,three_lead_ra_la_ll_exported_ecg,manually_verified_r_peaks,accelerometer_xyz;gyroscope_xyz,declared_g_but_values_and_code_inference_conflict,25601a60611e01fe138a88829b202c95f047764f5ee232b4d3457df460133391,official_entry_and_full_snapshot_audit_pass,included,synchronized_ppg_ecg_imu_and_manual_verified_peaks,,heartbeat_motion_benchmark_candidate,none_not_an_independent_external_test,true,400,43ab3273346469e9f689ce32da9c5ad280d0a53a8bc8864adf5716f40f9f024e
external_records_v2,ptt_ppg_1_1_0_local,s1_walk,s1,"[""csv/s1_walk.csv"",""s1_walk.hea"",""s1_walk.dat"",""s1_walk.atr""]",csv/s1_walk.csv,walk,motion,record_name_official_protocol,500,PPG_acquisition_1000_to_export_500;ECG_IMU_500;loadcell_80;temperature_10,pleth_1..pleth_6,left_index_finger_distal_and_proximal,project_adopted_distal_pleth_1_red_pleth_2_ir_v2,three_lead_ra_la_ll_exported_ecg,manually_verified_r_peaks,accelerometer_xyz;gyroscope_xyz,declared_g_but_values_and_code_inference_conflict,5e882b0d8c8ee3b7e039795ba1505f131f11e554cb5cff34a69633edc734d449,official_entry_and_full_snapshot_audit_pass,included,synchronized_ppg_ecg_imu_and_manual_verified_peaks,,heartbeat_motion_benchmark_candidate,none_not_an_independent_external_test,true,400,43ab3273346469e9f689ce32da9c5ad280d0a53a8bc8864adf5716f40f9f024e
external_records_v2,ptt_ppg_1_1_0_local,s20_run,s20,"[""csv/s20_run.csv"",""s20_run.hea"",""s20_run.dat"",""s20_run.atr""]",csv/s20_run.csv,run,motion,record_name_official_protocol,500,PPG_acquisition_1000_to_export_500;ECG_IMU_500;loadcell_80;temperature_10,pleth_1..pleth_6,left_index_finger_distal_and_proximal,project_adopted_distal_pleth_1_red_pleth_2_ir_v2,three_lead_ra_la_ll_exported_ecg,manually_verified_r_peaks,accelerometer_xyz;gyroscope_xyz,declared_g_but_values_and_code_inference_conflict,62b6960c86eebb316437960c4d2ce988a49032f800711a66048c826907a57678,official_entry_and_full_snapshot_audit_pass,included,synchronized_ppg_ecg_imu_and_manual_verified_peaks,,heartbeat_motion_benchmark_candidate,none_not_an_independent_external_test,true,400,43ab3273346469e9f689ce32da9c5ad280d0a53a8bc8864adf5716f40f9f024e
external_records_v2,ptt_ppg_1_1_0_local,s20_sit,s20,"[""csv/s20_sit.csv"",""s20_sit.hea"",""s20_sit.dat"",""s20_sit.atr""]",csv/s20_sit.csv,sit,static,record_name_official_protocol,500,PPG_acquisition_1000_to_export_500;ECG_IMU_500;loadcell_80;temperature_10,pleth_1..pleth_6,left_index_finger_distal_and_proximal,project_adopted_distal_pleth_1_red_pleth_2_ir_v2,three_lead_ra_la_ll_exported_ecg,manually_verified_r_peaks,accelerometer_xyz;gyroscope_xyz,declared_g_but_values_and_code_inference_conflict,a95a25aa271ef8c67fbbf335ada2fb18ba57b29e2db6b5775454deba8a0b3a4d,official_entry_and_full_snapshot_audit_pass,included,synchronized_ppg_ecg_imu_and_manual_verified_peaks,,heartbeat_motion_benchmark_candidate,none_not_an_independent_external_test,true,400,43ab3273346469e9f689ce32da9c5ad280d0a53a8bc8864adf5716f40f9f024e
external_records_v2,ptt_ppg_1_1_0_local,s20_walk,s20,"[""csv/s20_walk.csv"",""s20_walk.hea"",""s20_walk.dat"",""s20_walk.atr""]",csv/s20_walk.csv,walk,motion,record_name_official_protocol,500,PPG_acquisition_1000_to_export_500;ECG_IMU_500;loadcell_80;temperature_10,pleth_1..pleth_6,left_index_finger_distal_and_proximal,project_adopted_distal_pleth_1_red_pleth_2_ir_v2,three_lead_ra_la_ll_exported_ecg,manually_verified_r_peaks,accelerometer_xyz;gyroscope_xyz,declared_g_but_values_and_code_inference_conflict,243acf915d12f0afbe1e7a5386d8d08140d612262304e94c52ed834ae997bd35,official_entry_and_full_snapshot_audit_pass,included,synchronized_ppg_ecg_imu_and_manual_verified_peaks,,heartbeat_motion_benchmark_candidate,none_not_an_independent_external_test,true,400,43ab3273346469e9f689ce32da9c5ad280d0a53a8bc8864adf5716f40f9f024e
external_records_v2,ptt_ppg_1_1_0_local,s21_run,s21,"[""csv/s21_run.csv"",""s21_run.hea"",""s21_run.dat"",""s21_run.atr""]",csv/s21_run.csv,run,motion,record_name_official_protocol,500,PPG_acquisition_1000_to_export_500;ECG_IMU_500;loadcell_80;temperature_10,pleth_1..pleth_6,left_index_finger_distal_and_proximal,project_adopted_distal_pleth_1_red_pleth_2_ir_v2,three_lead_ra_la_ll_exported_ecg,manually_verified_r_peaks,accelerometer_xyz;gyroscope_xyz,declared_g_but_values_and_code_inference_conflict,5eac832dfc68de05a5580cb977bf88d66c4cc06ca226da7887969a16b69bccb1,official_entry_and_full_snapshot_audit_pass,included,synchronized_ppg_ecg_imu_and_manual_verified_peaks,,heartbeat_motion_benchmark_candidate,none_not_an_independent_external_test,true,400,43ab3273346469e9f689ce32da9c5ad280d0a53a8bc8864adf5716f40f9f024e
external_records_v2,ptt_ppg_1_1_0_local,s21_sit,s21,"[""csv/s21_sit.csv"",""s21_sit.hea"",""s21_sit.dat"",""s21_sit.atr""]",csv/s21_sit.csv,sit,static,record_name_official_protocol,500,PPG_acquisition_1000_to_export_500;ECG_IMU_500;loadcell_80;temperature_10,pleth_1..pleth_6,left_index_finger_distal_and_proximal,project_adopted_distal_pleth_1_red_pleth_2_ir_v2,three_lead_ra_la_ll_exported_ecg,manually_verified_r_peaks,accelerometer_xyz;gyroscope_xyz,declared_g_but_values_and_code_inference_conflict,a326a3d76f902fa17ad29f1d51f8106d2a3ac9504e4311bb93947e5490b8d922,official_entry_and_full_snapshot_audit_pass,included,synchronized_ppg_ecg_imu_and_manual_verified_peaks,,heartbeat_motion_benchmark_candidate,none_not_an_independent_external_test,true,400,43ab3273346469e9f689ce32da9c5ad280d0a53a8bc8864adf5716f40f9f024e
external_records_v2,ptt_ppg_1_1_0_local,s21_walk,s21,"[""csv/s21_walk.csv"",""s21_walk.hea"",""s21_walk.dat"",""s21_walk.atr""]",csv/s21_walk.csv,walk,motion,record_name_official_protocol,500,PPG_acquisition_1000_to_export_500;ECG_IMU_500;loadcell_80;temperature_10,pleth_1..pleth_6,left_index_finger_distal_and_proximal,project_adopted_distal_pleth_1_red_pleth_2_ir_v2,three_lead_ra_la_ll_exported_ecg,manually_verified_r_peaks,accelerometer_xyz;gyroscope_xyz,declared_g_but_values_and_code_inference_conflict,cd088fab51557b5375c29fc659e40f833fcfe775b95efe04ff504793f453d28c,official_entry_and_full_snapshot_audit_pass,included,synchronized_ppg_ecg_imu_and_manual_verified_peaks,,heartbeat_motion_benchmark_candidate,none_not_an_independent_external_test,true,400,43ab3273346469e9f689ce32da9c5ad280d0a53a8bc8864adf5716f40f9f024e
external_records_v2,ptt_ppg_1_1_0_local,s22_run,s22,"[""csv/s22_run.csv"",""s22_run.hea"",""s22_run.dat"",""s22_run.atr""]",csv/s22_run.csv,run,motion,record_name_official_protocol,500,PPG_acquisition_1000_to_export_500;ECG_IMU_500;loadcell_80;temperature_10,pleth_1..pleth_6,left_index_finger_distal_and_proximal,project_adopted_distal_pleth_1_red_pleth_2_ir_v2,three_lead_ra_la_ll_exported_ecg,manually_verified_r_peaks,accelerometer_xyz;gyroscope_xyz,declared_g_but_values_and_code_inference_conflict,97c51fd8d670aacece768e586fff41b046dfe46211061491f914fd8fd257248c,official_entry_and_full_snapshot_audit_pass,included,synchronized_ppg_ecg_imu_and_manual_verified_peaks,,heartbeat_motion_benchmark_candidate,none_not_an_independent_external_test,true,400,43ab3273346469e9f689ce32da9c5ad280d0a53a8bc8864adf5716f40f9f024e
external_records_v2,ptt_ppg_1_1_0_local,s22_sit,s22,"[""csv/s22_sit.csv"",""s22_sit.hea"",""s22_sit.dat"",""s22_sit.atr""]",csv/s22_sit.csv,sit,static,record_name_official_protocol,500,PPG_acquisition_1000_to_export_500;ECG_IMU_500;loadcell_80;temperature_10,pleth_1..pleth_6,left_index_finger_distal_and_proximal,project_adopted_distal_pleth_1_red_pleth_2_ir_v2,three_lead_ra_la_ll_exported_ecg,manually_verified_r_peaks,accelerometer_xyz;gyroscope_xyz,declared_g_but_values_and_code_inference_conflict,2b07453aac14a60b9e0606d766fcd3f7485560da2c6924129b83c2f8ed1d4fa9,official_entry_and_full_snapshot_audit_pass,included,synchronized_ppg_ecg_imu_and_manual_verified_peaks,,heartbeat_motion_benchmark_candidate,none_not_an_independent_external_test,true,400,43ab3273346469e9f689ce32da9c5ad280d0a53a8bc8864adf5716f40f9f024e
external_records_v2,ptt_ppg_1_1_0_local,s22_walk,s22,"[""csv/s22_walk.csv"",""s22_walk.hea"",""s22_walk.dat"",""s22_walk.atr""]",csv/s22_walk.csv,walk,motion,record_name_official_protocol,500,PPG_acquisition_1000_to_export_500;ECG_IMU_500;loadcell_80;temperature_10,pleth_1..pleth_6,left_index_finger_distal_and_proximal,project_adopted_distal_pleth_1_red_pleth_2_ir_v2,three_lead_ra_la_ll_exported_ecg,manually_verified_r_peaks,accelerometer_xyz;gyroscope_xyz,declared_g_but_values_and_code_inference_conflict,a166a53a10ad77b9b006f3ded21c497ea5ce11bdd931a4fb480740b47e720b9b,official_entry_and_full_snapshot_audit_pass,included,synchronized_ppg_ecg_imu_and_manual_verified_peaks,,heartbeat_motion_benchmark_candidate,none_not_an_independent_external_test,true,400,43ab3273346469e9f689ce32da9c5ad280d0a53a8bc8864adf5716f40f9f024e
external_records_v2,ptt_ppg_1_1_0_local,s2_run,s2,"[""csv/s2_run.csv"",""s2_run.hea"",""s2_run.dat"",""s2_run.atr""]",csv/s2_run.csv,run,motion,record_name_official_protocol,500,PPG_acquisition_1000_to_export_500;ECG_IMU_500;loadcell_80;temperature_10,pleth_1..pleth_6,left_index_finger_distal_and_proximal,project_adopted_distal_pleth_1_red_pleth_2_ir_v2,three_lead_ra_la_ll_exported_ecg,manually_verified_r_peaks,accelerometer_xyz;gyroscope_xyz,declared_g_but_values_and_code_inference_conflict,fca236aa570c9e17434f0b6da94c923eef959314decb4837c3f0be5685872005,official_entry_and_full_snapshot_audit_pass,included,synchronized_ppg_ecg_imu_and_manual_verified_peaks,,heartbeat_motion_benchmark_candidate,none_not_an_independent_external_test,true,400,43ab3273346469e9f689ce32da9c5ad280d0a53a8bc8864adf5716f40f9f024e
external_records_v2,ptt_ppg_1_1_0_local,s2_sit,s2,"[""csv/s2_sit.csv"",""s2_sit.hea"",""s2_sit.dat"",""s2_sit.atr""]",csv/s2_sit.csv,sit,static,record_name_official_protocol,500,PPG_acquisition_1000_to_export_500;ECG_IMU_500;loadcell_80;temperature_10,pleth_1..pleth_6,left_index_finger_distal_and_proximal,project_adopted_distal_pleth_1_red_pleth_2_ir_v2,three_lead_ra_la_ll_exported_ecg,manually_verified_r_peaks,accelerometer_xyz;gyroscope_xyz,declared_g_but_values_and_code_inference_conflict,5f1acd4eb4dcdc48f9e74b2e5b43bf194ed666810caefb707cad903472ee7b24,official_entry_and_full_snapshot_audit_pass,included,synchronized_ppg_ecg_imu_and_manual_verified_peaks,,heartbeat_motion_benchmark_candidate,none_not_an_independent_external_test,true,400,43ab3273346469e9f689ce32da9c5ad280d0a53a8bc8864adf5716f40f9f024e
external_records_v2,ptt_ppg_1_1_0_local,s2_walk,s2,"[""csv/s2_walk.csv"",""s2_walk.hea"",""s2_walk.dat"",""s2_walk.atr""]",csv/s2_walk.csv,walk,motion,record_name_official_protocol,500,PPG_acquisition_1000_to_export_500;ECG_IMU_500;loadcell_80;temperature_10,pleth_1..pleth_6,left_index_finger_distal_and_proximal,project_adopted_distal_pleth_1_red_pleth_2_ir_v2,three_lead_ra_la_ll_exported_ecg,manually_verified_r_peaks,accelerometer_xyz;gyroscope_xyz,declared_g_but_values_and_code_inference_conflict,95c869dba3f57688c5caf2495cade5599aef60a0d130bc271522205e5e2bc19d,official_entry_and_full_snapshot_audit_pass,included,synchronized_ppg_ecg_imu_and_manual_verified_peaks,,heartbeat_motion_benchmark_candidate,none_not_an_independent_external_test,true,400,43ab3273346469e9f689ce32da9c5ad280d0a53a8bc8864adf5716f40f9f024e
external_records_v2,ptt_ppg_1_1_0_local,s3_run,s3,"[""csv/s3_run.csv"",""s3_run.hea"",""s3_run.dat"",""s3_run.atr""]",csv/s3_run.csv,run,motion,record_name_official_protocol,500,PPG_acquisition_1000_to_export_500;ECG_IMU_500;loadcell_80;temperature_10,pleth_1..pleth_6,left_index_finger_distal_and_proximal,project_adopted_distal_pleth_1_red_pleth_2_ir_v2,three_lead_ra_la_ll_exported_ecg,manually_verified_r_peaks,accelerometer_xyz;gyroscope_xyz,declared_g_but_values_and_code_inference_conflict,6eeeb52e5ad4779c94d619915baaf2266d582673875b3428253b5a8de595a6fe,official_entry_and_full_snapshot_audit_pass,included,synchronized_ppg_ecg_imu_and_manual_verified_peaks,,heartbeat_motion_benchmark_candidate,none_not_an_independent_external_test,true,400,43ab3273346469e9f689ce32da9c5ad280d0a53a8bc8864adf5716f40f9f024e
external_records_v2,ptt_ppg_1_1_0_local,s3_sit,s3,"[""csv/s3_sit.csv"",""s3_sit.hea"",""s3_sit.dat"",""s3_sit.atr""]",csv/s3_sit.csv,sit,static,record_name_official_protocol,500,PPG_acquisition_1000_to_export_500;ECG_IMU_500;loadcell_80;temperature_10,pleth_1..pleth_6,left_index_finger_distal_and_proximal,project_adopted_distal_pleth_1_red_pleth_2_ir_v2,three_lead_ra_la_ll_exported_ecg,manually_verified_r_peaks,accelerometer_xyz;gyroscope_xyz,declared_g_but_values_and_code_inference_conflict,3efb49adbd3966af60183739f9c1bcfc4e41052849d4f78439da44b2c47885b3,official_entry_and_full_snapshot_audit_pass,included,synchronized_ppg_ecg_imu_and_manual_verified_peaks,,heartbeat_motion_benchmark_candidate,none_not_an_independent_external_test,true,400,43ab3273346469e9f689ce32da9c5ad280d0a53a8bc8864adf5716f40f9f024e
external_records_v2,ptt_ppg_1_1_0_local,s3_walk,s3,"[""csv/s3_walk.csv"",""s3_walk.hea"",""s3_walk.dat"",""s3_walk.atr""]",csv/s3_walk.csv,walk,motion,record_name_official_protocol,500,PPG_acquisition_1000_to_export_500;ECG_IMU_500;loadcell_80;temperature_10,pleth_1..pleth_6,left_index_finger_distal_and_proximal,project_adopted_distal_pleth_1_red_pleth_2_ir_v2,three_lead_ra_la_ll_exported_ecg,manually_verified_r_peaks,accelerometer_xyz;gyroscope_xyz,declared_g_but_values_and_code_inference_conflict,d5178f8fc679360a7b66578e59d344a8348446de97d196c10d063fd30b8c902e,official_entry_and_full_snapshot_audit_pass,included,synchronized_ppg_ecg_imu_and_manual_verified_peaks,,heartbeat_motion_benchmark_candidate,none_not_an_independent_external_test,true,400,43ab3273346469e9f689ce32da9c5ad280d0a53a8bc8864adf5716f40f9f024e
external_records_v2,ptt_ppg_1_1_0_local,s4_run,s4,"[""csv/s4_run.csv"",""s4_run.hea"",""s4_run.dat"",""s4_run.atr""]",csv/s4_run.csv,run,motion,record_name_official_protocol,500,PPG_acquisition_1000_to_export_500;ECG_IMU_500;loadcell_80;temperature_10,pleth_1..pleth_6,left_index_finger_distal_and_proximal,project_adopted_distal_pleth_1_red_pleth_2_ir_v2,three_lead_ra_la_ll_exported_ecg,manually_verified_r_peaks,accelerometer_xyz;gyroscope_xyz,declared_g_but_values_and_code_inference_conflict,8b28465928740bff484e45668b466d0de70eb4ff001716ccc6dab486e0aa2f26,official_entry_and_full_snapshot_audit_pass,included,synchronized_ppg_ecg_imu_and_manual_verified_peaks,,heartbeat_motion_benchmark_candidate,none_not_an_independent_external_test,true,400,43ab3273346469e9f689ce32da9c5ad280d0a53a8bc8864adf5716f40f9f024e
external_records_v2,ptt_ppg_1_1_0_local,s4_sit,s4,"[""csv/s4_sit.csv"",""s4_sit.hea"",""s4_sit.dat"",""s4_sit.atr""]",csv/s4_sit.csv,sit,static,record_name_official_protocol,500,PPG_acquisition_1000_to_export_500;ECG_IMU_500;loadcell_80;temperature_10,pleth_1..pleth_6,left_index_finger_distal_and_proximal,project_adopted_distal_pleth_1_red_pleth_2_ir_v2,three_lead_ra_la_ll_exported_ecg,manually_verified_r_peaks,accelerometer_xyz;gyroscope_xyz,declared_g_but_values_and_code_inference_conflict,ffef575c1d3a882f3e6b6277674cecfefcdf627107fea06704640aee707f9d39,official_entry_and_full_snapshot_audit_pass,included,synchronized_ppg_ecg_imu_and_manual_verified_peaks,,heartbeat_motion_benchmark_candidate,none_not_an_independent_external_test,true,400,43ab3273346469e9f689ce32da9c5ad280d0a53a8bc8864adf5716f40f9f024e
external_records_v2,ptt_ppg_1_1_0_local,s4_walk,s4,"[""csv/s4_walk.csv"",""s4_walk.hea"",""s4_walk.dat"",""s4_walk.atr""]",csv/s4_walk.csv,walk,motion,record_name_official_protocol,500,PPG_acquisition_1000_to_export_500;ECG_IMU_500;loadcell_80;temperature_10,pleth_1..pleth_6,left_index_finger_distal_and_proximal,project_adopted_distal_pleth_1_red_pleth_2_ir_v2,three_lead_ra_la_ll_exported_ecg,manually_verified_r_peaks,accelerometer_xyz;gyroscope_xyz,declared_g_but_values_and_code_inference_conflict,d72a386b8f5bae17c79dd8c0a18c9165d4badad44581a67f25104043fec1923d,official_entry_and_full_snapshot_audit_pass,included,synchronized_ppg_ecg_imu_and_manual_verified_peaks,,heartbeat_motion_benchmark_candidate,none_not_an_independent_external_test,true,400,43ab3273346469e9f689ce32da9c5ad280d0a53a8bc8864adf5716f40f9f024e
external_records_v2,ptt_ppg_1_1_0_local,s5_run,s5,"[""csv/s5_run.csv"",""s5_run.hea"",""s5_run.dat"",""s5_run.atr""]",csv/s5_run.csv,run,motion,record_name_official_protocol,500,PPG_acquisition_1000_to_export_500;ECG_IMU_500;loadcell_80;temperature_10,pleth_1..pleth_6,left_index_finger_distal_and_proximal,project_adopted_distal_pleth_1_red_pleth_2_ir_v2,three_lead_ra_la_ll_exported_ecg,manually_verified_r_peaks,accelerometer_xyz;gyroscope_xyz,declared_g_but_values_and_code_inference_conflict,b49ff4ee444a8cae780902a3788c18d916dac9cde441987971c5233246176d63,official_entry_and_full_snapshot_audit_pass,included,synchronized_ppg_ecg_imu_and_manual_verified_peaks,,heartbeat_motion_benchmark_candidate,none_not_an_independent_external_test,true,400,43ab3273346469e9f689ce32da9c5ad280d0a53a8bc8864adf5716f40f9f024e
external_records_v2,ptt_ppg_1_1_0_local,s5_sit,s5,"[""csv/s5_sit.csv"",""s5_sit.hea"",""s5_sit.dat"",""s5_sit.atr""]",csv/s5_sit.csv,sit,static,record_name_official_protocol,500,PPG_acquisition_1000_to_export_500;ECG_IMU_500;loadcell_80;temperature_10,pleth_1..pleth_6,left_index_finger_distal_and_proximal,project_adopted_distal_pleth_1_red_pleth_2_ir_v2,three_lead_ra_la_ll_exported_ecg,manually_verified_r_peaks,accelerometer_xyz;gyroscope_xyz,declared_g_but_values_and_code_inference_conflict,e2c8912f562bc90fe313b674e7efbcd1e4812fd60b932bc4353d379eb629d68c,official_entry_and_full_snapshot_audit_pass,included,synchronized_ppg_ecg_imu_and_manual_verified_peaks,,heartbeat_motion_benchmark_candidate,none_not_an_independent_external_test,true,400,43ab3273346469e9f689ce32da9c5ad280d0a53a8bc8864adf5716f40f9f024e
external_records_v2,ptt_ppg_1_1_0_local,s5_walk,s5,"[""csv/s5_walk.csv"",""s5_walk.hea"",""s5_walk.dat"",""s5_walk.atr""]",csv/s5_walk.csv,walk,motion,record_name_official_protocol,500,PPG_acquisition_1000_to_export_500;ECG_IMU_500;loadcell_80;temperature_10,pleth_1..pleth_6,left_index_finger_distal_and_proximal,project_adopted_distal_pleth_1_red_pleth_2_ir_v2,three_lead_ra_la_ll_exported_ecg,manually_verified_r_peaks,accelerometer_xyz;gyroscope_xyz,declared_g_but_values_and_code_inference_conflict,a7e09981f11715c13b4d9488ca6e52dcc73a798ac222d5c071a94038a6f4397c,official_entry_and_full_snapshot_audit_pass,included,synchronized_ppg_ecg_imu_and_manual_verified_peaks,,heartbeat_motion_benchmark_candidate,none_not_an_independent_external_test,true,400,43ab3273346469e9f689ce32da9c5ad280d0a53a8bc8864adf5716f40f9f024e
external_records_v2,ptt_ppg_1_1_0_local,s6_run,s6,"[""csv/s6_run.csv"",""s6_run.hea"",""s6_run.dat"",""s6_run.atr""]",csv/s6_run.csv,run,motion,record_name_official_protocol,500,PPG_acquisition_1000_to_export_500;ECG_IMU_500;loadcell_80;temperature_10,pleth_1..pleth_6,left_index_finger_distal_and_proximal,project_adopted_distal_pleth_1_red_pleth_2_ir_v2,three_lead_ra_la_ll_exported_ecg,manually_verified_r_peaks,accelerometer_xyz;gyroscope_xyz,declared_g_but_values_and_code_inference_conflict,6f90cc46766c3e0174b9b972fc1bbbb56357985c9a05f9db8e00516402e67b5e,official_entry_and_full_snapshot_audit_pass,included,synchronized_ppg_ecg_imu_and_manual_verified_peaks,,heartbeat_motion_benchmark_candidate,none_not_an_independent_external_test,true,400,43ab3273346469e9f689ce32da9c5ad280d0a53a8bc8864adf5716f40f9f024e
external_records_v2,ptt_ppg_1_1_0_local,s6_sit,s6,"[""csv/s6_sit.csv"",""s6_sit.hea"",""s6_sit.dat"",""s6_sit.atr""]",csv/s6_sit.csv,sit,static,record_name_official_protocol,500,PPG_acquisition_1000_to_export_500;ECG_IMU_500;loadcell_80;temperature_10,pleth_1..pleth_6,left_index_finger_distal_and_proximal,project_adopted_distal_pleth_1_red_pleth_2_ir_v2,three_lead_ra_la_ll_exported_ecg,manually_verified_r_peaks,accelerometer_xyz;gyroscope_xyz,declared_g_but_values_and_code_inference_conflict,5d8c859aa7b2bbf1b702f1f5be9276613ac94b6fb8472d67cf1f3b1946314a61,official_entry_and_full_snapshot_audit_pass,included,synchronized_ppg_ecg_imu_and_manual_verified_peaks,,heartbeat_motion_benchmark_candidate,none_not_an_independent_external_test,true,400,43ab3273346469e9f689ce32da9c5ad280d0a53a8bc8864adf5716f40f9f024e
external_records_v2,ptt_ppg_1_1_0_local,s6_walk,s6,"[""csv/s6_walk.csv"",""s6_walk.hea"",""s6_walk.dat"",""s6_walk.atr""]",csv/s6_walk.csv,walk,motion,record_name_official_protocol,500,PPG_acquisition_1000_to_export_500;ECG_IMU_500;loadcell_80;temperature_10,pleth_1..pleth_6,left_index_finger_distal_and_proximal,project_adopted_distal_pleth_1_red_pleth_2_ir_v2,three_lead_ra_la_ll_exported_ecg,manually_verified_r_peaks,accelerometer_xyz;gyroscope_xyz,declared_g_but_values_and_code_inference_conflict,7aabaafb0d10aa8fcfcacec7e3f45c42ebd8a9fa270f2b2c2eb587b0e4d5a98d,official_entry_and_full_snapshot_audit_pass,included,synchronized_ppg_ecg_imu_and_manual_verified_peaks,,heartbeat_motion_benchmark_candidate,none_not_an_independent_external_test,true,400,43ab3273346469e9f689ce32da9c5ad280d0a53a8bc8864adf5716f40f9f024e
external_records_v2,ptt_ppg_1_1_0_local,s7_run,s7,"[""csv/s7_run.csv"",""s7_run.hea"",""s7_run.dat"",""s7_run.atr""]",csv/s7_run.csv,run,motion,record_name_official_protocol,500,PPG_acquisition_1000_to_export_500;ECG_IMU_500;loadcell_80;temperature_10,pleth_1..pleth_6,left_index_finger_distal_and_proximal,project_adopted_distal_pleth_1_red_pleth_2_ir_v2,three_lead_ra_la_ll_exported_ecg,manually_verified_r_peaks,accelerometer_xyz;gyroscope_xyz,declared_g_but_values_and_code_inference_conflict,6fbb79de1cd8e51f4a0dfb2b97bec015a59ebfde8f9abb9f8d4eabce6cb68cca,official_entry_and_full_snapshot_audit_pass,included,synchronized_ppg_ecg_imu_and_manual_verified_peaks,,heartbeat_motion_benchmark_candidate,none_not_an_independent_external_test,true,400,43ab3273346469e9f689ce32da9c5ad280d0a53a8bc8864adf5716f40f9f024e
external_records_v2,ptt_ppg_1_1_0_local,s7_sit,s7,"[""csv/s7_sit.csv"",""s7_sit.hea"",""s7_sit.dat"",""s7_sit.atr""]",csv/s7_sit.csv,sit,static,record_name_official_protocol,500,PPG_acquisition_1000_to_export_500;ECG_IMU_500;loadcell_80;temperature_10,pleth_1..pleth_6,left_index_finger_distal_and_proximal,project_adopted_distal_pleth_1_red_pleth_2_ir_v2,three_lead_ra_la_ll_exported_ecg,manually_verified_r_peaks,accelerometer_xyz;gyroscope_xyz,declared_g_but_values_and_code_inference_conflict,bd4abfdc9129512ced4eaee551f9012f6fdce8ec0ecc29b24368d3f119fe03c9,official_entry_and_full_snapshot_audit_pass,included,synchronized_ppg_ecg_imu_and_manual_verified_peaks,,heartbeat_motion_benchmark_candidate,none_not_an_independent_external_test,true,400,43ab3273346469e9f689ce32da9c5ad280d0a53a8bc8864adf5716f40f9f024e
external_records_v2,ptt_ppg_1_1_0_local,s7_walk,s7,"[""csv/s7_walk.csv"",""s7_walk.hea"",""s7_walk.dat"",""s7_walk.atr""]",csv/s7_walk.csv,walk,motion,record_name_official_protocol,500,PPG_acquisition_1000_to_export_500;ECG_IMU_500;loadcell_80;temperature_10,pleth_1..pleth_6,left_index_finger_distal_and_proximal,project_adopted_distal_pleth_1_red_pleth_2_ir_v2,three_lead_ra_la_ll_exported_ecg,manually_verified_r_peaks,accelerometer_xyz;gyroscope_xyz,declared_g_but_values_and_code_inference_conflict,be17b8241d4be5e3de47b2abb87ac5085415d8aac32fc83704608500e66266f5,official_entry_and_full_snapshot_audit_pass,included,synchronized_ppg_ecg_imu_and_manual_verified_peaks,,heartbeat_motion_benchmark_candidate,none_not_an_independent_external_test,true,400,43ab3273346469e9f689ce32da9c5ad280d0a53a8bc8864adf5716f40f9f024e
external_records_v2,ptt_ppg_1_1_0_local,s8_run,s8,"[""csv/s8_run.csv"",""s8_run.hea"",""s8_run.dat"",""s8_run.atr""]",csv/s8_run.csv,run,motion,record_name_official_protocol,500,PPG_acquisition_1000_to_export_500;ECG_IMU_500;loadcell_80;temperature_10,pleth_1..pleth_6,left_index_finger_distal_and_proximal,project_adopted_distal_pleth_1_red_pleth_2_ir_v2,three_lead_ra_la_ll_exported_ecg,manually_verified_r_peaks,accelerometer_xyz;gyroscope_xyz,declared_g_but_values_and_code_inference_conflict,3b2300f23f9350122033046d978688797f3e742a0d6a2c5ab4a00ded629d180c,official_entry_and_full_snapshot_audit_pass,included,synchronized_ppg_ecg_imu_and_manual_verified_peaks,,heartbeat_motion_benchmark_candidate,none_not_an_independent_external_test,true,400,43ab3273346469e9f689ce32da9c5ad280d0a53a8bc8864adf5716f40f9f024e
external_records_v2,ptt_ppg_1_1_0_local,s8_sit,s8,"[""csv/s8_sit.csv"",""s8_sit.hea"",""s8_sit.dat"",""s8_sit.atr""]",csv/s8_sit.csv,sit,static,record_name_official_protocol,500,PPG_acquisition_1000_to_export_500;ECG_IMU_500;loadcell_80;temperature_10,pleth_1..pleth_6,left_index_finger_distal_and_proximal,project_adopted_distal_pleth_1_red_pleth_2_ir_v2,three_lead_ra_la_ll_exported_ecg,manually_verified_r_peaks,accelerometer_xyz;gyroscope_xyz,declared_g_but_values_and_code_inference_conflict,d50f3e4d58bf12a69d07ff00cf3d36657db8fabe1a793fccb327468cf51e8e27,official_entry_and_full_snapshot_audit_pass,included,synchronized_ppg_ecg_imu_and_manual_verified_peaks,,heartbeat_motion_benchmark_candidate,none_not_an_independent_external_test,true,400,43ab3273346469e9f689ce32da9c5ad280d0a53a8bc8864adf5716f40f9f024e
external_records_v2,ptt_ppg_1_1_0_local,s8_walk,s8,"[""csv/s8_walk.csv"",""s8_walk.hea"",""s8_walk.dat"",""s8_walk.atr""]",csv/s8_walk.csv,walk,motion,record_name_official_protocol,500,PPG_acquisition_1000_to_export_500;ECG_IMU_500;loadcell_80;temperature_10,pleth_1..pleth_6,left_index_finger_distal_and_proximal,project_adopted_distal_pleth_1_red_pleth_2_ir_v2,three_lead_ra_la_ll_exported_ecg,manually_verified_r_peaks,accelerometer_xyz;gyroscope_xyz,declared_g_but_values_and_code_inference_conflict,a66863863edb1ed7b231043199998cdfcd7e81160cb6bcba8c8aec33336535bf,official_entry_and_full_snapshot_audit_pass,included,synchronized_ppg_ecg_imu_and_manual_verified_peaks,,heartbeat_motion_benchmark_candidate,none_not_an_independent_external_test,true,400,43ab3273346469e9f689ce32da9c5ad280d0a53a8bc8864adf5716f40f9f024e
external_records_v2,ptt_ppg_1_1_0_local,s9_run,s9,"[""csv/s9_run.csv"",""s9_run.hea"",""s9_run.dat"",""s9_run.atr""]",csv/s9_run.csv,run,motion,record_name_official_protocol,500,PPG_acquisition_1000_to_export_500;ECG_IMU_500;loadcell_80;temperature_10,pleth_1..pleth_6,left_index_finger_distal_and_proximal,project_adopted_distal_pleth_1_red_pleth_2_ir_v2,three_lead_ra_la_ll_exported_ecg,manually_verified_r_peaks,accelerometer_xyz;gyroscope_xyz,declared_g_but_values_and_code_inference_conflict,836fea3ccc673ae39dddc929da7d8615607690a80eef5d015cd09fa6e66f5798,official_entry_and_full_snapshot_audit_pass,included,synchronized_ppg_ecg_imu_and_manual_verified_peaks,,heartbeat_motion_benchmark_candidate,none_not_an_independent_external_test,true,400,43ab3273346469e9f689ce32da9c5ad280d0a53a8bc8864adf5716f40f9f024e
external_records_v2,ptt_ppg_1_1_0_local,s9_sit,s9,"[""csv/s9_sit.csv"",""s9_sit.hea"",""s9_sit.dat"",""s9_sit.atr""]",csv/s9_sit.csv,sit,static,record_name_official_protocol,500,PPG_acquisition_1000_to_export_500;ECG_IMU_500;loadcell_80;temperature_10,pleth_1..pleth_6,left_index_finger_distal_and_proximal,project_adopted_distal_pleth_1_red_pleth_2_ir_v2,three_lead_ra_la_ll_exported_ecg,manually_verified_r_peaks,accelerometer_xyz;gyroscope_xyz,declared_g_but_values_and_code_inference_conflict,7f0a8f4b133584d9cbe9a5e2ba7afe190ec1bafb713aba40b5033dfd235d9a67,official_entry_and_full_snapshot_audit_pass,included,synchronized_ppg_ecg_imu_and_manual_verified_peaks,,heartbeat_motion_benchmark_candidate,none_not_an_independent_external_test,true,400,43ab3273346469e9f689ce32da9c5ad280d0a53a8bc8864adf5716f40f9f024e
external_records_v2,ptt_ppg_1_1_0_local,s9_walk,s9,"[""csv/s9_walk.csv"",""s9_walk.hea"",""s9_walk.dat"",""s9_walk.atr""]",csv/s9_walk.csv,walk,motion,record_name_official_protocol,500,PPG_acquisition_1000_to_export_500;ECG_IMU_500;loadcell_80;temperature_10,pleth_1..pleth_6,left_index_finger_distal_and_proximal,project_adopted_distal_pleth_1_red_pleth_2_ir_v2,three_lead_ra_la_ll_exported_ecg,manually_verified_r_peaks,accelerometer_xyz;gyroscope_xyz,declared_g_but_values_and_code_inference_conflict,756c77b3daef7ef85fae1148d975e7c5bcf9abf037dd3a2b34007ad773da6635,official_entry_and_full_snapshot_audit_pass,included,synchronized_ppg_ecg_imu_and_manual_verified_peaks,,heartbeat_motion_benchmark_candidate,none_not_an_independent_external_test,true,400,43ab3273346469e9f689ce32da9c5ad280d0a53a8bc8864adf5716f40f9f024e
external_records_v2,simultaneous_measurements_1_0_0_local,x001,x001,"[""generated_data/x001.hea"",""generated_data/x001.dat"",""generated_data/x001.atr"",""generated_data/x001.aux""]",generated_data/x001.hea,multi_stage_rest_walk_2back_uphill_walk,interval_labeled_static_and_motion,manually_revised_aux_phase_markers,256,generated_256;SOT_native_512;FAROS_1000;NEXUS_8000;POLAR_1000;HEXOSKIN_256,SOT/Pleth,right_hand_fingertip_schematic_exact_digit_unknown,unknown,SOT/EKG_filtered,manually_revised_consensus_r_peaks,FAROS_accelerometer_xyz_no_gyroscope,mg_source_declared,"{""generated_data/x001.atr"":""faaf5721c4ffa3dd80964c4db289014ba32ebf1fcbfbab2600b8126e399aef49"",""generated_data/x001.aux"":""82e183ddd5557c53b133951b44980a8610c7f73836a4a459997560b7b46b9e52"",""generated_data/x001.dat"":""d3ed9a0857d5e73bb9e15fc49f7ccc1f3b764e8a4bf6d6e5b2bf1d813c983d92"",""generated_data/x001.hea"":""87598f52ce9c6a4f03e52fdb8e20914d7fe71aaf5502fb390d70edcd09c5cc92""}",official_full_snapshot_audit_pass,included,synchronized_ppg_ecg_accel_manual_peaks_and_phase_markers,,interval_heartbeat_motion_benchmark_candidate,none_not_an_independent_external_test,true,400,43ab3273346469e9f689ce32da9c5ad280d0a53a8bc8864adf5716f40f9f024e
external_records_v2,simultaneous_measurements_1_0_0_local,x001a,x001_variant,"[""generated_data/x001a.hea"",""generated_data/x001a.dat""]",generated_data/x001a.hea,unavailable,unavailable,none,256,generated_256;SOT_native_512;FAROS_1000;NEXUS_8000;POLAR_1000;HEXOSKIN_256,none,none,not_applicable,none,none,none,not_applicable,"{""generated_data/x001a.dat"":""c1316151b179afb51e5d5ac63397dee73e7f40252d334f4489080954a831ea60"",""generated_data/x001a.hea"":""51abb3a2bbcd9f05f589101b9316b727bf3be07b6262b91b0fece68c2d3a1967""}",official_full_snapshot_audit_pass,excluded,missing_SOT_Pleth_and_required_annotations,,excluded_source_record,none_not_an_independent_external_test,true,400,43ab3273346469e9f689ce32da9c5ad280d0a53a8bc8864adf5716f40f9f024e
external_records_v2,simultaneous_measurements_1_0_0_local,x002,x002,"[""generated_data/x002.hea"",""generated_data/x002.dat"",""generated_data/x002.atr"",""generated_data/x002.aux""]",generated_data/x002.hea,multi_stage_rest_walk_2back_uphill_walk,interval_labeled_static_and_motion,manually_revised_aux_phase_markers,256,generated_256;SOT_native_512;FAROS_1000;NEXUS_8000;POLAR_1000;HEXOSKIN_256,SOT/Pleth,right_hand_fingertip_schematic_exact_digit_unknown,unknown,SOT/EKG_filtered,manually_revised_consensus_r_peaks,FAROS_accelerometer_xyz_no_gyroscope,mg_source_declared,"{""generated_data/x002.atr"":""b492cc22f97da74800bf540eec39c76c492947238cfdf1c1a495b1988fe75082"",""generated_data/x002.aux"":""4bac993e37c7bef025d30a9e8c90853783cc3c30061915d5501cbc2c135ff9d7"",""generated_data/x002.dat"":""5a239ed6166c62da7ba8955841902c186ca751f1f212e5b019b9fbed79e9cc34"",""generated_data/x002.hea"":""4d8b0f8caccb99051ab711015d10dad85392aec42591c17531874e4dc915381a""}",official_full_snapshot_audit_pass,included,synchronized_ppg_ecg_accel_manual_peaks_and_phase_markers,,interval_heartbeat_motion_benchmark_candidate,none_not_an_independent_external_test,true,400,43ab3273346469e9f689ce32da9c5ad280d0a53a8bc8864adf5716f40f9f024e
external_records_v2,simultaneous_measurements_1_0_0_local,x003,x003,"[""generated_data/x003.hea"",""generated_data/x003.dat"",""generated_data/x003.atr"",""generated_data/x003.aux""]",generated_data/x003.hea,multi_stage_rest_walk_2back_uphill_walk,interval_labeled_static_and_motion,manually_revised_aux_phase_markers,256,generated_256;SOT_native_512;FAROS_1000;NEXUS_8000;POLAR_1000;HEXOSKIN_256,SOT/Pleth,right_hand_fingertip_schematic_exact_digit_unknown,unknown,SOT/EKG_filtered,manually_revised_consensus_r_peaks,FAROS_accelerometer_xyz_no_gyroscope,mg_source_declared,"{""generated_data/x003.atr"":""86c43e9e81c0bf0fe267aebdfad4eedbbf120126e1574544657a94fc1f62fdd0"",""generated_data/x003.aux"":""d6efbb330d908b300dc36408f1ad6b9b07bb569f526caf7181acc5053493ea9d"",""generated_data/x003.dat"":""99e1b154ce5f6b58661b1d1b5b97a26eb13e248f7e696a2cfc631e5a81188ccb"",""generated_data/x003.hea"":""7b35a4d093d1c6fda97045a451b4fbd10cb7eff1ca85db6ff6152aed381eae44""}",official_full_snapshot_audit_pass,included,synchronized_ppg_ecg_accel_manual_peaks_and_phase_markers,,interval_heartbeat_motion_benchmark_candidate,none_not_an_independent_external_test,true,400,43ab3273346469e9f689ce32da9c5ad280d0a53a8bc8864adf5716f40f9f024e
external_records_v2,simultaneous_measurements_1_0_0_local,x004,x004,"[""generated_data/x004.hea"",""generated_data/x004.dat"",""generated_data/x004.atr"",""generated_data/x004.aux""]",generated_data/x004.hea,multi_stage_rest_walk_2back_uphill_walk,interval_labeled_static_and_motion,manually_revised_aux_phase_markers,256,generated_256;SOT_native_512;FAROS_1000;NEXUS_8000;POLAR_1000;HEXOSKIN_256,SOT/Pleth,right_hand_fingertip_schematic_exact_digit_unknown,unknown,SOT/EKG_filtered,manually_revised_consensus_r_peaks,FAROS_accelerometer_xyz_no_gyroscope,mg_source_declared,"{""generated_data/x004.atr"":""394f9234a84b18d529a547989f947822955507913ff048d7620a7d316f04c9e0"",""generated_data/x004.aux"":""edaf565f21bddd54901f31b3af84debfd2a0b46ad58e19c1238bb4328cfc1305"",""generated_data/x004.dat"":""31025e542720d508ea2f074bc64a1ba73c1d197556463aa649b0876af2095763"",""generated_data/x004.hea"":""1736353f42151262da8c12db8f7f9427906f97cee6580efaa47d3c0440015275""}",official_full_snapshot_audit_pass,included,synchronized_ppg_ecg_accel_manual_peaks_and_phase_markers,,interval_heartbeat_motion_benchmark_candidate,none_not_an_independent_external_test,true,400,43ab3273346469e9f689ce32da9c5ad280d0a53a8bc8864adf5716f40f9f024e
external_records_v2,simultaneous_measurements_1_0_0_local,x005,x005,"[""generated_data/x005.hea"",""generated_data/x005.dat"",""generated_data/x005.atr"",""generated_data/x005.aux""]",generated_data/x005.hea,multi_stage_rest_walk_2back_uphill_walk,interval_labeled_static_and_motion,manually_revised_aux_phase_markers,256,generated_256;SOT_native_512;FAROS_1000;NEXUS_8000;POLAR_1000;HEXOSKIN_256,SOT/Pleth,right_hand_fingertip_schematic_exact_digit_unknown,unknown,SOT/EKG_filtered,manually_revised_consensus_r_peaks,FAROS_accelerometer_xyz_no_gyroscope,mg_source_declared,"{""generated_data/x005.atr"":""b8aaba5a994471a80f759fc7ea4b176e6f644ffad44f92b3982ece95fa809039"",""generated_data/x005.aux"":""35789af90f8c411c5a1a3a5eb7029c35d4b9a1c5d5d50f39df3d47a5b34f0433"",""generated_data/x005.dat"":""cb387ab02c93eb09efb0070c960b29a8d66a1312817ca7f8446be185cd4655a7"",""generated_data/x005.hea"":""e732e71e8fd1c3be3af43f2b702294830e5e08fff599b0e4d99579e87b94a834""}",official_full_snapshot_audit_pass,included,synchronized_ppg_ecg_accel_manual_peaks_and_phase_markers,,interval_heartbeat_motion_benchmark_candidate,none_not_an_independent_external_test,true,400,43ab3273346469e9f689ce32da9c5ad280d0a53a8bc8864adf5716f40f9f024e
external_records_v2,simultaneous_measurements_1_0_0_local,x006,x006,"[""generated_data/x006.hea"",""generated_data/x006.dat"",""generated_data/x006.atr"",""generated_data/x006.aux""]",generated_data/x006.hea,multi_stage_rest_walk_2back_uphill_walk,interval_labeled_static_and_motion,manually_revised_aux_phase_markers,256,generated_256;SOT_native_512;FAROS_1000;NEXUS_8000;POLAR_1000;HEXOSKIN_256,SOT/Pleth,right_hand_fingertip_schematic_exact_digit_unknown,unknown,SOT/EKG_filtered,manually_revised_consensus_r_peaks,FAROS_accelerometer_xyz_no_gyroscope,mg_source_declared,"{""generated_data/x006.atr"":""0389662a341f1b210486d4447c9c1eb62030394ca0aeabe9f4403de1eb45f3b5"",""generated_data/x006.aux"":""8eee50445c3d60c0a1f029264f20d516fb0129247cb83a20e4115c8ec3a46e64"",""generated_data/x006.dat"":""912bb3d460d839e696b47c42a8110850cc5fcd4db7d374e1da0dd638beca31fe"",""generated_data/x006.hea"":""e7c135de1b0c2e341494b15b525f855cad7066ac6d04448ab1597ca0bde1e60d""}",official_full_snapshot_audit_pass,included,synchronized_ppg_ecg_accel_manual_peaks_and_phase_markers,,interval_heartbeat_motion_benchmark_candidate,none_not_an_independent_external_test,true,400,43ab3273346469e9f689ce32da9c5ad280d0a53a8bc8864adf5716f40f9f024e
external_records_v2,simultaneous_measurements_1_0_0_local,x007,x007,"[""generated_data/x007.hea"",""generated_data/x007.dat"",""generated_data/x007.atr"",""generated_data/x007.aux""]",generated_data/x007.hea,multi_stage_rest_walk_2back_uphill_walk,interval_labeled_static_and_motion,manually_revised_aux_phase_markers,256,generated_256;SOT_native_512;FAROS_1000;NEXUS_8000;POLAR_1000;HEXOSKIN_256,SOT/Pleth,right_hand_fingertip_schematic_exact_digit_unknown,unknown,SOT/EKG_filtered,manually_revised_consensus_r_peaks,FAROS_accelerometer_xyz_no_gyroscope,mg_source_declared,"{""generated_data/x007.atr"":""dac55dcebee95b7b4a6dcfd837c625b69c9d37cc595a09180439e5387653b3e1"",""generated_data/x007.aux"":""d63c3582f5ffd6a27b9cac33a3d1811085a868d9ebc6c2a108a4c981d9f2b108"",""generated_data/x007.dat"":""820f2ae63b6a9eba1425ab9a7342576f05df083780779118c148488958b6c82d"",""generated_data/x007.hea"":""20c380b4b8ab7372f526990693fc490bdc3dc9fc13b0d62edf84ed3c384290a9""}",official_full_snapshot_audit_pass,included,synchronized_ppg_ecg_accel_manual_peaks_and_phase_markers,,interval_heartbeat_motion_benchmark_candidate,none_not_an_independent_external_test,true,400,43ab3273346469e9f689ce32da9c5ad280d0a53a8bc8864adf5716f40f9f024e
external_records_v2,simultaneous_measurements_1_0_0_local,x008,x008,"[""generated_data/x008.hea"",""generated_data/x008.dat"",""generated_data/x008.atr"",""generated_data/x008.aux""]",generated_data/x008.hea,multi_stage_rest_walk_2back_uphill_walk,interval_labeled_static_and_motion,manually_revised_aux_phase_markers,256,generated_256;SOT_native_512;FAROS_1000;NEXUS_8000;POLAR_1000;HEXOSKIN_256,SOT/Pleth,right_hand_fingertip_schematic_exact_digit_unknown,unknown,SOT/EKG_filtered,manually_revised_consensus_r_peaks,FAROS_accelerometer_xyz_no_gyroscope,mg_source_declared,"{""generated_data/x008.atr"":""e4254844e7bdb222be3f28fbfd6821e7c050d9a6d34943b294bd2efd9fc92356"",""generated_data/x008.aux"":""2f55bae7e8e3f943dd11e5d05f139035c33ce93731d392fe373f59d28d0ce7d3"",""generated_data/x008.dat"":""69f72e66b2939c82b58656465a1e563005d6acf9c373cda85a513cab385aa67c"",""generated_data/x008.hea"":""55c7b2431ade7cb24e1d1502ee4e3c3bee4d1eefd25f026f94ad75b713432188""}",official_full_snapshot_audit_pass,included,synchronized_ppg_ecg_accel_manual_peaks_and_phase_markers,,interval_heartbeat_motion_benchmark_candidate,none_not_an_independent_external_test,true,400,43ab3273346469e9f689ce32da9c5ad280d0a53a8bc8864adf5716f40f9f024e
external_records_v2,simultaneous_measurements_1_0_0_local,x009,x009,"[""generated_data/x009.hea"",""generated_data/x009.dat"",""generated_data/x009.atr"",""generated_data/x009.aux""]",generated_data/x009.hea,multi_stage_rest_walk_2back_uphill_walk,interval_labeled_static_and_motion,manually_revised_aux_phase_markers,256,generated_256;SOT_native_512;FAROS_1000;NEXUS_8000;POLAR_1000;HEXOSKIN_256,SOT/Pleth,right_hand_fingertip_schematic_exact_digit_unknown,unknown,SOT/EKG_filtered,manually_revised_consensus_r_peaks,FAROS_accelerometer_xyz_no_gyroscope,mg_source_declared,"{""generated_data/x009.atr"":""8accc74d1c786c57b403f012ee699fa8b01af8bea5f2b1dc4a29df85cb13a7b1"",""generated_data/x009.aux"":""fa9f6aeff10ac47585899d0ab0f9c099c031e829f4cf33b579ffe7710189a83a"",""generated_data/x009.dat"":""2cdd1690e399569c7a0f4ceb0b21c1a9c1c2438e0a44fa04b187b09e92eba058"",""generated_data/x009.hea"":""573df00ce5dbc189406c31968b3b4cef2c15cfe4fef2c1ed9741a5e246ef06b8""}",official_full_snapshot_audit_pass,included,synchronized_ppg_ecg_accel_manual_peaks_and_phase_markers,,interval_heartbeat_motion_benchmark_candidate,none_not_an_independent_external_test,true,400,43ab3273346469e9f689ce32da9c5ad280d0a53a8bc8864adf5716f40f9f024e
external_records_v2,simultaneous_measurements_1_0_0_local,x010,x010,"[""generated_data/x010.hea"",""generated_data/x010.dat"",""generated_data/x010.atr"",""generated_data/x010.aux""]",generated_data/x010.hea,multi_stage_rest_walk_2back_uphill_walk,interval_labeled_static_and_motion,manually_revised_aux_phase_markers,256,generated_256;SOT_native_512;FAROS_1000;NEXUS_8000;POLAR_1000;HEXOSKIN_256,SOT/Pleth,right_hand_fingertip_schematic_exact_digit_unknown,unknown,SOT/EKG_filtered,manually_revised_consensus_r_peaks,FAROS_accelerometer_xyz_no_gyroscope,mg_source_declared,"{""generated_data/x010.atr"":""24037c245abb948d32f526c8cf537c70a5efcf88fcc0d51d4338505514ab0d70"",""generated_data/x010.aux"":""f323e084dd79fadd4419161158281ecead0a3d818b2c0259ff19c1fbe42ea219"",""generated_data/x010.dat"":""f7bd2e1446f2a32514edd6744342412490662110ef97780d51b7b49a220b4ace"",""generated_data/x010.hea"":""eb2d308abc936f396d540e3780b4d97826b1cedd3ae529794ab4758bc9b89491""}",official_full_snapshot_audit_pass,included,synchronized_ppg_ecg_accel_manual_peaks_and_phase_markers,,interval_heartbeat_motion_benchmark_candidate,none_not_an_independent_external_test,true,400,43ab3273346469e9f689ce32da9c5ad280d0a53a8bc8864adf5716f40f9f024e
external_records_v2,simultaneous_measurements_1_0_0_local,x011,x011,"[""generated_data/x011.hea"",""generated_data/x011.dat"",""generated_data/x011.atr"",""generated_data/x011.aux""]",generated_data/x011.hea,multi_stage_rest_walk_2back_uphill_walk,interval_labeled_static_and_motion,manually_revised_aux_phase_markers,256,generated_256;SOT_native_512;FAROS_1000;NEXUS_8000;POLAR_1000;HEXOSKIN_256,SOT/Pleth,right_hand_fingertip_schematic_exact_digit_unknown,unknown,SOT/EKG_filtered,manually_revised_consensus_r_peaks,FAROS_accelerometer_xyz_no_gyroscope,mg_source_declared,"{""generated_data/x011.atr"":""6717425829224ae4893c88fe90bd1a33f6f2e25b299d973a31440a36a99d3749"",""generated_data/x011.aux"":""a1a622506f72bfc7a551466ec0a534f0f456473596e45842451ce9695fb47caf"",""generated_data/x011.dat"":""74beb40eac712dd9e66148b56e708a1f5545090ff7b3ceb2c3803527d8bf0ffe"",""generated_data/x011.hea"":""63c748e5022accb4ec65e31938e99f8b0a7653bb201e954781ffb1f43db7a428""}",official_full_snapshot_audit_pass,included,synchronized_ppg_ecg_accel_manual_peaks_and_phase_markers,,interval_heartbeat_motion_benchmark_candidate,none_not_an_independent_external_test,true,400,43ab3273346469e9f689ce32da9c5ad280d0a53a8bc8864adf5716f40f9f024e
external_records_v2,simultaneous_measurements_1_0_0_local,x012,x012,"[""generated_data/x012.hea"",""generated_data/x012.dat"",""generated_data/x012.atr"",""generated_data/x012.aux""]",generated_data/x012.hea,multi_stage_rest_walk_2back_uphill_walk,interval_labeled_static_and_motion,manually_revised_aux_phase_markers,256,generated_256;SOT_native_512;FAROS_1000;NEXUS_8000;POLAR_1000;HEXOSKIN_256,SOT/Pleth,right_hand_fingertip_schematic_exact_digit_unknown,unknown,SOT/EKG_filtered,manually_revised_consensus_r_peaks,FAROS_accelerometer_xyz_no_gyroscope,mg_source_declared,"{""generated_data/x012.atr"":""1df615da1db6eef8c40d26d4b607114106aa048cee1bcd6d2829460d95c11e09"",""generated_data/x012.aux"":""eacc9a594e7e18d4e35e0673ed1425ff478a40fb57801decc4323a3ecdcf5751"",""generated_data/x012.dat"":""2bf21b810bf3384218f121e08bd47ecb87322487b82f3999449976f63a9cc6f0"",""generated_data/x012.hea"":""bbbbc6841089eb1dc011973f52e4f4fd8482ec153fb22129be0c1c76e897c321""}",official_full_snapshot_audit_pass,included,synchronized_ppg_ecg_accel_manual_peaks_and_phase_markers,,interval_heartbeat_motion_benchmark_candidate,none_not_an_independent_external_test,true,400,43ab3273346469e9f689ce32da9c5ad280d0a53a8bc8864adf5716f40f9f024e
external_records_v2,simultaneous_measurements_1_0_0_local,x013,x013,"[""generated_data/x013.hea"",""generated_data/x013.dat"",""generated_data/x013.atr"",""generated_data/x013.aux""]",generated_data/x013.hea,multi_stage_rest_walk_2back_uphill_walk,interval_labeled_static_and_motion,manually_revised_aux_phase_markers,256,generated_256;SOT_native_512;FAROS_1000;NEXUS_8000;POLAR_1000;HEXOSKIN_256,SOT/Pleth,right_hand_fingertip_schematic_exact_digit_unknown,unknown,SOT/EKG_filtered,manually_revised_consensus_r_peaks,FAROS_accelerometer_xyz_no_gyroscope,mg_source_declared,"{""generated_data/x013.atr"":""43862d6bd480e6d47f7e6d983ee514d1d08ecd638e34cf36f98c983f06bab490"",""generated_data/x013.aux"":""b64379604239bac3c31160680f1681fe2d666b037ceea48744833e1ce0455f22"",""generated_data/x013.dat"":""a55c96c68dfc12293d4b6c6b4c53e0987bb8a1304ee9b19f298f8a43dc53b446"",""generated_data/x013.hea"":""ae0d50a8b5371feeedc54c41dacbccb640cf700993354df721bf570340be3ad0""}",official_full_snapshot_audit_pass,included,synchronized_ppg_ecg_accel_manual_peaks_and_phase_markers,,interval_heartbeat_motion_benchmark_candidate,none_not_an_independent_external_test,true,400,43ab3273346469e9f689ce32da9c5ad280d0a53a8bc8864adf5716f40f9f024e
