source_study,parameter_group,parameter,subset_contract,parameter_value,model,plot_category,config_id,repeat,split_seed,subject_balanced_accuracy,subject_macro_f1,subject_macro_roc_auc_ovr,macro_roc_auc_ovr_applicability,observation_unit,independence_warning
20260625_2320_overfitting_sweep_stage1_rank2,optimization_and_regularization,cnn_label_smoothing,stage1_regularization_factor=label_smoothing,0.05,inception_time,0.05,s1_010,1,42,0.6620370370370371,0.6565656565656566,,N/A_continuous_participant_oof_probabilities_not_archived,archived_config_repeat_summary,rows share participants and many configurations; boxplots are descriptive
20260625_2320_overfitting_sweep_stage1_rank2,optimization_and_regularization,cnn_label_smoothing,stage1_regularization_factor=label_smoothing,0.05,inception_time,0.05,s1_010,2,10042,0.5185185185185185,0.5259147869674184,,N/A_continuous_participant_oof_probabilities_not_archived,archived_config_repeat_summary,rows share participants and many configurations; boxplots are descriptive
20260625_2320_overfitting_sweep_stage1_rank2,optimization_and_regularization,cnn_label_smoothing,stage1_regularization_factor=label_smoothing,0.05,inception_time,0.05,s1_010,3,20042,0.4583333333333333,0.4424603174603174,,N/A_continuous_participant_oof_probabilities_not_archived,archived_config_repeat_summary,rows share participants and many configurations; boxplots are descriptive
20260625_2320_overfitting_sweep_stage1_rank2,optimization_and_regularization,cnn_label_smoothing,stage1_regularization_factor=label_smoothing,0.05,inception_time,0.05,s1_010,4,30042,0.5370370370370371,0.5121212121212121,,N/A_continuous_participant_oof_probabilities_not_archived,archived_config_repeat_summary,rows share participants and many configurations; boxplots are descriptive
20260625_2320_overfitting_sweep_stage1_rank2,optimization_and_regularization,cnn_label_smoothing,stage1_regularization_factor=label_smoothing,0.05,inception_time,0.05,s1_010,5,40042,0.5648148148148148,0.5486291486291486,,N/A_continuous_participant_oof_probabilities_not_archived,archived_config_repeat_summary,rows share participants and many configurations; boxplots are descriptive
20260625_2320_overfitting_sweep_stage1_rank2,optimization_and_regularization,cnn_label_smoothing,stage1_regularization_factor=label_smoothing,0.1,inception_time,0.1,s1_011,1,42,0.4675925925925925,0.4761904761904762,,N/A_continuous_participant_oof_probabilities_not_archived,archived_config_repeat_summary,rows share participants and many configurations; boxplots are descriptive
20260625_2320_overfitting_sweep_stage1_rank2,optimization_and_regularization,cnn_label_smoothing,stage1_regularization_factor=label_smoothing,0.1,inception_time,0.1,s1_011,2,10042,0.4861111111111111,0.4753246753246753,,N/A_continuous_participant_oof_probabilities_not_archived,archived_config_repeat_summary,rows share participants and many configurations; boxplots are descriptive
20260625_2320_overfitting_sweep_stage1_rank2,optimization_and_regularization,cnn_label_smoothing,stage1_regularization_factor=label_smoothing,0.1,inception_time,0.1,s1_011,3,20042,0.5138888888888888,0.5094393592677345,,N/A_continuous_participant_oof_probabilities_not_archived,archived_config_repeat_summary,rows share participants and many configurations; boxplots are descriptive
20260625_2320_overfitting_sweep_stage1_rank2,optimization_and_regularization,cnn_label_smoothing,stage1_regularization_factor=label_smoothing,0.1,inception_time,0.1,s1_011,4,30042,0.5555555555555555,0.55007215007215,,N/A_continuous_participant_oof_probabilities_not_archived,archived_config_repeat_summary,rows share participants and many configurations; boxplots are descriptive
20260625_2320_overfitting_sweep_stage1_rank2,optimization_and_regularization,cnn_label_smoothing,stage1_regularization_factor=label_smoothing,0.1,inception_time,0.1,s1_011,5,40042,0.5416666666666666,0.5198879551820729,,N/A_continuous_participant_oof_probabilities_not_archived,archived_config_repeat_summary,rows share participants and many configurations; boxplots are descriptive
20260625_2320_overfitting_sweep_stage1_rank2,optimization_and_regularization,cnn_label_smoothing,stage1_regularization_factor=label_smoothing,0.15,inception_time,0.15,s1_012,1,42,0.5555555555555556,0.5481146304675716,,N/A_continuous_participant_oof_probabilities_not_archived,archived_config_repeat_summary,rows share participants and many configurations; boxplots are descriptive
20260625_2320_overfitting_sweep_stage1_rank2,optimization_and_regularization,cnn_label_smoothing,stage1_regularization_factor=label_smoothing,0.15,inception_time,0.15,s1_012,2,10042,0.5138888888888888,0.5095238095238096,,N/A_continuous_participant_oof_probabilities_not_archived,archived_config_repeat_summary,rows share participants and many configurations; boxplots are descriptive
20260625_2320_overfitting_sweep_stage1_rank2,optimization_and_regularization,cnn_label_smoothing,stage1_regularization_factor=label_smoothing,0.15,inception_time,0.15,s1_012,3,20042,0.4675925925925925,0.4350314288394784,,N/A_continuous_participant_oof_probabilities_not_archived,archived_config_repeat_summary,rows share participants and many configurations; boxplots are descriptive
20260625_2320_overfitting_sweep_stage1_rank2,optimization_and_regularization,cnn_label_smoothing,stage1_regularization_factor=label_smoothing,0.15,inception_time,0.15,s1_012,4,30042,0.5833333333333334,0.584920634920635,,N/A_continuous_participant_oof_probabilities_not_archived,archived_config_repeat_summary,rows share participants and many configurations; boxplots are descriptive
20260625_2320_overfitting_sweep_stage1_rank2,optimization_and_regularization,cnn_label_smoothing,stage1_regularization_factor=label_smoothing,0.15,inception_time,0.15,s1_012,5,40042,0.5787037037037037,0.5485505206867436,,N/A_continuous_participant_oof_probabilities_not_archived,archived_config_repeat_summary,rows share participants and many configurations; boxplots are descriptive
20260625_2320_overfitting_sweep_stage1_rank2,optimization_and_regularization,cnn_label_smoothing,stage1_regularization_factor=label_smoothing,0.3,inception_time,0.3,s1_013,1,42,0.6018518518518519,0.6083333333333333,,N/A_continuous_participant_oof_probabilities_not_archived,archived_config_repeat_summary,rows share participants and many configurations; boxplots are descriptive
20260625_2320_overfitting_sweep_stage1_rank2,optimization_and_regularization,cnn_label_smoothing,stage1_regularization_factor=label_smoothing,0.3,inception_time,0.3,s1_013,2,10042,0.4305555555555555,0.4081232492997199,,N/A_continuous_participant_oof_probabilities_not_archived,archived_config_repeat_summary,rows share participants and many configurations; boxplots are descriptive
20260625_2320_overfitting_sweep_stage1_rank2,optimization_and_regularization,cnn_label_smoothing,stage1_regularization_factor=label_smoothing,0.3,inception_time,0.3,s1_013,3,20042,0.6064814814814815,0.5828460038986355,,N/A_continuous_participant_oof_probabilities_not_archived,archived_config_repeat_summary,rows share participants and many configurations; boxplots are descriptive
20260625_2320_overfitting_sweep_stage1_rank2,optimization_and_regularization,cnn_label_smoothing,stage1_regularization_factor=label_smoothing,0.3,inception_time,0.3,s1_013,4,30042,0.5694444444444444,0.5575396825396824,,N/A_continuous_participant_oof_probabilities_not_archived,archived_config_repeat_summary,rows share participants and many configurations; boxplots are descriptive
20260625_2320_overfitting_sweep_stage1_rank2,optimization_and_regularization,cnn_label_smoothing,stage1_regularization_factor=label_smoothing,0.3,inception_time,0.3,s1_013,5,40042,0.5416666666666666,0.5182474903837133,,N/A_continuous_participant_oof_probabilities_not_archived,archived_config_repeat_summary,rows share participants and many configurations; boxplots are descriptive
20260625_2320_overfitting_sweep_stage1_rank2,optimization_and_regularization,cnn_label_smoothing,stage1_regularization_factor=label_smoothing,0.05,inception_time,0.05,s1_052,1,42,0.5740740740740741,0.5544416597048175,,N/A_continuous_participant_oof_probabilities_not_archived,archived_config_repeat_summary,rows share participants and many configurations; boxplots are descriptive
20260625_2320_overfitting_sweep_stage1_rank2,optimization_and_regularization,cnn_label_smoothing,stage1_regularization_factor=label_smoothing,0.05,inception_time,0.05,s1_052,2,10042,0.5787037037037037,0.5458089668615984,,N/A_continuous_participant_oof_probabilities_not_archived,archived_config_repeat_summary,rows share participants and many configurations; boxplots are descriptive
20260625_2320_overfitting_sweep_stage1_rank2,optimization_and_regularization,cnn_label_smoothing,stage1_regularization_factor=label_smoothing,0.05,inception_time,0.05,s1_052,3,20042,0.5046296296296297,0.5075295075295075,,N/A_continuous_participant_oof_probabilities_not_archived,archived_config_repeat_summary,rows share participants and many configurations; boxplots are descriptive
20260625_2320_overfitting_sweep_stage1_rank2,optimization_and_regularization,cnn_label_smoothing,stage1_regularization_factor=label_smoothing,0.05,inception_time,0.05,s1_052,4,30042,0.5787037037037037,0.5477582846003898,,N/A_continuous_participant_oof_probabilities_not_archived,archived_config_repeat_summary,rows share participants and many configurations; boxplots are descriptive
20260625_2320_overfitting_sweep_stage1_rank2,optimization_and_regularization,cnn_label_smoothing,stage1_regularization_factor=label_smoothing,0.05,inception_time,0.05,s1_052,5,40042,0.5833333333333334,0.5917948717948719,,N/A_continuous_participant_oof_probabilities_not_archived,archived_config_repeat_summary,rows share participants and many configurations; boxplots are descriptive
20260625_2320_overfitting_sweep_stage1_rank2,optimization_and_regularization,cnn_label_smoothing,stage1_regularization_factor=label_smoothing,0.1,inception_time,0.1,s1_053,1,42,0.5694444444444444,0.5581198986771742,,N/A_continuous_participant_oof_probabilities_not_archived,archived_config_repeat_summary,rows share participants and many configurations; boxplots are descriptive
20260625_2320_overfitting_sweep_stage1_rank2,optimization_and_regularization,cnn_label_smoothing,stage1_regularization_factor=label_smoothing,0.1,inception_time,0.1,s1_053,2,10042,0.5370370370370371,0.5093348344122338,,N/A_continuous_participant_oof_probabilities_not_archived,archived_config_repeat_summary,rows share participants and many configurations; boxplots are descriptive
20260625_2320_overfitting_sweep_stage1_rank2,optimization_and_regularization,cnn_label_smoothing,stage1_regularization_factor=label_smoothing,0.1,inception_time,0.1,s1_053,3,20042,0.5416666666666666,0.5373015873015873,,N/A_continuous_participant_oof_probabilities_not_archived,archived_config_repeat_summary,rows share participants and many configurations; boxplots are descriptive
20260625_2320_overfitting_sweep_stage1_rank2,optimization_and_regularization,cnn_label_smoothing,stage1_regularization_factor=label_smoothing,0.1,inception_time,0.1,s1_053,4,30042,0.5370370370370371,0.5099160945842868,,N/A_continuous_participant_oof_probabilities_not_archived,archived_config_repeat_summary,rows share participants and many configurations; boxplots are descriptive
20260625_2320_overfitting_sweep_stage1_rank2,optimization_and_regularization,cnn_label_smoothing,stage1_regularization_factor=label_smoothing,0.1,inception_time,0.1,s1_053,5,40042,0.5972222222222222,0.5884229289802044,,N/A_continuous_participant_oof_probabilities_not_archived,archived_config_repeat_summary,rows share participants and many configurations; boxplots are descriptive
20260625_2320_overfitting_sweep_stage1_rank2,optimization_and_regularization,cnn_label_smoothing,stage1_regularization_factor=label_smoothing,0.15,inception_time,0.15,s1_054,1,42,0.6620370370370371,0.6658730158730158,,N/A_continuous_participant_oof_probabilities_not_archived,archived_config_repeat_summary,rows share participants and many configurations; boxplots are descriptive
20260625_2320_overfitting_sweep_stage1_rank2,optimization_and_regularization,cnn_label_smoothing,stage1_regularization_factor=label_smoothing,0.15,inception_time,0.15,s1_054,2,10042,0.5277777777777778,0.5155929038281979,,N/A_continuous_participant_oof_probabilities_not_archived,archived_config_repeat_summary,rows share participants and many configurations; boxplots are descriptive
20260625_2320_overfitting_sweep_stage1_rank2,optimization_and_regularization,cnn_label_smoothing,stage1_regularization_factor=label_smoothing,0.15,inception_time,0.15,s1_054,3,20042,0.5833333333333334,0.584920634920635,,N/A_continuous_participant_oof_probabilities_not_archived,archived_config_repeat_summary,rows share participants and many configurations; boxplots are descriptive
20260625_2320_overfitting_sweep_stage1_rank2,optimization_and_regularization,cnn_label_smoothing,stage1_regularization_factor=label_smoothing,0.15,inception_time,0.15,s1_054,4,30042,0.5092592592592592,0.4708724069337879,,N/A_continuous_participant_oof_probabilities_not_archived,archived_config_repeat_summary,rows share participants and many configurations; boxplots are descriptive
20260625_2320_overfitting_sweep_stage1_rank2,optimization_and_regularization,cnn_label_smoothing,stage1_regularization_factor=label_smoothing,0.15,inception_time,0.15,s1_054,5,40042,0.5925925925925926,0.5793650793650794,,N/A_continuous_participant_oof_probabilities_not_archived,archived_config_repeat_summary,rows share participants and many configurations; boxplots are descriptive
20260625_2320_overfitting_sweep_stage1_rank2,optimization_and_regularization,cnn_label_smoothing,stage1_regularization_factor=label_smoothing,0.3,inception_time,0.3,s1_055,1,42,0.625,0.6302941176470589,,N/A_continuous_participant_oof_probabilities_not_archived,archived_config_repeat_summary,rows share participants and many configurations; boxplots are descriptive
20260625_2320_overfitting_sweep_stage1_rank2,optimization_and_regularization,cnn_label_smoothing,stage1_regularization_factor=label_smoothing,0.3,inception_time,0.3,s1_055,2,10042,0.5972222222222222,0.5884229289802044,,N/A_continuous_participant_oof_probabilities_not_archived,archived_config_repeat_summary,rows share participants and many configurations; boxplots are descriptive
20260625_2320_overfitting_sweep_stage1_rank2,optimization_and_regularization,cnn_label_smoothing,stage1_regularization_factor=label_smoothing,0.3,inception_time,0.3,s1_055,3,20042,0.5,0.4874847374847375,,N/A_continuous_participant_oof_probabilities_not_archived,archived_config_repeat_summary,rows share participants and many configurations; boxplots are descriptive
20260625_2320_overfitting_sweep_stage1_rank2,optimization_and_regularization,cnn_label_smoothing,stage1_regularization_factor=label_smoothing,0.3,inception_time,0.3,s1_055,4,30042,0.5509259259259259,0.5100880932082977,,N/A_continuous_participant_oof_probabilities_not_archived,archived_config_repeat_summary,rows share participants and many configurations; boxplots are descriptive
20260625_2320_overfitting_sweep_stage1_rank2,optimization_and_regularization,cnn_label_smoothing,stage1_regularization_factor=label_smoothing,0.3,inception_time,0.3,s1_055,5,40042,0.625,0.6179337231968811,,N/A_continuous_participant_oof_probabilities_not_archived,archived_config_repeat_summary,rows share participants and many configurations; boxplots are descriptive
20260625_2320_overfitting_sweep_stage1_rank2,optimization_and_regularization,cnn_label_smoothing,stage1_regularization_factor=label_smoothing,0.05,inception_time,0.05,s1_094,1,42,0.5601851851851852,0.5588235294117648,,N/A_continuous_participant_oof_probabilities_not_archived,archived_config_repeat_summary,rows share participants and many configurations; boxplots are descriptive
20260625_2320_overfitting_sweep_stage1_rank2,optimization_and_regularization,cnn_label_smoothing,stage1_regularization_factor=label_smoothing,0.05,inception_time,0.05,s1_094,2,10042,0.5231481481481481,0.5100069013112492,,N/A_continuous_participant_oof_probabilities_not_archived,archived_config_repeat_summary,rows share participants and many configurations; boxplots are descriptive
20260625_2320_overfitting_sweep_stage1_rank2,optimization_and_regularization,cnn_label_smoothing,stage1_regularization_factor=label_smoothing,0.05,inception_time,0.05,s1_094,3,20042,0.4722222222222221,0.4615873015873015,,N/A_continuous_participant_oof_probabilities_not_archived,archived_config_repeat_summary,rows share participants and many configurations; boxplots are descriptive
20260625_2320_overfitting_sweep_stage1_rank2,optimization_and_regularization,cnn_label_smoothing,stage1_regularization_factor=label_smoothing,0.05,inception_time,0.05,s1_094,4,30042,0.5787037037037037,0.5477582846003898,,N/A_continuous_participant_oof_probabilities_not_archived,archived_config_repeat_summary,rows share participants and many configurations; boxplots are descriptive
20260625_2320_overfitting_sweep_stage1_rank2,optimization_and_regularization,cnn_label_smoothing,stage1_regularization_factor=label_smoothing,0.05,inception_time,0.05,s1_094,5,40042,0.5046296296296297,0.5128205128205128,,N/A_continuous_participant_oof_probabilities_not_archived,archived_config_repeat_summary,rows share participants and many configurations; boxplots are descriptive
20260625_2320_overfitting_sweep_stage1_rank2,optimization_and_regularization,cnn_label_smoothing,stage1_regularization_factor=label_smoothing,0.1,inception_time,0.1,s1_095,1,42,0.5833333333333334,0.5886274509803923,,N/A_continuous_participant_oof_probabilities_not_archived,archived_config_repeat_summary,rows share participants and many configurations; boxplots are descriptive
20260625_2320_overfitting_sweep_stage1_rank2,optimization_and_regularization,cnn_label_smoothing,stage1_regularization_factor=label_smoothing,0.1,inception_time,0.1,s1_095,2,10042,0.4861111111111111,0.4817460317460317,,N/A_continuous_participant_oof_probabilities_not_archived,archived_config_repeat_summary,rows share participants and many configurations; boxplots are descriptive
20260625_2320_overfitting_sweep_stage1_rank2,optimization_and_regularization,cnn_label_smoothing,stage1_regularization_factor=label_smoothing,0.1,inception_time,0.1,s1_095,3,20042,0.4814814814814814,0.4859259259259259,,N/A_continuous_participant_oof_probabilities_not_archived,archived_config_repeat_summary,rows share participants and many configurations; boxplots are descriptive
20260625_2320_overfitting_sweep_stage1_rank2,optimization_and_regularization,cnn_label_smoothing,stage1_regularization_factor=label_smoothing,0.1,inception_time,0.1,s1_095,4,30042,0.5787037037037037,0.5471251302453348,,N/A_continuous_participant_oof_probabilities_not_archived,archived_config_repeat_summary,rows share participants and many configurations; boxplots are descriptive
20260625_2320_overfitting_sweep_stage1_rank2,optimization_and_regularization,cnn_label_smoothing,stage1_regularization_factor=label_smoothing,0.1,inception_time,0.1,s1_095,5,40042,0.5185185185185185,0.52311939268461,,N/A_continuous_participant_oof_probabilities_not_archived,archived_config_repeat_summary,rows share participants and many configurations; boxplots are descriptive
20260625_2320_overfitting_sweep_stage1_rank2,optimization_and_regularization,cnn_label_smoothing,stage1_regularization_factor=label_smoothing,0.15,inception_time,0.15,s1_096,1,42,0.5972222222222222,0.5922136970730322,,N/A_continuous_participant_oof_probabilities_not_archived,archived_config_repeat_summary,rows share participants and many configurations; boxplots are descriptive
20260625_2320_overfitting_sweep_stage1_rank2,optimization_and_regularization,cnn_label_smoothing,stage1_regularization_factor=label_smoothing,0.15,inception_time,0.15,s1_096,2,10042,0.5046296296296297,0.5075295075295075,,N/A_continuous_participant_oof_probabilities_not_archived,archived_config_repeat_summary,rows share participants and many configurations; boxplots are descriptive
20260625_2320_overfitting_sweep_stage1_rank2,optimization_and_regularization,cnn_label_smoothing,stage1_regularization_factor=label_smoothing,0.15,inception_time,0.15,s1_096,3,20042,0.5046296296296297,0.5049624060150376,,N/A_continuous_participant_oof_probabilities_not_archived,archived_config_repeat_summary,rows share participants and many configurations; boxplots are descriptive
20260625_2320_overfitting_sweep_stage1_rank2,optimization_and_regularization,cnn_label_smoothing,stage1_regularization_factor=label_smoothing,0.15,inception_time,0.15,s1_096,4,30042,0.611111111111111,0.5859649122807017,,N/A_continuous_participant_oof_probabilities_not_archived,archived_config_repeat_summary,rows share participants and many configurations; boxplots are descriptive
20260625_2320_overfitting_sweep_stage1_rank2,optimization_and_regularization,cnn_label_smoothing,stage1_regularization_factor=label_smoothing,0.15,inception_time,0.15,s1_096,5,40042,0.5925925925925926,0.5898449376710246,,N/A_continuous_participant_oof_probabilities_not_archived,archived_config_repeat_summary,rows share participants and many configurations; boxplots are descriptive
20260625_2320_overfitting_sweep_stage1_rank2,optimization_and_regularization,cnn_label_smoothing,stage1_regularization_factor=label_smoothing,0.3,inception_time,0.3,s1_097,1,42,0.611111111111111,0.6182001005530418,,N/A_continuous_participant_oof_probabilities_not_archived,archived_config_repeat_summary,rows share participants and many configurations; boxplots are descriptive
20260625_2320_overfitting_sweep_stage1_rank2,optimization_and_regularization,cnn_label_smoothing,stage1_regularization_factor=label_smoothing,0.3,inception_time,0.3,s1_097,2,10042,0.4907407407407407,0.4870327993897788,,N/A_continuous_participant_oof_probabilities_not_archived,archived_config_repeat_summary,rows share participants and many configurations; boxplots are descriptive
20260625_2320_overfitting_sweep_stage1_rank2,optimization_and_regularization,cnn_label_smoothing,stage1_regularization_factor=label_smoothing,0.3,inception_time,0.3,s1_097,3,20042,0.4398148148148148,0.4056957535218404,,N/A_continuous_participant_oof_probabilities_not_archived,archived_config_repeat_summary,rows share participants and many configurations; boxplots are descriptive
20260625_2320_overfitting_sweep_stage1_rank2,optimization_and_regularization,cnn_label_smoothing,stage1_regularization_factor=label_smoothing,0.3,inception_time,0.3,s1_097,4,30042,0.5555555555555555,0.5121136173767752,,N/A_continuous_participant_oof_probabilities_not_archived,archived_config_repeat_summary,rows share participants and many configurations; boxplots are descriptive
20260625_2320_overfitting_sweep_stage1_rank2,optimization_and_regularization,cnn_label_smoothing,stage1_regularization_factor=label_smoothing,0.3,inception_time,0.3,s1_097,5,40042,0.5648148148148148,0.5583028083028083,,N/A_continuous_participant_oof_probabilities_not_archived,archived_config_repeat_summary,rows share participants and many configurations; boxplots are descriptive
