cnn_weight_decay,cnn_dropout,cnn_label_smoothing,max_windows_fraction,cnn_epochs,n_configs,best_overfit_config_id,best_overfit_config_name,best_subject_balanced_accuracy_mean,best_subject_macro_f1_mean,best_subject_balanced_accuracy_ci95_low,best_worst_class_f1_mean,subject_balanced_accuracy_mean_mean_across_configs,subject_balanced_accuracy_mean_max_across_configs,subject_balanced_accuracy_mean_min_across_configs,subject_macro_f1_mean_mean_across_configs,subject_macro_f1_mean_max_across_configs,subject_macro_f1_mean_min_across_configs,worst_class_f1_mean_mean_across_configs,worst_class_f1_mean_max_across_configs,worst_class_f1_mean_min_across_configs,subject_balanced_accuracy_std_mean_across_configs,subject_balanced_accuracy_std_max_across_configs,subject_balanced_accuracy_std_min_across_configs,train_val_balanced_accuracy_gap_mean_mean_across_configs,train_val_balanced_accuracy_gap_mean_max_across_configs,train_val_balanced_accuracy_gap_mean_min_across_configs,val_train_loss_gap_mean_mean_across_configs,val_train_loss_gap_mean_max_across_configs,val_train_loss_gap_mean_min_across_configs
0.0005,0.0,0.1,0.9,10,1,s1_085,main_effect_dropout-0p0_lr0.001_wd0.0005_do0_ls0.1_mw90_ep10,0.6231481481481482,0.6257815229594743,0.5363053788212657,0.5398398702746529,0.6231481481481482,0.6231481481481482,0.6231481481481482,0.6257815229594743,0.6257815229594743,0.6257815229594743,0.5398398702746529,0.5398398702746529,0.5398398702746529,0.06995184998892041,0.06995184998892041,0.06995184998892041,0.43986814082057,0.43986814082057,0.43986814082057,0.9142466937417666,0.9142466937417666,0.9142466937417666
0.0005,0.7,0.1,0.9,10,1,s1_091,main_effect_dropout-0p7_lr0.001_wd0.0005_do0.7_ls0.1_mw90_ep10,0.6212962962962962,0.6219408948240555,0.5578909326653366,0.5499089026915114,0.6212962962962962,0.6212962962962962,0.6212962962962962,0.6219408948240555,0.6219408948240555,0.6219408948240555,0.5499089026915114,0.5499089026915114,0.5499089026915114,0.05107301989082079,0.05107301989082079,0.05107301989082079,0.4240920904928821,0.4240920904928821,0.4240920904928821,0.8684406836798433,0.8684406836798433,0.8684406836798433
0.005,0.5,0.2,0.9,10,2,s1_105,strong_combo_combined_regularization-wd0p005_do0p5_ls0p2_mw0p9_lr0.001_wd0.005_do0.5_ls0.2_mw90_ep10,0.6157407407407407,0.6253964850154109,0.568871110092613,0.581764705882353,0.5703703703703704,0.6157407407407407,0.525,0.5797980330304826,0.6253964850154109,0.5341995810455542,0.5330515461223637,0.581764705882353,0.4843383863623744,0.04056694128529635,0.04338039546341657,0.037753487107176124,0.4475294620002349,0.4596614169603758,0.43539750704009406,0.6352727835917554,0.6462367855137833,0.6243087816697276
0.0005,0.5,0.1,0.9,15,1,s1_163,main_effect_dropout-0p5_lr0.001_wd0.0005_do0.5_ls0.1_mw90_ep15,0.612037037037037,0.6168286224227805,0.574042476383809,0.5667710944026734,0.612037037037037,0.612037037037037,0.612037037037037,0.6168286224227805,0.6168286224227805,0.6168286224227805,0.5667710944026734,0.5667710944026734,0.5667710944026734,0.030604618298219314,0.030604618298219314,0.030604618298219314,0.43100196759887693,0.43100196759887693,0.43100196759887693,0.9278130844127336,0.9278130844127336,0.9278130844127336
0.0001,0.2,0.1,0.9,10,1,s1_079,main_effect_weight_decay-0p0001_lr0.001_wd0.0001_do0.2_ls0.1_mw90_ep10,0.6064814814814816,0.6126155457391156,0.5562111873791412,0.5687552213868002,0.6064814814814816,0.6064814814814816,0.6064814814814816,0.6126155457391156,0.6126155457391156,0.6126155457391156,0.5687552213868002,0.5687552213868002,0.5687552213868002,0.04049272149198126,0.04049272149198126,0.04049272149198126,0.44269253102963296,0.44269253102963296,0.44269253102963296,0.894848810812179,0.894848810812179,0.894848810812179
0.0005,0.2,0.1,0.9,10,1,s1_075,main_effect_baseline-base_lr0.001_wd0.0005_do0.2_ls0.1_mw90_ep10,0.6046296296296296,0.6124108514157423,0.5382712483960195,0.5481996779388083,0.6046296296296296,0.6046296296296296,0.6046296296296296,0.6124108514157423,0.6124108514157423,0.6124108514157423,0.5481996779388083,0.5481996779388083,0.5481996779388083,0.053451675545820816,0.053451675545820816,0.053451675545820816,0.43672859151144916,0.43672859151144916,0.43672859151144916,0.8562005412000027,0.8562005412000027,0.8562005412000027
1e-05,0.2,0.1,0.9,10,1,s1_077,main_effect_weight_decay-1em05_lr0.001_wd1e-05_do0.2_ls0.1_mw90_ep10,0.6037037037037039,0.6117921668592463,0.5279322543462914,0.554928774928775,0.6037037037037039,0.6037037037037039,0.6037037037037039,0.6117921668592463,0.6117921668592463,0.6117921668592463,0.554928774928775,0.554928774928775,0.554928774928775,0.06103390184324816,0.06103390184324816,0.06103390184324816,0.4399743233848616,0.4399743233848616,0.4399743233848616,0.8678797102162873,0.8678797102162873,0.8678797102162873
0.0005,0.7,0.1,0.9,15,1,s1_165,main_effect_dropout-0p7_lr0.001_wd0.0005_do0.7_ls0.1_mw90_ep15,0.6037037037037036,0.6002175914784161,0.5548328577065514,0.5380515297906603,0.6037037037037036,0.6037037037037036,0.6037037037037036,0.6002175914784161,0.6002175914784161,0.6002175914784161,0.5380515297906603,0.5380515297906603,0.5380515297906603,0.03936546605459504,0.03936546605459504,0.03936546605459504,0.43100610284769114,0.43100610284769114,0.43100610284769114,0.8994698682207414,0.8994698682207414,0.8994698682207414
0.01,0.6,0.3,0.7,15,1,s1_183,strong_combo_combined_regularization-wd0p01_do0p6_ls0p3_mw0p7_lr0.001_wd0.01_do0.6_ls0.3_mw70_ep15,0.6027777777777776,0.5991478174454797,0.5459673590478574,0.5109609061015711,0.6027777777777776,0.6027777777777776,0.6027777777777776,0.5991478174454797,0.5991478174454797,0.5991478174454797,0.5109609061015711,0.5109609061015711,0.5109609061015711,0.04576079182648731,0.04576079182648731,0.04576079182648731,0.43558449984117853,0.43558449984117853,0.43558449984117853,0.4454950910072779,0.4454950910072779,0.4454950910072779
0.01,0.6,0.3,0.9,15,2,s1_181,strong_combo_combined_regularization-wd0p01_do0p6_ls0p3_mw0p9_lr0.001_wd0.01_do0.6_ls0.3_mw90_ep15,0.6027777777777776,0.5927468792107371,0.5260531909608894,0.4813773564345646,0.600462962962963,0.6027777777777776,0.5981481481481482,0.5900756304695821,0.5927468792107371,0.5874043817284271,0.4862931711901963,0.49120898594582807,0.4813773564345646,0.06223216835491458,0.06266268265069866,0.061801654059130504,0.4290572933504312,0.4291436691818453,0.428970917519017,0.4546769525612272,0.45611167689396853,0.4532422282284859
0.0005,0.2,0.1,0.7,10,1,s1_099,main_effect_max_windows_fraction-0p7_lr0.001_wd0.0005_do0.2_ls0.1_mw70_ep10,0.6027777777777776,0.6099287283794844,0.4980213880934333,0.5263157894736843,0.6027777777777776,0.6027777777777776,0.6027777777777776,0.6099287283794844,0.6099287283794844,0.6099287283794844,0.5263157894736843,0.5263157894736843,0.5263157894736843,0.08438127104166128,0.08438127104166128,0.08438127104166128,0.4335952348015238,0.4335952348015238,0.4335952348015238,0.8754882691417867,0.8754882691417867,0.8754882691417867
0.0005,0.1,0.1,0.9,15,1,s1_160,main_effect_dropout-0p1_lr0.001_wd0.0005_do0.1_ls0.1_mw90_ep15,0.600925925925926,0.6070305279590513,0.5492941009553303,0.5268996019460416,0.600925925925926,0.600925925925926,0.600925925925926,0.6070305279590513,0.6070305279590513,0.6070305279590513,0.5268996019460416,0.5268996019460416,0.5268996019460416,0.04158943459532537,0.04158943459532537,0.04158943459532537,0.4461498509182065,0.4461498509182065,0.4461498509182065,0.917541516127188,0.917541516127188,0.917541516127188
0.005,0.4,0.15,0.9,15,1,s1_178,strong_combo_combined_regularization-wd0p005_do0p4_ls0p15_mw0p9_lr0.001_wd0.005_do0.4_ls0.15_mw90_ep15,0.6009259259259259,0.5990473256820006,0.5499379144782781,0.5329090909090909,0.6009259259259259,0.6009259259259259,0.6009259259259259,0.5990473256820006,0.5990473256820006,0.5990473256820006,0.5329090909090909,0.5329090909090909,0.5329090909090909,0.041070842807809003,0.041070842807809003,0.041070842807809003,0.45146559280852616,0.45146559280852616,0.45146559280852616,0.7782279449596585,0.7782279449596585,0.7782279449596585
0.01,0.6,0.3,0.9,12,2,s1_148,strong_combo_combined_regularization-wd0p01_do0p6_ls0p3_mw0p9_lr0.0005_wd0.01_do0.6_ls0.3_mw90_ep12,0.6009259259259259,0.5862661886903373,0.5015087315078909,0.48949427043544685,0.5907407407407407,0.6009259259259259,0.5805555555555555,0.5838679337169712,0.5862661886903373,0.5814696787436052,0.4972116297874811,0.5049289891395154,0.48949427043544685,0.07296439606349767,0.08008054929792464,0.0658482428290707,0.44083366437434013,0.4498992466848222,0.431768082063858,0.4717801275194127,0.47460620602425563,0.46895404901456966
0.02,0.2,0.1,0.9,15,1,s1_158,main_effect_weight_decay-0p02_lr0.001_wd0.02_do0.2_ls0.1_mw90_ep15,0.6,0.6081045928042832,0.512588509668492,0.5315445476436189,0.6,0.6,0.6,0.6081045928042832,0.6081045928042832,0.6081045928042832,0.5315445476436189,0.5315445476436189,0.5315445476436189,0.07040995475353654,0.07040995475353654,0.07040995475353654,0.430234186122057,0.430234186122057,0.430234186122057,0.9102416733740494,0.9102416733740494,0.9102416733740494
0.005,0.5,0.2,0.7,5,1,s1_034,strong_combo_combined_regularization-wd0p005_do0p5_ls0p2_mw0p7_lr0.001_wd0.005_do0.5_ls0.2_mw70_ep5,0.5962962962962963,0.6063092277320302,0.5491806291511208,0.5322310464994541,0.5962962962962963,0.5962962962962963,0.5962962962962963,0.6063092277320302,0.6063092277320302,0.6063092277320302,0.5322310464994541,0.5322310464994541,0.5322310464994541,0.03795166950355407,0.03795166950355407,0.03795166950355407,0.43519870182061,0.43519870182061,0.43519870182061,0.6013821929388978,0.6013821929388978,0.6013821929388978
0.0005,0.2,0.1,0.9,12,1,s1_112,main_effect_baseline-base_lr0.001_wd0.0005_do0.2_ls0.1_mw90_ep12,0.5962962962962963,0.5999128399960043,0.5144672324330835,0.49133986928104567,0.5962962962962963,0.5962962962962963,0.5962962962962963,0.5999128399960043,0.5999128399960043,0.5999128399960043,0.49133986928104567,0.49133986928104567,0.49133986928104567,0.06591331027857188,0.06591331027857188,0.06591331027857188,0.4398595172829126,0.4398595172829126,0.4398595172829126,0.9453199060934411,0.9453199060934411,0.9453199060934411
0.01,0.2,0.1,0.9,15,1,s1_157,main_effect_weight_decay-0p01_lr0.001_wd0.01_do0.2_ls0.1_mw90_ep15,0.5962962962962963,0.5980172215479562,0.5097583730855147,0.48681849551414763,0.5962962962962963,0.5962962962962963,0.5962962962962963,0.5980172215479562,0.5980172215479562,0.5980172215479562,0.48681849551414763,0.48681849551414763,0.48681849551414763,0.0697062964448719,0.0697062964448719,0.0697062964448719,0.4399017215559889,0.4399017215559889,0.4399017215559889,0.9446356119322203,0.9446356119322203,0.9446356119322203
0.005,0.2,0.1,0.9,12,1,s1_119,main_effect_weight_decay-0p005_lr0.001_wd0.005_do0.2_ls0.1_mw90_ep12,0.5962962962962963,0.5968184677562342,0.4832000000000001,0.5307541894498415,0.5962962962962963,0.5962962962962963,0.5962962962962963,0.5968184677562342,0.5968184677562342,0.5968184677562342,0.5307541894498415,0.5307541894498415,0.5307541894498415,0.09109906574999142,0.09109906574999142,0.09109906574999142,0.44812572049613103,0.44812572049613103,0.44812572049613103,0.9368253519813031,0.9368253519813031,0.9368253519813031
0.005,0.5,0.2,0.7,15,1,s1_182,strong_combo_combined_regularization-wd0p005_do0p5_ls0p2_mw0p7_lr0.001_wd0.005_do0.5_ls0.2_mw70_ep15,0.5953703703703703,0.5928745513322171,0.533387659607848,0.5320474308300395,0.5953703703703703,0.5953703703703703,0.5953703703703703,0.5928745513322171,0.5928745513322171,0.5928745513322171,0.5320474308300395,0.5320474308300395,0.5320474308300395,0.049927073016825564,0.049927073016825564,0.049927073016825564,0.42978307330168486,0.42978307330168486,0.42978307330168486,0.6214379988121663,0.6214379988121663,0.6214379988121663
0.0005,0.3,0.1,0.9,15,1,s1_161,main_effect_dropout-0p3_lr0.001_wd0.0005_do0.3_ls0.1_mw90_ep15,0.5944444444444443,0.5965286301586387,0.5498131621636865,0.5408516636342723,0.5944444444444443,0.5944444444444443,0.5944444444444443,0.5965286301586387,0.5965286301586387,0.5965286301586387,0.5408516636342723,0.5408516636342723,0.5408516636342723,0.03595049751540216,0.03595049751540216,0.03595049751540216,0.44252867500644577,0.44252867500644577,0.44252867500644577,0.9090409448095033,0.9090409448095033,0.9090409448095033
0.002,0.4,0.15,0.9,15,1,s1_177,strong_combo_combined_regularization-wd0p002_do0p4_ls0p15_mw0p9_lr0.001_wd0.002_do0.4_ls0.15_mw90_ep15,0.5944444444444443,0.5997671010433159,0.49986319682871083,0.5176470588235293,0.5944444444444443,0.5944444444444443,0.5944444444444443,0.5997671010433159,0.5997671010433159,0.5997671010433159,0.5176470588235293,0.5176470588235293,0.5176470588235293,0.07618519418786743,0.07618519418786743,0.07618519418786743,0.42820699055682887,0.42820699055682887,0.42820699055682887,0.7386505081094518,0.7386505081094518,0.7386505081094518
0.0005,0.2,0.1,1.0,10,1,s1_098,main_effect_max_windows_fraction-1p0_lr0.001_wd0.0005_do0.2_ls0.1_mw100_ep10,0.5944444444444443,0.6009084620611969,0.49567731493742545,0.53296869625043,0.5944444444444443,0.5944444444444443,0.5944444444444443,0.6009084620611969,0.6009084620611969,0.6009084620611969,0.53296869625043,0.53296869625043,0.53296869625043,0.07955692201737016,0.07955692201737016,0.07955692201737016,0.45263894337888716,0.45263894337888716,0.45263894337888716,0.9142349756605211,0.9142349756605211,0.9142349756605211
0.0005,0.2,0.1,0.7,5,1,s1_025,main_effect_max_windows_fraction-0p7_lr0.001_wd0.0005_do0.2_ls0.1_mw70_ep5,0.5925925925925926,0.5955358744643979,0.5266837652219192,0.5275144724556489,0.5925925925925926,0.5925925925925926,0.5925925925925926,0.5955358744643979,0.5955358744643979,0.5955358744643979,0.5275144724556489,0.5275144724556489,0.5275144724556489,0.053089559912869046,0.053089559912869046,0.053089559912869046,0.4409277010806082,0.4409277010806082,0.4409277010806082,0.9202525417240922,0.9202525417240922,0.9202525417240922
0.005,0.5,0.2,0.9,15,2,s1_179,strong_combo_combined_regularization-wd0p005_do0p5_ls0p2_mw0p9_lr0.001_wd0.005_do0.5_ls0.2_mw90_ep15,0.5916666666666666,0.5876939422881002,0.5467035487219706,0.4790231507622812,0.5814814814814815,0.5916666666666666,0.5712962962962964,0.5794214205525957,0.5876939422881002,0.5711488988170912,0.48052034731096516,0.48201754385964907,0.4790231507622812,0.05848898062268465,0.0807601701053546,0.0362177911400147,0.44271680374246203,0.4502700993956606,0.43516350808926346,0.6623609913975265,0.6856982033647748,0.6390237794302781
0.0005,0.1,0.1,0.9,12,1,s1_123,main_effect_dropout-0p1_lr0.001_wd0.0005_do0.1_ls0.1_mw90_ep12,0.5907407407407408,0.5885575648184346,0.5405362024469279,0.5138656126482214,0.5907407407407408,0.5907407407407408,0.5907407407407408,0.5885575648184346,0.5885575648184346,0.5885575648184346,0.5138656126482214,0.5138656126482214,0.5138656126482214,0.04043975518874532,0.04043975518874532,0.04043975518874532,0.44818006284728773,0.44818006284728773,0.44818006284728773,0.951637051012064,0.951637051012064,0.951637051012064
0.0005,0.2,0.2,0.9,10,1,s1_096,main_effect_label_smoothing-0p2_lr0.001_wd0.0005_do0.2_ls0.2_mw90_ep10,0.5907407407407408,0.5876223283890626,0.5319022736242359,0.5079003831417624,0.5907407407407408,0.5907407407407408,0.5907407407407408,0.5876223283890626,0.5876223283890626,0.5876223283890626,0.5079003831417624,0.5079003831417624,0.5079003831417624,0.04739438478544341,0.04739438478544341,0.04739438478544341,0.4427256816040557,0.4427256816040557,0.4427256816040557,0.6556605856089519,0.6556605856089519,0.6556605856089519
0.0005,0.2,0.1,0.9,15,1,s1_149,main_effect_baseline-base_lr0.001_wd0.0005_do0.2_ls0.1_mw90_ep15,0.5907407407407408,0.5943210959101837,0.5101113727696109,0.5118954248366012,0.5907407407407408,0.5907407407407408,0.5907407407407408,0.5943210959101837,0.5943210959101837,0.5943210959101837,0.5118954248366012,0.5118954248366012,0.5118954248366012,0.0649469552472229,0.0649469552472229,0.0649469552472229,0.44050304072330204,0.44050304072330204,0.44050304072330204,0.9212234212415822,0.9212234212415822,0.9212234212415822
0.005,0.5,0.2,0.9,8,2,s1_068,strong_combo_combined_regularization-wd0p005_do0p5_ls0p2_mw0p9_lr0.001_wd0.005_do0.5_ls0.2_mw90_ep8,0.587962962962963,0.5888402617907261,0.5546967692620443,0.5332454212454213,0.5703703703703704,0.587962962962963,0.5527777777777778,0.5685455343054615,0.5888402617907261,0.548250806820197,0.4988008767230735,0.5332454212454213,0.46435633220072575,0.04574744465281865,0.06469897054917845,0.02679591875645886,0.4591728829966464,0.4649551760544555,0.4533905899388372,0.6696143087709707,0.679965356527231,0.6592632610147103
0.0005,0.2,0.2,0.9,15,1,s1_170,main_effect_label_smoothing-0p2_lr0.001_wd0.0005_do0.2_ls0.2_mw90_ep15,0.587962962962963,0.5798496319430588,0.5223052177521135,0.5058117557762472,0.587962962962963,0.587962962962963,0.587962962962963,0.5798496319430588,0.5798496319430588,0.5798496319430588,0.5058117557762472,0.5058117557762472,0.5058117557762472,0.052887313235166,0.052887313235166,0.052887313235166,0.4467118447575821,0.4467118447575821,0.4467118447575821,0.6631650563578019,0.6631650563578019,0.6631650563578019
0.0005,0.2,0.1,0.3,12,1,s1_138,main_effect_max_windows_fraction-0p3_lr0.001_wd0.0005_do0.2_ls0.1_mw30_ep12,0.587962962962963,0.5881439252182286,0.5213065635478251,0.5141570503799605,0.587962962962963,0.587962962962963,0.587962962962963,0.5881439252182286,0.5881439252182286,0.5881439252182286,0.5141570503799605,0.5141570503799605,0.5141570503799605,0.053691729188625935,0.053691729188625935,0.053691729188625935,0.43878680709728995,0.43878680709728995,0.43878680709728995,0.9151375376704852,0.9151375376704852,0.9151375376704852
0.0005,0.2,0.3,0.9,15,1,s1_171,main_effect_label_smoothing-0p3_lr0.001_wd0.0005_do0.2_ls0.3_mw90_ep15,0.587962962962963,0.5866980402775261,0.5094719151828585,0.4948801054018445,0.587962962962963,0.587962962962963,0.587962962962963,0.5866980402775261,0.5866980402775261,0.5866980402775261,0.4948801054018445,0.4948801054018445,0.4948801054018445,0.06322453835068359,0.06322453835068359,0.06322453835068359,0.44367966079341403,0.44367966079341403,0.44367966079341403,0.4840340618735734,0.4840340618735734,0.4840340618735734
0.0005,0.0,0.1,0.9,15,1,s1_159,main_effect_dropout-0p0_lr0.001_wd0.0005_do0_ls0.1_mw90_ep15,0.5870370370370371,0.5806980022465283,0.5557143556324963,0.5109966555183947,0.5870370370370371,0.5870370370370371,0.5870370370370371,0.5806980022465283,0.5806980022465283,0.5806980022465283,0.5109966555183947,0.5109966555183947,0.5109966555183947,0.025230419617479117,0.025230419617479117,0.025230419617479117,0.43282746384090454,0.43282746384090454,0.43282746384090454,0.9160907101538317,0.9160907101538317,0.9160907101538317
0.001,0.2,0.1,0.9,5,1,s1_006,main_effect_weight_decay-0p001_lr0.001_wd0.001_do0.2_ls0.1_mw90_ep5,0.587037037037037,0.5940996307974237,0.5072519789077992,0.5346491228070176,0.587037037037037,0.587037037037037,0.587037037037037,0.5940996307974237,0.5940996307974237,0.5940996307974237,0.5346491228070176,0.5346491228070176,0.5346491228070176,0.06426686367642225,0.06426686367642225,0.06426686367642225,0.44687022092272544,0.44687022092272544,0.44687022092272544,0.9436341382646628,0.9436341382646628,0.9436341382646628
0.0005,0.2,0.1,0.7,15,1,s1_173,main_effect_max_windows_fraction-0p7_lr0.001_wd0.0005_do0.2_ls0.1_mw70_ep15,0.5861111111111111,0.5894603729030974,0.5049712317210427,0.5173483709273183,0.5861111111111111,0.5861111111111111,0.5861111111111111,0.5894603729030974,0.5894603729030974,0.5894603729030974,0.5173483709273183,0.5173483709273183,0.5173483709273183,0.06535817219104001,0.06535817219104001,0.06535817219104001,0.42726405330980777,0.42726405330980777,0.42726405330980777,0.9137105955704822,0.9137105955704822,0.9137105955704822
0.0005,0.2,0.1,0.3,8,1,s1_064,main_effect_max_windows_fraction-0p3_lr0.001_wd0.0005_do0.2_ls0.1_mw30_ep8,0.586111111111111,0.5801641156687596,0.5690612029295803,0.5119892264598147,0.586111111111111,0.586111111111111,0.586111111111111,0.5801641156687596,0.5801641156687596,0.5801641156687596,0.5119892264598147,0.5119892264598147,0.5119892264598147,0.013733700902029017,0.013733700902029017,0.013733700902029017,0.44773178209054354,0.44773178209054354,0.44773178209054354,0.9371605225010502,0.9371605225010502,0.9371605225010502
5e-05,0.2,0.1,0.9,10,1,s1_078,main_effect_weight_decay-5em05_lr0.001_wd5e-05_do0.2_ls0.1_mw90_ep10,0.586111111111111,0.585905873390057,0.5457554777153086,0.512329988851728,0.586111111111111,0.586111111111111,0.586111111111111,0.585905873390057,0.585905873390057,0.585905873390057,0.512329988851728,0.512329988851728,0.512329988851728,0.032506462373225825,0.032506462373225825,0.032506462373225825,0.4554966885447221,0.4554966885447221,0.4554966885447221,0.924481642992786,0.924481642992786,0.924481642992786
0.0005,0.2,0.0,0.9,15,1,s1_166,main_effect_label_smoothing-0p0_lr0.001_wd0.0005_do0.2_ls0_mw90_ep15,0.586111111111111,0.5873396032167962,0.5437584577963734,0.547946127946128,0.586111111111111,0.586111111111111,0.586111111111111,0.5873396032167962,0.5873396032167962,0.5873396032167962,0.547946127946128,0.547946127946128,0.547946127946128,0.034115061901741725,0.034115061901741725,0.034115061901741725,0.4545524488996727,0.4545524488996727,0.4545524488996727,3.175397800544963,3.175397800544963,3.175397800544963
0.0005,0.0,0.1,0.9,12,1,s1_122,main_effect_dropout-0p0_lr0.001_wd0.0005_do0_ls0.1_mw90_ep12,0.586111111111111,0.5863823124821913,0.4834088115654749,0.4753216374269006,0.586111111111111,0.586111111111111,0.586111111111111,0.5863823124821913,0.5863823124821913,0.5863823124821913,0.4753216374269006,0.4753216374269006,0.4753216374269006,0.08272670145158079,0.08272670145158079,0.08272670145158079,0.4610970234902757,0.4610970234902757,0.4610970234902757,0.9910538720895096,0.9910538720895096,0.9910538720895096
0.0001,-1.0,0.0,0.9,50,1,ref_rank2_fixed_epoch,original_rank_parameters_no_early_stopping_static_only,0.5851851851851851,0.5890603310784799,0.5097414213016386,0.5494366323331841,0.5851851851851851,0.5851851851851851,0.5851851851851851,0.5890603310784799,0.5890603310784799,0.5890603310784799,0.5494366323331841,0.5494366323331841,0.5494366323331841,0.060769951196705224,0.060769951196705224,0.060769951196705224,0.4630749844788121,0.4630749844788121,0.4630749844788121,4.2223160391709325,4.2223160391709325,4.2223160391709325
0.0001,0.2,0.1,0.9,15,1,s1_153,main_effect_weight_decay-0p0001_lr0.001_wd0.0001_do0.2_ls0.1_mw90_ep15,0.5851851851851851,0.5902693602693603,0.5074766353945578,0.47338383838383835,0.5851851851851851,0.5851851851851851,0.5851851851851851,0.5902693602693603,0.5902693602693603,0.5902693602693603,0.47338383838383835,0.47338383838383835,0.47338383838383835,0.06259423622650209,0.06259423622650209,0.06259423622650209,0.4450325825500164,0.4450325825500164,0.4450325825500164,0.9296432345544116,0.9296432345544116,0.9296432345544116
0.002,0.4,0.15,0.9,10,1,s1_103,strong_combo_combined_regularization-wd0p002_do0p4_ls0p15_mw0p9_lr0.001_wd0.002_do0.4_ls0.15_mw90_ep10,0.5851851851851851,0.5890150111326583,0.5025326887227809,0.5302857142857144,0.5851851851851851,0.5851851851851851,0.5851851851851851,0.5890150111326583,0.5890150111326583,0.5890150111326583,0.5302857142857144,0.5302857142857144,0.5302857142857144,0.06657658523054642,0.06657658523054642,0.06657658523054642,0.4454099264014123,0.4454099264014123,0.4454099264014123,0.7771570990714863,0.7771570990714863,0.7771570990714863
0.02,0.2,0.1,0.9,10,1,s1_084,main_effect_weight_decay-0p02_lr0.001_wd0.02_do0.2_ls0.1_mw90_ep10,0.5824074074074075,0.5925704290762164,0.5429206285257718,0.535671531770603,0.5824074074074075,0.5824074074074075,0.5824074074074075,0.5925704290762164,0.5925704290762164,0.5925704290762164,0.535671531770603,0.535671531770603,0.535671531770603,0.031806600069106794,0.031806600069106794,0.031806600069106794,0.44695972561064246,0.44695972561064246,0.44695972561064246,0.8946052096739209,0.8946052096739209,0.8946052096739209
1e-05,0.2,0.1,0.9,15,1,s1_151,main_effect_weight_decay-1em05_lr0.001_wd1e-05_do0.2_ls0.1_mw90_ep15,0.5824074074074075,0.5775440412625767,0.529511458350681,0.47184265010351967,0.5824074074074075,0.5824074074074075,0.5824074074074075,0.5775440412625767,0.5775440412625767,0.5775440412625767,0.47184265010351967,0.47184265010351967,0.47184265010351967,0.04260768653645754,0.04260768653645754,0.04260768653645754,0.43126674486734357,0.43126674486734357,0.43126674486734357,0.9110761452704101,0.9110761452704101,0.9110761452704101
0.0005,0.2,0.1,0.7,8,1,s1_062,main_effect_max_windows_fraction-0p7_lr0.001_wd0.0005_do0.2_ls0.1_mw70_ep8,0.5824074074074075,0.5822411145752555,0.5288905926197114,0.5400715314857191,0.5824074074074075,0.5824074074074075,0.5824074074074075,0.5822411145752555,0.5822411145752555,0.5822411145752555,0.5400715314857191,0.5400715314857191,0.5400715314857191,0.04310779387772139,0.04310779387772139,0.04310779387772139,0.4469804318253706,0.4469804318253706,0.4469804318253706,0.9534615370696716,0.9534615370696716,0.9534615370696716
0.01,0.5,0.2,0.9,10,1,s1_106,strong_combo_combined_regularization-wd0p01_do0p5_ls0p2_mw0p9_lr0.001_wd0.01_do0.5_ls0.2_mw90_ep10,0.5824074074074075,0.5871884846917919,0.515331082108254,0.5287952177757276,0.5824074074074075,0.5824074074074075,0.5824074074074075,0.5871884846917919,0.5871884846917919,0.5871884846917919,0.5287952177757276,0.5287952177757276,0.5287952177757276,0.05402997948479689,0.05402997948479689,0.05402997948479689,0.4445941784307714,0.4445941784307714,0.4445941784307714,0.6406982035436719,0.6406982035436719,0.6406982035436719
0.01,0.6,0.3,0.9,10,2,s1_111,strong_combo_combined_regularization-wd0p01_do0p6_ls0p3_mw0p9_lr0.0005_wd0.01_do0.6_ls0.3_mw90_ep10,0.5824074074074075,0.5838934769881061,0.5093211507968122,0.510150718846371,0.5666666666666667,0.5824074074074075,0.5509259259259258,0.5681644416333248,0.5838934769881061,0.5524354062785435,0.5040527524005785,0.510150718846371,0.4979547859547859,0.04361077741705418,0.05887097910745121,0.028350575726657144,0.44584408242727813,0.4480979756580944,0.4435901891964618,0.457256454754598,0.46227979721765927,0.4522331122915366
0.001,0.2,0.1,0.9,12,1,s1_117,main_effect_weight_decay-0p001_lr0.001_wd0.001_do0.2_ls0.1_mw90_ep12,0.5824074074074075,0.578940048011794,0.4951093648723502,0.4953216374269006,0.5824074074074075,0.5824074074074075,0.5824074074074075,0.578940048011794,0.578940048011794,0.578940048011794,0.4953216374269006,0.4953216374269006,0.4953216374269006,0.07031857255441507,0.07031857255441507,0.07031857255441507,0.4461970064422708,0.4461970064422708,0.4461970064422708,0.9392612686855166,0.9392612686855166,0.9392612686855166
0.005,0.2,0.1,0.9,15,1,s1_156,main_effect_weight_decay-0p005_lr0.001_wd0.005_do0.2_ls0.1_mw90_ep15,0.5824074074074075,0.5832537028189202,0.4926834391485875,0.4995169082125604,0.5824074074074075,0.5824074074074075,0.5824074074074075,0.5832537028189202,0.5832537028189202,0.5832537028189202,0.4995169082125604,0.4995169082125604,0.4995169082125604,0.07227265570524316,0.07227265570524316,0.07227265570524316,0.44997234570496564,0.44997234570496564,0.44997234570496564,0.923312806881601,0.923312806881601,0.923312806881601
0.01,0.5,0.2,0.9,15,1,s1_180,strong_combo_combined_regularization-wd0p01_do0p5_ls0p2_mw0p9_lr0.001_wd0.01_do0.5_ls0.2_mw90_ep15,0.5824074074074074,0.5830299944144338,0.5285828453169922,0.5109014174231565,0.5824074074074074,0.5824074074074074,0.5824074074074074,0.5830299944144338,0.5830299944144338,0.5830299944144338,0.5109014174231565,0.5109014174231565,0.5109014174231565,0.04335568432756721,0.04335568432756721,0.04335568432756721,0.44174287307440263,0.44174287307440263,0.44174287307440263,0.6330532948290151,0.6330532948290151,0.6330532948290151
0.0005,0.0,0.1,0.9,5,1,s1_011,main_effect_dropout-0p0_lr0.001_wd0.0005_do0_ls0.1_mw90_ep5,0.5824074074074074,0.5894298998959904,0.4941684232423875,0.5387301587301587,0.5824074074074074,0.5824074074074074,0.5824074074074074,0.5894298998959904,0.5894298998959904,0.5894298998959904,0.5387301587301587,0.5387301587301587,0.5387301587301587,0.07107650102972331,0.07107650102972331,0.07107650102972331,0.44578578761081705,0.44578578761081705,0.44578578761081705,0.9452833585822857,0.9452833585822857,0.9452833585822857
0.0005,0.2,0.1,0.2,12,1,s1_139,main_effect_max_windows_fraction-0p2_lr0.001_wd0.0005_do0.2_ls0.1_mw20_ep12,0.5814814814814816,0.5909828959206623,0.4996322353355933,0.5446149474282467,0.5814814814814816,0.5814814814814816,0.5814814814814816,0.5909828959206623,0.5909828959206623,0.5909828959206623,0.5446149474282467,0.5446149474282467,0.5446149474282467,0.06592956710710333,0.06592956710710333,0.06592956710710333,0.4552707511772621,0.4552707511772621,0.4552707511772621,0.9474494065257077,0.9474494065257077,0.9474494065257077
0.0005,0.2,0.1,1.0,15,1,s1_172,main_effect_max_windows_fraction-1p0_lr0.001_wd0.0005_do0.2_ls0.1_mw100_ep15,0.5814814814814814,0.5928327602145971,0.5306232107312514,0.5237616099071207,0.5814814814814814,0.5814814814814814,0.5814814814814814,0.5928327602145971,0.5928327602145971,0.5928327602145971,0.5237616099071207,0.5237616099071207,0.5237616099071207,0.040966336677090626,0.040966336677090626,0.040966336677090626,0.44403137772977025,0.44403137772977025,0.44403137772977025,0.9142337998826987,0.9142337998826987,0.9142337998826987
0.0,0.2,0.1,0.9,10,1,s1_076,main_effect_weight_decay-0p0_lr0.001_wd0_do0.2_ls0.1_mw90_ep10,0.5805555555555555,0.5857585983051146,0.5016866401567335,0.5097535505430242,0.5805555555555555,0.5805555555555555,0.5805555555555555,0.5857585983051146,0.5857585983051146,0.5857585983051146,0.5097535505430242,0.5097535505430242,0.5097535505430242,0.06352891071449789,0.06352891071449789,0.06352891071449789,0.4354361815998076,0.4354361815998076,0.4354361815998076,0.9032289485891247,0.9032289485891247,0.9032289485891247
0.0005,0.4,0.1,0.9,15,1,s1_162,main_effect_dropout-0p4_lr0.001_wd0.0005_do0.4_ls0.1_mw90_ep15,0.5805555555555555,0.5814305144459944,0.49740496794801814,0.4735662686127082,0.5805555555555555,0.5805555555555555,0.5805555555555555,0.5814305144459944,0.5814305144459944,0.5814305144459944,0.4735662686127082,0.4735662686127082,0.4735662686127082,0.06697779764391394,0.06697779764391394,0.06697779764391394,0.43813237678627137,0.43813237678627137,0.43813237678627137,0.9351218188116277,0.9351218188116277,0.9351218188116277
0.0005,0.6,0.1,0.9,12,1,s1_127,main_effect_dropout-0p6_lr0.001_wd0.0005_do0.6_ls0.1_mw90_ep12,0.5796296296296297,0.5779897933238894,0.5328658394567771,0.48552631578947364,0.5796296296296297,0.5796296296296297,0.5796296296296297,0.5779897933238894,0.5779897933238894,0.5779897933238894,0.48552631578947364,0.48552631578947364,0.48552631578947364,0.03766823260519999,0.03766823260519999,0.03766823260519999,0.4397470778441912,0.4397470778441912,0.4397470778441912,0.950107730614415,0.950107730614415,0.950107730614415
0.005,0.4,0.15,0.9,10,1,s1_104,strong_combo_combined_regularization-wd0p005_do0p4_ls0p15_mw0p9_lr0.001_wd0.005_do0.4_ls0.15_mw90_ep10,0.5796296296296296,0.5783985984966378,0.4989183628380247,0.5003256003256004,0.5796296296296296,0.5796296296296296,0.5796296296296296,0.5783985984966378,0.5783985984966378,0.5783985984966378,0.5003256003256004,0.5003256003256004,0.5003256003256004,0.0650129247464517,0.0650129247464517,0.0650129247464517,0.45222554621216127,0.45222554621216127,0.45222554621216127,0.8071176601442935,0.8071176601442935,0.8071176601442935
0.0,0.2,0.1,0.9,15,1,s1_150,main_effect_weight_decay-0p0_lr0.001_wd0_do0.2_ls0.1_mw90_ep15,0.5796296296296296,0.5856738171051896,0.4983067506550213,0.4886321195144724,0.5796296296296296,0.5796296296296296,0.5796296296296296,0.5856738171051896,0.5856738171051896,0.5856738171051896,0.4886321195144724,0.4886321195144724,0.4886321195144724,0.06550557835490371,0.06550557835490371,0.06550557835490371,0.4435619346761417,0.4435619346761417,0.4435619346761417,0.9044667840695866,0.9044667840695866,0.9044667840695866
0.001,0.2,0.1,0.9,10,1,s1_080,main_effect_weight_decay-0p001_lr0.001_wd0.001_do0.2_ls0.1_mw90_ep10,0.5787037037037037,0.585971319610661,0.5491165188272015,0.509293765815505,0.5787037037037037,0.5787037037037037,0.5787037037037037,0.585971319610661,0.585971319610661,0.585971319610661,0.509293765815505,0.509293765815505,0.509293765815505,0.023832477178210663,0.023832477178210663,0.023832477178210663,0.449986606337969,0.449986606337969,0.449986606337969,0.9199366900037738,0.9199366900037738,0.9199366900037738
0.0005,0.1,0.1,0.9,10,1,s1_086,main_effect_dropout-0p1_lr0.001_wd0.0005_do0.1_ls0.1_mw90_ep10,0.5787037037037037,0.5898136621126705,0.4989600600896513,0.5018713450292397,0.5787037037037037,0.5787037037037037,0.5787037037037037,0.5898136621126705,0.5898136621126705,0.5898136621126705,0.5018713450292397,0.5018713450292397,0.5018713450292397,0.06423350428477598,0.06423350428477598,0.06423350428477598,0.4531754967538647,0.4531754967538647,0.4531754967538647,0.9037116088888768,0.9037116088888768,0.9037116088888768
0.01,0.2,0.1,0.9,12,1,s1_120,main_effect_weight_decay-0p01_lr0.001_wd0.01_do0.2_ls0.1_mw90_ep12,0.5787037037037036,0.5789632187557885,0.5117999698602568,0.5256965944272445,0.5787037037037036,0.5787037037037036,0.5787037037037036,0.5789632187557885,0.5789632187557885,0.5789632187557885,0.5256965944272445,0.5256965944272445,0.5256965944272445,0.053890957068624096,0.053890957068624096,0.053890957068624096,0.4468345314194881,0.4468345314194881,0.4468345314194881,0.9412863470767944,0.9412863470767944,0.9412863470767944
0.02,0.2,0.1,0.9,12,1,s1_121,main_effect_weight_decay-0p02_lr0.001_wd0.02_do0.2_ls0.1_mw90_ep12,0.5787037037037036,0.5800205286206094,0.5021299587986832,0.5133040935672515,0.5787037037037036,0.5787037037037036,0.5787037037037036,0.5800205286206094,0.5800205286206094,0.5800205286206094,0.5133040935672515,0.5133040935672515,0.5133040935672515,0.061680150900343636,0.061680150900343636,0.061680150900343636,0.451534454532983,0.451534454532983,0.451534454532983,0.9506996120763607,0.9506996120763607,0.9506996120763607
0.01,0.6,0.3,0.9,5,2,s1_033,strong_combo_combined_regularization-wd0p01_do0p6_ls0p3_mw0p9_lr0.001_wd0.01_do0.6_ls0.3_mw90_ep5,0.5777777777777778,0.5780598064434381,0.5400012026335217,0.49125691699604745,0.5439814814814815,0.5777777777777778,0.5101851851851852,0.5435012801281014,0.5780598064434381,0.5089427538127647,0.45338580018576863,0.49125691699604745,0.4155146833754898,0.054375271541453725,0.07832151211039824,0.030429030972509208,0.44797863920260117,0.4662114417579163,0.42974583664728605,0.46515203653796733,0.4794381968148264,0.45086587626110824
0.005,0.5,0.2,0.9,5,2,s1_031,strong_combo_combined_regularization-wd0p005_do0p5_ls0p2_mw0p9_lr0.001_wd0.005_do0.5_ls0.2_mw90_ep5,0.5777777777777778,0.5858772426179883,0.4953453948791685,0.5234114698510983,0.55,0.5777777777777778,0.5222222222222223,0.5571167459219014,0.5858772426179883,0.5283562492258145,0.512494077018239,0.5234114698510983,0.5015766841853797,0.07270099189260895,0.07900270002852425,0.06639928375669367,0.4494959273063228,0.458807841116667,0.4401840134959786,0.6477592000969203,0.6484613357259461,0.6470570644678946
0.0005,0.3,0.1,0.9,8,1,s1_050,main_effect_dropout-0p3_lr0.001_wd0.0005_do0.3_ls0.1_mw90_ep8,0.5777777777777777,0.5812911038315983,0.5228896866154835,0.488235294117647,0.5777777777777777,0.5777777777777777,0.5777777777777777,0.5812911038315983,0.5812911038315983,0.5812911038315983,0.488235294117647,0.488235294117647,0.488235294117647,0.04421235698634561,0.04421235698634561,0.04421235698634561,0.4601451151084152,0.4601451151084152,0.4601451151084152,0.9681568253551027,0.9681568253551027,0.9681568253551027
0.0005,0.2,0.03,0.9,8,1,s1_056,main_effect_label_smoothing-0p03_lr0.001_wd0.0005_do0.2_ls0.03_mw90_ep8,0.5777777777777777,0.5885946221198703,0.5111957578532584,0.5106295149638802,0.5777777777777777,0.5777777777777777,0.5777777777777777,0.5885946221198703,0.5885946221198703,0.5885946221198703,0.5106295149638802,0.5106295149638802,0.5106295149638802,0.053631816509535475,0.053631816509535475,0.053631816509535475,0.4635199845483261,0.4635199845483261,0.4635199845483261,1.3976078558429585,1.3976078558429585,1.3976078558429585
0.001,0.2,0.1,0.9,15,1,s1_154,main_effect_weight_decay-0p001_lr0.001_wd0.001_do0.2_ls0.1_mw90_ep15,0.5777777777777777,0.5779773705901045,0.4931700242229693,0.49708841882754917,0.5777777777777777,0.5777777777777777,0.5777777777777777,0.5779773705901045,0.5779773705901045,0.5779773705901045,0.49708841882754917,0.49708841882754917,0.49708841882754917,0.06815154480263012,0.06815154480263012,0.06815154480263012,0.44549576072228925,0.44549576072228925,0.44549576072228925,0.9303028023231427,0.9303028023231427,0.9303028023231427
0.0005,0.2,0.05,0.9,5,1,s1_020,main_effect_label_smoothing-0p05_lr0.001_wd0.0005_do0.2_ls0.05_mw90_ep5,0.5777777777777777,0.5860872750607993,0.4444402019193482,0.5498872180451129,0.5777777777777777,0.5777777777777777,0.5777777777777777,0.5860872750607993,0.5860872750607993,0.5860872750607993,0.5498872180451129,0.5498872180451129,0.5498872180451129,0.1074034162732289,0.1074034162732289,0.1074034162732289,0.44504325371703357,0.44504325371703357,0.44504325371703357,1.215355835253558,1.215355835253558,1.215355835253558
0.01,0.6,0.3,0.7,8,1,s1_072,strong_combo_combined_regularization-wd0p01_do0p6_ls0p3_mw0p7_lr0.001_wd0.01_do0.6_ls0.3_mw70_ep8,0.5768518518518518,0.5732494791070641,0.48270819910490503,0.4954325674325674,0.5768518518518518,0.5768518518518518,0.5768518518518518,0.5732494791070641,0.5732494791070641,0.5732494791070641,0.4954325674325674,0.4954325674325674,0.4954325674325674,0.07583271152460659,0.07583271152460659,0.07583271152460659,0.45488007294486027,0.45488007294486027,0.45488007294486027,0.47030305088849184,0.47030305088849184,0.47030305088849184
0.002,0.2,0.1,0.9,10,1,s1_081,main_effect_weight_decay-0p002_lr0.001_wd0.002_do0.2_ls0.1_mw90_ep10,0.5759259259259258,0.5823204032871552,0.5574800483971876,0.5167227555053641,0.5759259259259258,0.5759259259259258,0.5759259259259258,0.5823204032871552,0.5823204032871552,0.5823204032871552,0.5167227555053641,0.5167227555053641,0.5167227555053641,0.014858154199890028,0.014858154199890028,0.014858154199890028,0.4535980535464086,0.4535980535464086,0.4535980535464086,0.9139178858883339,0.9139178858883339,0.9139178858883339
0.002,0.2,0.1,0.9,12,1,s1_118,main_effect_weight_decay-0p002_lr0.001_wd0.002_do0.2_ls0.1_mw90_ep12,0.575,0.5743893065998329,0.4382983370111278,0.516,0.575,0.575,0.575,0.5743893065998329,0.5743893065998329,0.5743893065998329,0.516,0.516,0.516,0.11011318842953359,0.11011318842953359,0.11011318842953359,0.4424261012824108,0.4424261012824108,0.4424261012824108,0.9208126758763493,0.9208126758763493,0.9208126758763493
0.0005,0.2,0.15,0.9,8,1,s1_058,main_effect_label_smoothing-0p15_lr0.001_wd0.0005_do0.2_ls0.15_mw90_ep8,0.5740740740740742,0.5799164400059541,0.526853355143754,0.5250980392156863,0.5740740740740742,0.5740740740740742,0.5740740740740742,0.5799164400059541,0.5799164400059541,0.5799164400059541,0.5250980392156863,0.5250980392156863,0.5250980392156863,0.03803628871563657,0.03803628871563657,0.03803628871563657,0.4576397652121461,0.4576397652121461,0.4576397652121461,0.822868188151109,0.822868188151109,0.822868188151109
0.01,0.6,0.3,0.7,10,1,s1_109,strong_combo_combined_regularization-wd0p01_do0p6_ls0p3_mw0p7_lr0.001_wd0.01_do0.6_ls0.3_mw70_ep10,0.5740740740740742,0.5729592374492091,0.5057051211976323,0.5268612836438923,0.5740740740740742,0.5740740740740742,0.5740740740740742,0.5729592374492091,0.5729592374492091,0.5729592374492091,0.5268612836438923,0.5268612836438923,0.5268612836438923,0.05507119098782556,0.05507119098782556,0.05507119098782556,0.4323077336478448,0.4323077336478448,0.4323077336478448,0.4454665657199458,0.4454665657199458,0.4454665657199458
0.01,0.5,0.2,0.9,8,1,s1_069,strong_combo_combined_regularization-wd0p01_do0p5_ls0p2_mw0p9_lr0.001_wd0.01_do0.5_ls0.2_mw90_ep8,0.5740740740740741,0.5826467862298615,0.5395889368210773,0.5236945304437565,0.5740740740740741,0.5740740740740741,0.5740740740740741,0.5826467862298615,0.5826467862298615,0.5826467862298615,0.5236945304437565,0.5236945304437565,0.5236945304437565,0.02777777777777776,0.02777777777777776,0.02777777777777776,0.4612949175440943,0.4612949175440943,0.4612949175440943,0.6738973040671685,0.6738973040671685,0.6738973040671685
0.0005,0.2,0.1,0.5,12,1,s1_137,main_effect_max_windows_fraction-0p5_lr0.001_wd0.0005_do0.2_ls0.1_mw50_ep12,0.5740740740740741,0.5710296806238386,0.5066783943861033,0.4829192546583851,0.5740740740740741,0.5740740740740741,0.5740740740740741,0.5710296806238386,0.5710296806238386,0.5710296806238386,0.4829192546583851,0.4829192546583851,0.4829192546583851,0.05428721944240077,0.05428721944240077,0.05428721944240077,0.4433870144667644,0.4433870144667644,0.4433870144667644,0.9605862267775118,0.9605862267775118,0.9605862267775118
0.005,0.5,0.2,0.7,8,1,s1_071,strong_combo_combined_regularization-wd0p005_do0p5_ls0p2_mw0p7_lr0.001_wd0.005_do0.5_ls0.2_mw70_ep8,0.5740740740740741,0.568089075589412,0.48892146274967896,0.49544241037376047,0.5740740740740741,0.5740740740740741,0.5740740740740741,0.568089075589412,0.568089075589412,0.568089075589412,0.49544241037376047,0.49544241037376047,0.49544241037376047,0.06859042773161597,0.06859042773161597,0.06859042773161597,0.4490153580015882,0.4490153580015882,0.4490153580015882,0.6453426582925351,0.6453426582925351,0.6453426582925351
0.0001,0.2,0.1,0.9,12,1,s1_116,main_effect_weight_decay-0p0001_lr0.001_wd0.0001_do0.2_ls0.1_mw90_ep12,0.5731481481481482,0.5748076182652841,0.4718383768188048,0.5094736842105263,0.5731481481481482,0.5731481481481482,0.5731481481481482,0.5748076182652841,0.5748076182652841,0.5748076182652841,0.5094736842105263,0.5094736842105263,0.5094736842105263,0.08160501998464373,0.08160501998464373,0.08160501998464373,0.4544342450334036,0.4544342450334036,0.4544342450334036,0.9898880833855831,0.9898880833855831,0.9898880833855831
0.0005,0.2,0.0,0.9,10,1,s1_092,main_effect_label_smoothing-0p0_lr0.001_wd0.0005_do0.2_ls0_mw90_ep10,0.5722222222222223,0.5746643338115944,0.47328800220578593,0.5193581780538302,0.5722222222222223,0.5722222222222223,0.5722222222222223,0.5746643338115944,0.5746643338115944,0.5746643338115944,0.5193581780538302,0.5193581780538302,0.5193581780538302,0.07969151342135161,0.07969151342135161,0.07969151342135161,0.46349086364208764,0.46349086364208764,0.46349086364208764,3.029007337011187,3.029007337011187,3.029007337011187
0.005,0.2,0.1,0.9,10,1,s1_082,main_effect_weight_decay-0p005_lr0.001_wd0.005_do0.2_ls0.1_mw90_ep10,0.5722222222222222,0.5735722808709844,0.5438897908640301,0.5133261940458341,0.5722222222222222,0.5722222222222222,0.5722222222222222,0.5735722808709844,0.5735722808709844,0.5735722808709844,0.5133261940458341,0.5133261940458341,0.5133261940458341,0.022821773229381906,0.022821773229381906,0.022821773229381906,0.46032389907763227,0.46032389907763227,0.46032389907763227,0.9070316733155611,0.9070316733155611,0.9070316733155611
0.0005,0.2,0.05,0.9,8,1,s1_057,main_effect_label_smoothing-0p05_lr0.001_wd0.0005_do0.2_ls0.05_mw90_ep8,0.5722222222222222,0.5768517429020412,0.5300650136666719,0.49682539682539684,0.5722222222222222,0.5722222222222222,0.5722222222222222,0.5768517429020412,0.5768517429020412,0.5768517429020412,0.49682539682539684,0.49682539682539684,0.49682539682539684,0.03395763114980049,0.03395763114980049,0.03395763114980049,0.4562669674343143,0.4562669674343143,0.4562669674343143,1.1969273579515398,1.1969273579515398,1.1969273579515398
0.005,0.5,0.2,0.9,12,2,s1_147,strong_combo_combined_regularization-wd0p005_do0p5_ls0p2_mw0p9_lr0.0005_wd0.005_do0.5_ls0.2_mw90_ep12,0.5712962962962962,0.5696506001842961,0.4752421367622812,0.5238085502703194,0.5541666666666666,0.5712962962962962,0.537037037037037,0.5518474687447514,0.5696506001842961,0.5340443373052068,0.492503748125937,0.5238085502703194,0.4611989459815547,0.06279769506675574,0.07737162472610484,0.04822376540740663,0.45631728111731484,0.4661577122032166,0.4464768500314131,0.6671516290374555,0.6685865166616974,0.6657167414132136
0.0005,0.2,0.15,0.9,10,1,s1_095,main_effect_label_smoothing-0p15_lr0.001_wd0.0005_do0.2_ls0.15_mw90_ep10,0.5703703703703704,0.5754964028757271,0.5029256934533264,0.4971585827313382,0.5703703703703704,0.5703703703703704,0.5703703703703704,0.5754964028757271,0.5754964028757271,0.5754964028757271,0.4971585827313382,0.4971585827313382,0.4971585827313382,0.05432668671002209,0.05432668671002209,0.05432668671002209,0.4394846836765544,0.4394846836765544,0.4394846836765544,0.768438470639623,0.768438470639623,0.768438470639623
0.005,0.5,0.2,0.7,10,1,s1_108,strong_combo_combined_regularization-wd0p005_do0p5_ls0p2_mw0p7_lr0.001_wd0.005_do0.5_ls0.2_mw70_ep10,0.5703703703703703,0.5680013214681174,0.5566483475797966,0.5084033613445378,0.5703703703703703,0.5703703703703703,0.5703703703703703,0.5680013214681174,0.5680013214681174,0.5680013214681174,0.5084033613445378,0.5084033613445378,0.5084033613445378,0.011053089246586458,0.011053089246586458,0.011053089246586458,0.43324526018802834,0.43324526018802834,0.43324526018802834,0.6472542487256925,0.6472542487256925,0.6472542487256925
0.01,0.6,0.3,0.7,5,1,s1_035,strong_combo_combined_regularization-wd0p01_do0p6_ls0p3_mw0p7_lr0.001_wd0.01_do0.6_ls0.3_mw70_ep5,0.5703703703703703,0.5683187010978549,0.4953877719318852,0.49676147439305335,0.5703703703703703,0.5703703703703703,0.5703703703703703,0.5683187010978549,0.5683187010978549,0.5683187010978549,0.49676147439305335,0.49676147439305335,0.49676147439305335,0.06039848243444605,0.06039848243444605,0.06039848243444605,0.44105707179957576,0.44105707179957576,0.44105707179957576,0.45482498964029905,0.45482498964029905,0.45482498964029905
0.0,0.2,0.1,0.9,12,1,s1_113,main_effect_weight_decay-0p0_lr0.001_wd0_do0.2_ls0.1_mw90_ep12,0.5694444444444444,0.5684380874987507,0.42262926290362357,0.5039935587761675,0.5694444444444444,0.5694444444444444,0.5694444444444444,0.5684380874987507,0.5684380874987507,0.5684380874987507,0.5039935587761675,0.5039935587761675,0.5039935587761675,0.11825962754115553,0.11825962754115553,0.11825962754115553,0.447957081954223,0.447957081954223,0.447957081954223,0.9395842369145548,0.9395842369145548,0.9395842369145548
0.01,0.5,0.2,0.9,12,1,s1_143,strong_combo_combined_regularization-wd0p01_do0p5_ls0p2_mw0p9_lr0.001_wd0.01_do0.5_ls0.2_mw90_ep12,0.5685185185185185,0.566605262107842,0.4636045766475613,0.5050150590150589,0.5685185185185185,0.5685185185185185,0.5685185185185185,0.566605262107842,0.566605262107842,0.566605262107842,0.5050150590150589,0.5050150590150589,0.5050150590150589,0.08450817932670097,0.08450817932670097,0.08450817932670097,0.4555346434188203,0.4555346434188203,0.4555346434188203,0.6680714091717267,0.6680714091717267,0.6680714091717267
0.0005,0.4,0.1,0.9,12,1,s1_125,main_effect_dropout-0p4_lr0.001_wd0.0005_do0.4_ls0.1_mw90_ep12,0.5685185185185185,0.5717656946086074,0.4399742988661528,0.5079355427181513,0.5685185185185185,0.5685185185185185,0.5685185185185185,0.5717656946086074,0.5717656946086074,0.5717656946086074,0.5079355427181513,0.5079355427181513,0.5079355427181513,0.1035423678880959,0.1035423678880959,0.1035423678880959,0.4593884239535216,0.4593884239535216,0.4593884239535216,0.9512778515243211,0.9512778515243211,0.9512778515243211
0.002,0.2,0.1,0.9,5,1,s1_007,main_effect_weight_decay-0p002_lr0.001_wd0.002_do0.2_ls0.1_mw90_ep5,0.5675925925925925,0.569366144959138,0.46626651910346395,0.5031251041146094,0.5675925925925925,0.5675925925925925,0.5675925925925925,0.569366144959138,0.569366144959138,0.569366144959138,0.5031251041146094,0.5031251041146094,0.5031251041146094,0.08161815137421859,0.08161815137421859,0.08161815137421859,0.4499175008696172,0.4499175008696172,0.4499175008696172,0.9756228064544672,0.9756228064544672,0.9756228064544672
0.01,0.2,0.1,0.9,10,1,s1_083,main_effect_weight_decay-0p01_lr0.001_wd0.01_do0.2_ls0.1_mw90_ep10,0.5666666666666667,0.5747513866675711,0.5279828060790928,0.5236972624798711,0.5666666666666667,0.5666666666666667,0.5666666666666667,0.5747513866675711,0.5747513866675711,0.5747513866675711,0.5236972624798711,0.5236972624798711,0.5236972624798711,0.031159849389747876,0.031159849389747876,0.031159849389747876,0.4321814676058162,0.4321814676058162,0.4321814676058162,0.8753187231134802,0.8753187231134802,0.8753187231134802
0.0005,0.2,0.15,0.9,12,1,s1_132,main_effect_label_smoothing-0p15_lr0.001_wd0.0005_do0.2_ls0.15_mw90_ep12,0.5648148148148148,0.5653836006137347,0.5155400706599982,0.5222566219470244,0.5648148148148148,0.5648148148148148,0.5648148148148148,0.5653836006137347,0.5653836006137347,0.5653836006137347,0.5222566219470244,0.5222566219470244,0.5222566219470244,0.03969080601732003,0.03969080601732003,0.03969080601732003,0.46024293976371233,0.46024293976371233,0.46024293976371233,0.8141059626652296,0.8141059626652296,0.8141059626652296
0.0005,0.0,0.1,0.9,8,1,s1_048,main_effect_dropout-0p0_lr0.001_wd0.0005_do0_ls0.1_mw90_ep8,0.5648148148148147,0.5668174650153476,0.4947751699566927,0.5035950556190436,0.5648148148148147,0.5648148148148147,0.5648148148148147,0.5668174650153476,0.5668174650153476,0.5668174650153476,0.5035950556190436,0.5035950556190436,0.5035950556190436,0.05641693336552752,0.05641693336552752,0.05641693336552752,0.4570762590893964,0.4570762590893964,0.4570762590893964,0.998566304841507,0.998566304841507,0.998566304841507
0.0005,0.2,0.3,0.9,5,1,s1_023,main_effect_label_smoothing-0p3_lr0.001_wd0.0005_do0.2_ls0.3_mw90_ep5,0.5638888888888889,0.5738277810198429,0.5269971338314122,0.5215538847117795,0.5638888888888889,0.5638888888888889,0.5638888888888889,0.5738277810198429,0.5738277810198429,0.5738277810198429,0.5215538847117795,0.5215538847117795,0.5215538847117795,0.029716308399780036,0.029716308399780036,0.029716308399780036,0.44215011208029714,0.44215011208029714,0.44215011208029714,0.48844398505237174,0.48844398505237174,0.48844398505237174
0.0005,0.6,0.1,0.9,10,1,s1_090,main_effect_dropout-0p6_lr0.001_wd0.0005_do0.6_ls0.1_mw90_ep10,0.5638888888888889,0.559994993231095,0.5246118129177197,0.4858656126482213,0.5638888888888889,0.5638888888888889,0.5638888888888889,0.559994993231095,0.559994993231095,0.559994993231095,0.4858656126482213,0.4858656126482213,0.4858656126482213,0.03163768437642574,0.03163768437642574,0.03163768437642574,0.44838808267386454,0.44838808267386454,0.44838808267386454,0.9147208916318819,0.9147208916318819,0.9147208916318819
0.0005,0.2,0.05,0.9,15,1,s1_168,main_effect_label_smoothing-0p05_lr0.001_wd0.0005_do0.2_ls0.05_mw90_ep15,0.562962962962963,0.5625882456037254,0.5337691674667749,0.48467737972381936,0.562962962962963,0.562962962962963,0.562962962962963,0.5625882456037254,0.5625882456037254,0.5625882456037254,0.48467737972381936,0.48467737972381936,0.48467737972381936,0.023515602035556082,0.023515602035556082,0.023515602035556082,0.444903022734625,0.444903022734625,0.444903022734625,1.167050209223195,1.167050209223195,1.167050209223195
1e-05,0.2,0.1,0.9,5,1,s1_003,main_effect_weight_decay-1em05_lr0.001_wd1e-05_do0.2_ls0.1_mw90_ep5,0.562962962962963,0.5639522879539249,0.5130885041078482,0.5025583566760037,0.562962962962963,0.562962962962963,0.562962962962963,0.5639522879539249,0.5639522879539249,0.5639522879539249,0.5025583566760037,0.5025583566760037,0.5025583566760037,0.04017387620354934,0.04017387620354934,0.04017387620354934,0.45691706058647386,0.45691706058647386,0.45691706058647386,0.9516677646156388,0.9516677646156388,0.9516677646156388
0.0005,0.3,0.1,0.9,5,1,s1_013,main_effect_dropout-0p3_lr0.001_wd0.0005_do0.3_ls0.1_mw90_ep5,0.5620370370370371,0.5747712146105596,0.4806938501887261,0.46514005602240893,0.5620370370370371,0.5620370370370371,0.5620370370370371,0.5747712146105596,0.5747712146105596,0.5747712146105596,0.46514005602240893,0.46514005602240893,0.46514005602240893,0.06552193634700657,0.06552193634700657,0.06552193634700657,0.4433381391685051,0.4433381391685051,0.4433381391685051,0.9420196869393471,0.9420196869393471,0.9420196869393471
0.0005,0.2,0.05,0.9,12,1,s1_131,main_effect_label_smoothing-0p05_lr0.001_wd0.0005_do0.2_ls0.05_mw90_ep12,0.562037037037037,0.5627297692062803,0.49018150696699936,0.4956152253543558,0.562037037037037,0.562037037037037,0.562037037037037,0.5627297692062803,0.5627297692062803,0.5627297692062803,0.4956152253543558,0.4956152253543558,0.4956152253543558,0.057879628889007356,0.057879628889007356,0.057879628889007356,0.46341816124162083,0.46341816124162083,0.46341816124162083,1.2558984540471747,1.2558984540471747,1.2558984540471747
0.002,0.4,0.15,0.9,12,1,s1_140,strong_combo_combined_regularization-wd0p002_do0p4_ls0p15_mw0p9_lr0.001_wd0.002_do0.4_ls0.15_mw90_ep12,0.5620370370370369,0.5653301603884548,0.48028875213118694,0.5219568677199862,0.5620370370370369,0.5620370370370369,0.5620370370370369,0.5653301603884548,0.5653301603884548,0.5653301603884548,0.5219568677199862,0.5219568677199862,0.5219568677199862,0.06584824282907079,0.06584824282907079,0.06584824282907079,0.46503866640206837,0.46503866640206837,0.46503866640206837,0.8099921459068995,0.8099921459068995,0.8099921459068995
0.0005,0.2,0.1,0.2,10,1,s1_102,main_effect_max_windows_fraction-0p2_lr0.001_wd0.0005_do0.2_ls0.1_mw20_ep10,0.5611111111111111,0.5613466127191618,0.5141710527288212,0.517989417989418,0.5611111111111111,0.5611111111111111,0.5611111111111111,0.5613466127191618,0.5613466127191618,0.5613466127191618,0.517989417989418,0.517989417989418,0.517989417989418,0.03781021664647302,0.03781021664647302,0.03781021664647302,0.45644744361489276,0.45644744361489276,0.45644744361489276,1.0008594923066854,1.0008594923066854,1.0008594923066854
0.0005,0.5,0.1,0.9,8,1,s1_052,main_effect_dropout-0p5_lr0.001_wd0.0005_do0.5_ls0.1_mw90_ep8,0.5611111111111111,0.5590843994689053,0.4966721771193715,0.5150700280112044,0.5611111111111111,0.5611111111111111,0.5611111111111111,0.5590843994689053,0.5590843994689053,0.5590843994689053,0.5150700280112044,0.5150700280112044,0.5150700280112044,0.05190556080805173,0.05190556080805173,0.05190556080805173,0.4684233524303879,0.4684233524303879,0.4684233524303879,0.975594610772735,0.975594610772735,0.975594610772735
0.0005,0.4,0.1,0.9,10,1,s1_088,main_effect_dropout-0p4_lr0.001_wd0.0005_do0.4_ls0.1_mw90_ep10,0.5611111111111111,0.5722252932252931,0.47572605364548204,0.5124329004329005,0.5611111111111111,0.5611111111111111,0.5611111111111111,0.5722252932252931,0.5722252932252931,0.5722252932252931,0.5124329004329005,0.5124329004329005,0.5124329004329005,0.06877766309649587,0.06877766309649587,0.06877766309649587,0.4580941620684234,0.4580941620684234,0.4580941620684234,0.9465293940842958,0.9465293940842958,0.9465293940842958
0.0005,0.3,0.1,0.9,12,1,s1_124,main_effect_dropout-0p3_lr0.001_wd0.0005_do0.3_ls0.1_mw90_ep12,0.5611111111111111,0.5634183866400405,0.469474613569161,0.5025210084033613,0.5611111111111111,0.5611111111111111,0.5611111111111111,0.5634183866400405,0.5634183866400405,0.5634183866400405,0.5025210084033613,0.5025210084033613,0.5025210084033613,0.07381319802730292,0.07381319802730292,0.07381319802730292,0.45364209946722217,0.45364209946722217,0.45364209946722217,0.9541455282086225,0.9541455282086225,0.9541455282086225
5e-05,0.2,0.1,0.9,5,1,s1_004,main_effect_weight_decay-5em05_lr0.001_wd5e-05_do0.2_ls0.1_mw90_ep5,0.5611111111111111,0.5730306686777273,0.4576237735955334,0.4964985994397759,0.5611111111111111,0.5611111111111111,0.5611111111111111,0.5730306686777273,0.5730306686777273,0.5730306686777273,0.4964985994397759,0.4964985994397759,0.4964985994397759,0.08335904953000577,0.08335904953000577,0.08335904953000577,0.4542054432797803,0.4542054432797803,0.4542054432797803,0.963652549305019,0.963652549305019,0.963652549305019
0.0005,0.2,0.03,0.9,15,1,s1_167,main_effect_label_smoothing-0p03_lr0.001_wd0.0005_do0.2_ls0.03_mw90_ep15,0.5601851851851852,0.5629096018074347,0.46994724563711027,0.49588344988344996,0.5601851851851852,0.5601851851851852,0.5601851851851852,0.5629096018074347,0.5629096018074347,0.5629096018074347,0.49588344988344996,0.49588344988344996,0.49588344988344996,0.07268665957457214,0.07268665957457214,0.07268665957457214,0.45073000834398336,0.45073000834398336,0.45073000834398336,1.321378091226587,1.321378091226587,1.321378091226587
0.0005,0.2,0.1,0.9,5,1,s1_001,main_effect_baseline-base_lr0.001_wd0.0005_do0.2_ls0.1_mw90_ep5,0.5601851851851851,0.5671794484811873,0.5043128770637659,0.46978696741854636,0.5601851851851851,0.5601851851851851,0.5601851851851851,0.5671794484811873,0.5671794484811873,0.5671794484811873,0.46978696741854636,0.46978696741854636,0.46978696741854636,0.045005143738943446,0.045005143738943446,0.045005143738943446,0.4444620371727429,0.4444620371727429,0.4444620371727429,0.9463345431894297,0.9463345431894297,0.9463345431894297
0.0005,0.2,0.1,1.0,8,1,s1_061,main_effect_max_windows_fraction-1p0_lr0.001_wd0.0005_do0.2_ls0.1_mw100_ep8,0.5601851851851851,0.5660524653059082,0.49415117474375103,0.49372942159319866,0.5601851851851851,0.5601851851851851,0.5601851851851851,0.5660524653059082,0.5660524653059082,0.5660524653059082,0.49372942159319866,0.49372942159319866,0.49372942159319866,0.05319039487535211,0.05319039487535211,0.05319039487535211,0.4573883234818722,0.4573883234818722,0.4573883234818722,0.9381975903067096,0.9381975903067096,0.9381975903067096
0.0005,0.5,0.1,0.9,5,1,s1_015,main_effect_dropout-0p5_lr0.001_wd0.0005_do0.5_ls0.1_mw90_ep5,0.5592592592592592,0.5679885797325452,0.47368097896797756,0.5154919160646714,0.5592592592592592,0.5592592592592592,0.5592592592592592,0.5679885797325452,0.5679885797325452,0.5679885797325452,0.5154919160646714,0.5154919160646714,0.5154919160646714,0.06893330408099294,0.06893330408099294,0.06893330408099294,0.45197041372827707,0.45197041372827707,0.45197041372827707,0.9605055551026431,0.9605055551026431,0.9605055551026431
0.0005,0.2,0.15,0.9,15,1,s1_169,main_effect_label_smoothing-0p15_lr0.001_wd0.0005_do0.2_ls0.15_mw90_ep15,0.5592592592592592,0.5612033842776877,0.4678031842147252,0.4753333333333334,0.5592592592592592,0.5592592592592592,0.5592592592592592,0.5612033842776877,0.5612033842776877,0.5612033842776877,0.4753333333333334,0.4753333333333334,0.4753333333333334,0.07366786770709663,0.07366786770709663,0.07366786770709663,0.4420585821222602,0.4420585821222602,0.4420585821222602,0.7818118302183368,0.7818118302183368,0.7818118302183368
5e-05,0.2,0.1,0.9,15,1,s1_152,main_effect_weight_decay-5em05_lr0.001_wd5e-05_do0.2_ls0.1_mw90_ep15,0.5583333333333333,0.5653842638506885,0.5324375693969459,0.49985531709669634,0.5583333333333333,0.5583333333333333,0.5583333333333333,0.5653842638506885,0.5653842638506885,0.5653842638506885,0.49985531709669634,0.49985531709669634,0.49985531709669634,0.020859037640868168,0.020859037640868168,0.020859037640868168,0.44052748452792745,0.44052748452792745,0.44052748452792745,0.9356519453980733,0.9356519453980733,0.9356519453980733
0.0005,0.2,0.0,0.9,8,1,s1_055,main_effect_label_smoothing-0p0_lr0.001_wd0.0005_do0.2_ls0_mw90_ep8,0.5583333333333333,0.5570210783368678,0.5157861330447062,0.5005494505494505,0.5583333333333333,0.5583333333333333,0.5583333333333333,0.5570210783368678,0.5570210783368678,0.5570210783368678,0.5005494505494505,0.5005494505494505,0.5005494505494505,0.03427176948763289,0.03427176948763289,0.03427176948763289,0.46287699542969774,0.46287699542969774,0.46287699542969774,2.706752112985867,2.706752112985867,2.706752112985867
0.02,0.2,0.1,0.9,5,1,s1_010,main_effect_weight_decay-0p02_lr0.001_wd0.02_do0.2_ls0.1_mw90_ep5,0.5574074074074075,0.5656414139695873,0.49018349925591354,0.49293822792274805,0.5574074074074075,0.5574074074074075,0.5574074074074075,0.5656414139695873,0.5656414139695873,0.5656414139695873,0.49293822792274805,0.49293822792274805,0.49293822792274805,0.05414885747116088,0.05414885747116088,0.05414885747116088,0.4517797630511863,0.4517797630511863,0.4517797630511863,0.9811842986523246,0.9811842986523246,0.9811842986523246
0.0005,0.2,0.2,0.9,12,1,s1_133,main_effect_label_smoothing-0p2_lr0.001_wd0.0005_do0.2_ls0.2_mw90_ep12,0.5574074074074075,0.5578150461489844,0.48001834046797587,0.48738512949039264,0.5574074074074075,0.5574074074074075,0.5574074074074075,0.5578150461489844,0.5578150461489844,0.5578150461489844,0.48738512949039264,0.48738512949039264,0.48738512949039264,0.062336892792453434,0.062336892792453434,0.062336892792453434,0.4588008646755588,0.4588008646755588,0.4588008646755588,0.6698177082633513,0.6698177082633513,0.6698177082633513
0.0005,0.5,0.1,0.9,12,1,s1_126,main_effect_dropout-0p5_lr0.001_wd0.0005_do0.5_ls0.1_mw90_ep12,0.5574074074074075,0.5509432630256429,0.4686830771681431,0.4781347180660681,0.5574074074074075,0.5574074074074075,0.5574074074074075,0.5509432630256429,0.5509432630256429,0.5509432630256429,0.4781347180660681,0.4781347180660681,0.4781347180660681,0.07146744728859342,0.07146744728859342,0.07146744728859342,0.4622868659077891,0.4622868659077891,0.4622868659077891,0.9786711881479551,0.9786711881479551,0.9786711881479551
0.0005,0.2,0.1,0.5,15,1,s1_174,main_effect_max_windows_fraction-0p5_lr0.001_wd0.0005_do0.2_ls0.1_mw50_ep15,0.5564814814814815,0.5667755418120558,0.5002555476265416,0.4589510006901311,0.5564814814814815,0.5564814814814815,0.5564814814814815,0.5667755418120558,0.5667755418120558,0.5667755418120558,0.4589510006901311,0.4589510006901311,0.4589510006901311,0.045289989264428114,0.045289989264428114,0.045289989264428114,0.4581757008218063,0.4581757008218063,0.4581757008218063,0.9232642880924438,0.9232642880924438,0.9232642880924438
0.002,0.2,0.1,0.9,8,1,s1_044,main_effect_weight_decay-0p002_lr0.001_wd0.002_do0.2_ls0.1_mw90_ep8,0.5555555555555556,0.5605377436935032,0.5135160499990574,0.44758593315868855,0.5555555555555556,0.5555555555555556,0.5555555555555556,0.5605377436935032,0.5605377436935032,0.5605377436935032,0.44758593315868855,0.44758593315868855,0.44758593315868855,0.03386282138501806,0.03386282138501806,0.03386282138501806,0.46693389631442256,0.46693389631442256,0.46693389631442256,0.9774318971824145,0.9774318971824145,0.9774318971824145
0.0005,0.2,0.2,0.9,5,1,s1_022,main_effect_label_smoothing-0p2_lr0.001_wd0.0005_do0.2_ls0.2_mw90_ep5,0.5555555555555556,0.5678566397449603,0.49765086706450556,0.48847338935574225,0.5555555555555556,0.5555555555555556,0.5555555555555556,0.5678566397449603,0.5678566397449603,0.5678566397449603,0.48847338935574225,0.48847338935574225,0.48847338935574225,0.046642226110208074,0.046642226110208074,0.046642226110208074,0.4520934469012069,0.4520934469012069,0.4520934469012069,0.6691079942329802,0.6691079942329802,0.6691079942329802
1e-05,0.2,0.1,0.9,12,1,s1_114,main_effect_weight_decay-1em05_lr0.001_wd1e-05_do0.2_ls0.1_mw90_ep12,0.5555555555555555,0.5447379796982704,0.4403897676211068,0.457364953886693,0.5555555555555555,0.5555555555555555,0.5555555555555555,0.5447379796982704,0.5447379796982704,0.5447379796982704,0.457364953886693,0.457364953886693,0.457364953886693,0.09276604124774941,0.09276604124774941,0.09276604124774941,0.4435126226764485,0.4435126226764485,0.4435126226764485,0.9476249044780884,0.9476249044780884,0.9476249044780884
0.0001,0.2,0.1,0.9,8,1,s1_042,main_effect_weight_decay-0p0001_lr0.001_wd0.0001_do0.2_ls0.1_mw90_ep8,0.5546296296296297,0.5556177069118245,0.5188746783192185,0.47408748114630467,0.5546296296296297,0.5546296296296297,0.5546296296296297,0.5556177069118245,0.5556177069118245,0.5556177069118245,0.47408748114630467,0.47408748114630467,0.47408748114630467,0.028800612990732936,0.028800612990732936,0.028800612990732936,0.4718354262518269,0.4718354262518269,0.4718354262518269,0.9690409589257166,0.9690409589257166,0.9690409589257166
0.002,0.4,0.15,0.9,5,1,s1_029,strong_combo_combined_regularization-wd0p002_do0p4_ls0p15_mw0p9_lr0.001_wd0.002_do0.4_ls0.15_mw90_ep5,0.5546296296296297,0.5599769550175926,0.46771081583167284,0.49254955570745046,0.5546296296296297,0.5546296296296297,0.5546296296296297,0.5599769550175926,0.5599769550175926,0.5599769550175926,0.49254955570745046,0.49254955570745046,0.49254955570745046,0.07001310380975441,0.07001310380975441,0.07001310380975441,0.45956972244171845,0.45956972244171845,0.45956972244171845,0.8001238014759743,0.8001238014759743,0.8001238014759743
5e-05,0.2,0.1,0.9,12,1,s1_115,main_effect_weight_decay-5em05_lr0.001_wd5e-05_do0.2_ls0.1_mw90_ep12,0.5546296296296296,0.5442779021231033,0.5033187016455261,0.4621471861471861,0.5546296296296296,0.5546296296296296,0.5546296296296296,0.5442779021231033,0.5442779021231033,0.5442779021231033,0.4621471861471861,0.4621471861471861,0.4621471861471861,0.041330952075306786,0.041330952075306786,0.041330952075306786,0.46056009491000643,0.46056009491000643,0.46056009491000643,0.9889324582528175,0.9889324582528175,0.9889324582528175
0.0005,0.6,0.1,0.9,8,1,s1_053,main_effect_dropout-0p6_lr0.001_wd0.0005_do0.6_ls0.1_mw90_ep8,0.5546296296296296,0.5521571020657932,0.4819967660832912,0.4796439628482972,0.5546296296296296,0.5546296296296296,0.5546296296296296,0.5521571020657932,0.5521571020657932,0.5521571020657932,0.4796439628482972,0.4796439628482972,0.4796439628482972,0.05850577099786713,0.05850577099786713,0.05850577099786713,0.4486047850179825,0.4486047850179825,0.4486047850179825,0.9396371735506376,0.9396371735506376,0.9396371735506376
0.0005,0.2,0.1,0.3,5,1,s1_027,main_effect_max_windows_fraction-0p3_lr0.001_wd0.0005_do0.2_ls0.1_mw30_ep5,0.5527777777777778,0.5489128751781636,0.4947875789937862,0.5036837856375456,0.5527777777777778,0.5527777777777778,0.5527777777777778,0.5489128751781636,0.5489128751781636,0.5489128751781636,0.5036837856375456,0.5036837856375456,0.5036837856375456,0.04671110465047941,0.04671110465047941,0.04671110465047941,0.46318788689922846,0.46318788689922846,0.46318788689922846,0.9772656320556374,0.9772656320556374,0.9772656320556374
0.0005,0.6,0.1,0.9,5,1,s1_016,main_effect_dropout-0p6_lr0.001_wd0.0005_do0.6_ls0.1_mw90_ep5,0.5527777777777778,0.553020111868409,0.4649891869451184,0.49350183150183147,0.5527777777777778,0.5527777777777778,0.5527777777777778,0.553020111868409,0.553020111868409,0.553020111868409,0.49350183150183147,0.49350183150183147,0.49350183150183147,0.07071370920415751,0.07071370920415751,0.07071370920415751,0.4561078297681851,0.4561078297681851,0.4561078297681851,0.9276698148445242,0.9276698148445242,0.9276698148445242
0.002,0.2,0.1,0.9,15,1,s1_155,main_effect_weight_decay-0p002_lr0.001_wd0.002_do0.2_ls0.1_mw90_ep15,0.5527777777777777,0.5527901178055977,0.5112124171467237,0.4608678559142955,0.5527777777777777,0.5527777777777777,0.5527777777777777,0.5527901178055977,0.5527901178055977,0.5527901178055977,0.4608678559142955,0.4608678559142955,0.4608678559142955,0.03348089765141583,0.03348089765141583,0.03348089765141583,0.4481586539411916,0.4481586539411916,0.4481586539411916,0.9360381087808471,0.9360381087808471,0.9360381087808471
0.01,0.6,0.3,0.9,8,2,s1_070,strong_combo_combined_regularization-wd0p01_do0p6_ls0p3_mw0p9_lr0.001_wd0.01_do0.6_ls0.3_mw90_ep8,0.5518518518518518,0.5480198002891502,0.5197479362156409,0.4756363636363636,0.5458333333333334,0.5518518518518518,0.5398148148148149,0.5425967701602377,0.5480198002891502,0.5371737400313252,0.47702331002331,0.4784102564102565,0.4756363636363636,0.025024620853131542,0.02585970378475727,0.02418953792150581,0.4576115713000424,0.4726626552553651,0.4425604873447197,0.4659382023044656,0.47513749613373335,0.4567389084751978
0.01,0.2,0.1,0.9,5,1,s1_009,main_effect_weight_decay-0p01_lr0.001_wd0.01_do0.2_ls0.1_mw90_ep5,0.5518518518518518,0.5585072441394281,0.44989202719713106,0.5095238095238095,0.5518518518518518,0.5518518518518518,0.5518518518518518,0.5585072441394281,0.5585072441394281,0.5585072441394281,0.5095238095238095,0.5095238095238095,0.5095238095238095,0.0821286379329664,0.0821286379329664,0.0821286379329664,0.44324081948172245,0.44324081948172245,0.44324081948172245,0.9201117386167532,0.9201117386167532,0.9201117386167532
0.0005,0.2,0.1,1.0,5,1,s1_024,main_effect_max_windows_fraction-1p0_lr0.001_wd0.0005_do0.2_ls0.1_mw100_ep5,0.5518518518518518,0.5469683305830836,0.43509081500457314,0.45675500345065567,0.5518518518518518,0.5518518518518518,0.5518518518518518,0.5469683305830836,0.5469683305830836,0.5469683305830836,0.45675500345065567,0.45675500345065567,0.45675500345065567,0.0940510142341041,0.0940510142341041,0.0940510142341041,0.45915763459513476,0.45915763459513476,0.45915763459513476,0.9185732302068608,0.9185732302068608,0.9185732302068608
0.0001,0.2,0.1,0.9,5,1,s1_005,main_effect_weight_decay-0p0001_lr0.001_wd0.0001_do0.2_ls0.1_mw90_ep5,0.5509259259259259,0.5574732066555007,0.4704606056689335,0.515222816399287,0.5509259259259259,0.5509259259259259,0.5509259259259259,0.5574732066555007,0.5574732066555007,0.5574732066555007,0.515222816399287,0.515222816399287,0.515222816399287,0.06481481481481483,0.06481481481481483,0.06481481481481483,0.44948128456435493,0.44948128456435493,0.44948128456435493,0.9507538501340834,0.9507538501340834,0.9507538501340834
0.0005,0.2,0.1,0.9,8,1,s1_038,main_effect_baseline-base_lr0.001_wd0.0005_do0.2_ls0.1_mw90_ep8,0.55,0.5533866771036421,0.5003246415758488,0.44071428571428567,0.55,0.55,0.55,0.5533866771036421,0.5533866771036421,0.5533866771036421,0.44071428571428567,0.44071428571428567,0.44071428571428567,0.040013500808022046,0.040013500808022046,0.040013500808022046,0.4763457950452302,0.4763457950452302,0.4763457950452302,0.9859341453167427,0.9859341453167427,0.9859341453167427
0.0005,0.2,0.3,0.9,10,1,s1_097,main_effect_label_smoothing-0p3_lr0.001_wd0.0005_do0.2_ls0.3_mw90_ep10,0.55,0.5423679739792272,0.4812215764205912,0.47077497665732954,0.55,0.55,0.55,0.5423679739792272,0.5423679739792272,0.5423679739792272,0.47077497665732954,0.47077497665732954,0.47077497665732954,0.05540101963574661,0.05540101963574661,0.05540101963574661,0.4550554153969834,0.4550554153969834,0.4550554153969834,0.49526658473913904,0.49526658473913904,0.49526658473913904
0.0005,0.2,0.1,0.5,10,1,s1_100,main_effect_max_windows_fraction-0p5_lr0.001_wd0.0005_do0.2_ls0.1_mw50_ep10,0.5499999999999999,0.5637587684646508,0.44934448008188377,0.4984313725490196,0.5499999999999999,0.5499999999999999,0.5499999999999999,0.5637587684646508,0.5637587684646508,0.5637587684646508,0.4984313725490196,0.4984313725490196,0.4984313725490196,0.0810780204782031,0.0810780204782031,0.0810780204782031,0.45449271821953524,0.45449271821953524,0.45449271821953524,0.9236750636688843,0.9236750636688843,0.9236750636688843
0.0005,0.2,0.1,0.7,12,1,s1_136,main_effect_max_windows_fraction-0p7_lr0.001_wd0.0005_do0.2_ls0.1_mw70_ep12,0.548148148148148,0.5540786695244899,0.4674164196331084,0.4586945304437565,0.548148148148148,0.548148148148148,0.548148148148148,0.5540786695244899,0.5540786695244899,0.5540786695244899,0.4586945304437565,0.4586945304437565,0.4586945304437565,0.06502940666451251,0.06502940666451251,0.06502940666451251,0.45807188918087033,0.45807188918087033,0.45807188918087033,0.9271023333862309,0.9271023333862309,0.9271023333862309
0.0005,0.2,0.03,0.9,10,1,s1_093,main_effect_label_smoothing-0p03_lr0.001_wd0.0005_do0.2_ls0.03_mw90_ep10,0.5462962962962963,0.5526162150555838,0.5169895649993036,0.4973013493253373,0.5462962962962963,0.5462962962962963,0.5462962962962963,0.5526162150555838,0.5526162150555838,0.5526162150555838,0.4973013493253373,0.4973013493253373,0.4973013493253373,0.023606571822188813,0.023606571822188813,0.023606571822188813,0.4599390651944765,0.4599390651944765,0.4599390651944765,1.2697775740485244,1.2697775740485244,1.2697775740485244
0.0005,0.2,0.3,0.9,8,1,s1_060,main_effect_label_smoothing-0p3_lr0.001_wd0.0005_do0.2_ls0.3_mw90_ep8,0.5462962962962963,0.5518609742747673,0.48426031288899163,0.44453781512605045,0.5462962962962963,0.5462962962962963,0.5462962962962963,0.5518609742747673,0.5518609742747673,0.5518609742747673,0.44453781512605045,0.44453781512605045,0.44453781512605045,0.04996998413176596,0.04996998413176596,0.04996998413176596,0.4580456356036623,0.4580456356036623,0.4580456356036623,0.4915971749757775,0.4915971749757775,0.4915971749757775
0.0005,0.6,0.1,0.9,15,1,s1_164,main_effect_dropout-0p6_lr0.001_wd0.0005_do0.6_ls0.1_mw90_ep15,0.5462962962962963,0.5423993162744453,0.4743948080955158,0.4826455026455026,0.5462962962962963,0.5462962962962963,0.5462962962962963,0.5423993162744453,0.5423993162744453,0.5423993162744453,0.4826455026455026,0.4826455026455026,0.4826455026455026,0.05791664816294817,0.05791664816294817,0.05791664816294817,0.4558696428309944,0.4558696428309944,0.4558696428309944,0.942579679206264,0.942579679206264,0.942579679206264
0.0005,0.2,0.1,1.0,12,1,s1_135,main_effect_max_windows_fraction-1p0_lr0.001_wd0.0005_do0.2_ls0.1_mw100_ep12,0.5453703703703703,0.5465300284286688,0.4989611250400893,0.47854931446262705,0.5453703703703703,0.5453703703703703,0.5453703703703703,0.5465300284286688,0.5465300284286688,0.5465300284286688,0.47854931446262705,0.47854931446262705,0.47854931446262705,0.03738264673738216,0.03738264673738216,0.03738264673738216,0.4453300410764599,0.4453300410764599,0.4453300410764599,0.928345494922012,0.928345494922012,0.928345494922012
0.0005,0.2,0.15,0.9,5,1,s1_021,main_effect_label_smoothing-0p15_lr0.001_wd0.0005_do0.2_ls0.15_mw90_ep5,0.5444444444444445,0.5532536730439095,0.49625428414103206,0.4760568086883876,0.5444444444444445,0.5444444444444445,0.5444444444444445,0.5532536730439095,0.5532536730439095,0.5532536730439095,0.4760568086883876,0.4760568086883876,0.4760568086883876,0.038817173733804784,0.038817173733804784,0.038817173733804784,0.44974424226223614,0.44974424226223614,0.44974424226223614,0.7850244264871415,0.7850244264871415,0.7850244264871415
0.0005,0.4,0.1,0.9,8,1,s1_051,main_effect_dropout-0p4_lr0.001_wd0.0005_do0.4_ls0.1_mw90_ep8,0.5444444444444444,0.5524585218702865,0.4874598492647689,0.4934640522875816,0.5444444444444444,0.5444444444444444,0.5444444444444444,0.5524585218702865,0.5524585218702865,0.5524585218702865,0.4934640522875816,0.4934640522875816,0.4934640522875816,0.045901090955353524,0.045901090955353524,0.045901090955353524,0.452754518865369,0.452754518865369,0.452754518865369,0.9442551871803037,0.9442551871803037,0.9442551871803037
0.0005,0.2,0.2,0.9,8,1,s1_059,main_effect_label_smoothing-0p2_lr0.001_wd0.0005_do0.2_ls0.2_mw90_ep8,0.5435185185185185,0.5450540431784207,0.5052640148522252,0.4993043478260869,0.5435185185185185,0.5435185185185185,0.5435185185185185,0.5450540431784207,0.5450540431784207,0.5450540431784207,0.4993043478260869,0.4993043478260869,0.4993043478260869,0.030814002393136523,0.030814002393136523,0.030814002393136523,0.47356261644959086,0.47356261644959086,0.47356261644959086,0.7135132156260348,0.7135132156260348,0.7135132156260348
0.005,0.4,0.15,0.9,8,1,s1_067,strong_combo_combined_regularization-wd0p005_do0p4_ls0p15_mw0p9_lr0.001_wd0.005_do0.4_ls0.15_mw90_ep8,0.5435185185185185,0.5513755803115968,0.48370560787344635,0.46362450243255193,0.5435185185185185,0.5435185185185185,0.5435185185185185,0.5513755803115968,0.5513755803115968,0.5513755803115968,0.46362450243255193,0.46362450243255193,0.46362450243255193,0.04817929903980626,0.04817929903980626,0.04817929903980626,0.47134216599432427,0.47134216599432427,0.47134216599432427,0.7808477814978656,0.7808477814978656,0.7808477814978656
0.02,0.2,0.1,0.9,8,1,s1_047,main_effect_weight_decay-0p02_lr0.001_wd0.02_do0.2_ls0.1_mw90_ep8,0.5425925925925926,0.5531898524592023,0.4735744386816615,0.48026315789473684,0.5425925925925926,0.5425925925925926,0.5425925925925926,0.5531898524592023,0.5531898524592023,0.5531898524592023,0.48026315789473684,0.48026315789473684,0.48026315789473684,0.05559412241584475,0.05559412241584475,0.05559412241584475,0.46700495331225567,0.46700495331225567,0.46700495331225567,0.9626944133511554,0.9626944133511554,0.9626944133511554
0.0005,0.4,0.1,0.9,5,1,s1_014,main_effect_dropout-0p4_lr0.001_wd0.0005_do0.4_ls0.1_mw90_ep5,0.5425925925925926,0.5445836077980469,0.43886612511746026,0.49914814021560644,0.5425925925925926,0.5425925925925926,0.5425925925925926,0.5445836077980469,0.5445836077980469,0.5445836077980469,0.49914814021560644,0.49914814021560644,0.49914814021560644,0.08355166871048882,0.08355166871048882,0.08355166871048882,0.4532101154797095,0.4532101154797095,0.4532101154797095,0.9520977159291026,0.9520977159291026,0.9520977159291026
1e-05,0.2,0.1,0.9,8,1,s1_040,main_effect_weight_decay-1em05_lr0.001_wd1e-05_do0.2_ls0.1_mw90_ep8,0.5425925925925925,0.5462003554913416,0.5020735753974759,0.43169172932330824,0.5425925925925925,0.5425925925925925,0.5425925925925925,0.5462003554913416,0.5462003554913416,0.5462003554913416,0.43169172932330824,0.43169172932330824,0.43169172932330824,0.03263806802224918,0.03263806802224918,0.03263806802224918,0.4634598182536383,0.4634598182536383,0.4634598182536383,0.9907202083179986,0.9907202083179986,0.9907202083179986
0.0005,0.2,0.1,0.5,8,1,s1_063,main_effect_max_windows_fraction-0p5_lr0.001_wd0.0005_do0.2_ls0.1_mw50_ep8,0.5425925925925925,0.5433825187213477,0.4890757778048963,0.4506757088800432,0.5425925925925925,0.5425925925925925,0.5425925925925925,0.5433825187213477,0.5433825187213477,0.5433825187213477,0.4506757088800432,0.4506757088800432,0.4506757088800432,0.04310779387772142,0.04310779387772142,0.04310779387772142,0.46918366558126434,0.46918366558126434,0.46918366558126434,0.9282681214596721,0.9282681214596721,0.9282681214596721
0.0,0.2,0.1,0.9,5,1,s1_002,main_effect_weight_decay-0p0_lr0.001_wd0_do0.2_ls0.1_mw90_ep5,0.5425925925925925,0.5485902527283153,0.46036082421115404,0.47257085020242917,0.5425925925925925,0.5425925925925925,0.5425925925925925,0.5485902527283153,0.5485902527283153,0.5485902527283153,0.47257085020242917,0.47257085020242917,0.47257085020242917,0.06623768876473858,0.06623768876473858,0.06623768876473858,0.44715552033297845,0.44715552033297845,0.44715552033297845,0.9723418154820216,0.9723418154820216,0.9723418154820216
0.0005,0.3,0.1,0.9,10,1,s1_087,main_effect_dropout-0p3_lr0.001_wd0.0005_do0.3_ls0.1_mw90_ep10,0.5416666666666667,0.5489491560306834,0.4612013464096743,0.49201139601139604,0.5416666666666667,0.5416666666666667,0.5416666666666667,0.5489491560306834,0.5489491560306834,0.5489491560306834,0.49201139601139604,0.49201139601139604,0.49201139601139604,0.06481481481481481,0.06481481481481481,0.06481481481481481,0.4533161574262917,0.4533161574262917,0.4533161574262917,0.9527417681861767,0.9527417681861767,0.9527417681861767
0.0005,0.1,0.1,0.9,8,1,s1_049,main_effect_dropout-0p1_lr0.001_wd0.0005_do0.1_ls0.1_mw90_ep8,0.5416666666666666,0.5464702675683069,0.4853526733468762,0.47712418300653586,0.5416666666666666,0.5416666666666666,0.5416666666666666,0.5464702675683069,0.5464702675683069,0.5464702675683069,0.47712418300653586,0.47712418300653586,0.47712418300653586,0.045360921162651474,0.045360921162651474,0.045360921162651474,0.4610529171122275,0.4610529171122275,0.4610529171122275,0.9912773593799422,0.9912773593799422,0.9912773593799422
0.01,0.6,0.3,0.7,12,1,s1_146,strong_combo_combined_regularization-wd0p01_do0p6_ls0p3_mw0p7_lr0.001_wd0.01_do0.6_ls0.3_mw70_ep12,0.5407407407407407,0.5486270185878028,0.47378764965425196,0.48347338935574224,0.5407407407407407,0.5407407407407407,0.5407407407407407,0.5486270185878028,0.5486270185878028,0.5486270185878028,0.48347338935574224,0.48347338935574224,0.48347338935574224,0.05393071432749429,0.05393071432749429,0.05393071432749429,0.4479910544150159,0.4479910544150159,0.4479910544150159,0.46050264428444454,0.46050264428444454,0.46050264428444454
0.005,0.2,0.1,0.9,5,1,s1_008,main_effect_weight_decay-0p005_lr0.001_wd0.005_do0.2_ls0.1_mw90_ep5,0.5407407407407407,0.5520090980472107,0.4436773476561597,0.49137426900584796,0.5407407407407407,0.5407407407407407,0.5407407407407407,0.5520090980472107,0.5520090980472107,0.5520090980472107,0.49137426900584796,0.49137426900584796,0.49137426900584796,0.07818456234290573,0.07818456234290573,0.07818456234290573,0.45242362912701906,0.45242362912701906,0.45242362912701906,0.9558029480968024,0.9558029480968024,0.9558029480968024
0.0005,0.2,0.03,0.9,5,1,s1_019,main_effect_label_smoothing-0p03_lr0.001_wd0.0005_do0.2_ls0.03_mw90_ep5,0.538888888888889,0.5415715376241692,0.43177812906671004,0.45171261487050957,0.538888888888889,0.538888888888889,0.538888888888889,0.5415715376241692,0.5415715376241692,0.5415715376241692,0.45171261487050957,0.45171261487050957,0.45171261487050957,0.08627771616860426,0.08627771616860426,0.08627771616860426,0.4507051400126601,0.4507051400126601,0.4507051400126601,1.3857126609366617,1.3857126609366617,1.3857126609366617
0.0005,0.2,0.05,0.9,10,1,s1_094,main_effect_label_smoothing-0p05_lr0.001_wd0.0005_do0.2_ls0.05_mw90_ep10,0.537962962962963,0.5449957159761081,0.5093982946759266,0.5013024013024012,0.537962962962963,0.537962962962963,0.537962962962963,0.5449957159761081,0.5449957159761081,0.5449957159761081,0.5013024013024012,0.5013024013024012,0.5013024013024012,0.02300884007368364,0.02300884007368364,0.02300884007368364,0.4528671172209172,0.4528671172209172,0.4528671172209172,1.1197250675379853,1.1197250675379853,1.1197250675379853
0.0,0.2,0.1,0.9,8,1,s1_039,main_effect_weight_decay-0p0_lr0.001_wd0_do0.2_ls0.1_mw90_ep8,0.5379629629629629,0.5396116254124154,0.49663671473176074,0.4667617573345127,0.5379629629629629,0.5379629629629629,0.5379629629629629,0.5396116254124154,0.5396116254124154,0.5396116254124154,0.4667617573345127,0.4667617573345127,0.4667617573345127,0.033288292615273204,0.033288292615273204,0.033288292615273204,0.4696077910162367,0.4696077910162367,0.4696077910162367,0.9990530686869125,0.9990530686869125,0.9990530686869125
0.005,0.2,0.1,0.9,8,1,s1_045,main_effect_weight_decay-0p005_lr0.001_wd0.005_do0.2_ls0.1_mw90_ep8,0.537037037037037,0.536570105340734,0.48809864319009666,0.42253098810374345,0.537037037037037,0.537037037037037,0.537037037037037,0.536570105340734,0.536570105340734,0.536570105340734,0.42253098810374345,0.42253098810374345,0.42253098810374345,0.03941987584705189,0.03941987584705189,0.03941987584705189,0.47761229630099516,0.47761229630099516,0.47761229630099516,0.9970201740477137,0.9970201740477137,0.9970201740477137
0.0005,0.2,0.1,0.3,10,1,s1_101,main_effect_max_windows_fraction-0p3_lr0.001_wd0.0005_do0.2_ls0.1_mw30_ep10,0.537037037037037,0.5374546599260558,0.4725212527687427,0.4778656126482213,0.537037037037037,0.537037037037037,0.537037037037037,0.5374546599260558,0.5374546599260558,0.5374546599260558,0.4778656126482213,0.4778656126482213,0.4778656126482213,0.05196746370519365,0.05196746370519365,0.05196746370519365,0.4686048434509667,0.4686048434509667,0.4686048434509667,1.0490513669102708,1.0490513669102708,1.0490513669102708
0.0005,0.7,0.1,0.9,12,1,s1_128,main_effect_dropout-0p7_lr0.001_wd0.0005_do0.7_ls0.1_mw90_ep12,0.5361111111111111,0.531158347328626,0.5084273749914715,0.47045487845487843,0.5361111111111111,0.5361111111111111,0.5361111111111111,0.531158347328626,0.531158347328626,0.531158347328626,0.47045487845487843,0.47045487845487843,0.47045487845487843,0.022299249219985738,0.022299249219985738,0.022299249219985738,0.4591422437729908,0.4591422437729908,0.4591422437729908,0.9549763872039401,0.9549763872039401,0.9549763872039401
0.0005,0.2,0.1,0.5,5,1,s1_026,main_effect_max_windows_fraction-0p5_lr0.001_wd0.0005_do0.2_ls0.1_mw50_ep5,0.5361111111111111,0.5280688252618078,0.486769372031874,0.4620996936786411,0.5361111111111111,0.5361111111111111,0.5361111111111111,0.5280688252618078,0.5280688252618078,0.5280688252618078,0.4620996936786411,0.4620996936786411,0.4620996936786411,0.03974477042839773,0.03974477042839773,0.03974477042839773,0.44753147295928547,0.44753147295928547,0.44753147295928547,0.965979199396975,0.965979199396975,0.965979199396975
0.002,0.4,0.15,0.9,8,1,s1_066,strong_combo_combined_regularization-wd0p002_do0p4_ls0p15_mw0p9_lr0.001_wd0.002_do0.4_ls0.15_mw90_ep8,0.5361111111111111,0.5355058452961268,0.47455624125710616,0.4341176470588235,0.5361111111111111,0.5361111111111111,0.5361111111111111,0.5355058452961268,0.5355058452961268,0.5355058452961268,0.4341176470588235,0.4341176470588235,0.4341176470588235,0.04958244716848257,0.04958244716848257,0.04958244716848257,0.47395719591861935,0.47395719591861935,0.47395719591861935,0.8143332393871141,0.8143332393871141,0.8143332393871141
5e-05,0.2,0.1,0.9,8,1,s1_041,main_effect_weight_decay-5em05_lr0.001_wd5e-05_do0.2_ls0.1_mw90_ep8,0.5351851851851852,0.5363608445483978,0.4909255270434835,0.4504201680672269,0.5351851851851852,0.5351851851851852,0.5351851851851852,0.5363608445483978,0.5363608445483978,0.5363608445483978,0.4504201680672269,0.4504201680672269,0.4504201680672269,0.035651154274404545,0.035651154274404545,0.035651154274404545,0.4819432504434003,0.4819432504434003,0.4819432504434003,1.0230622200901869,1.0230622200901869,1.0230622200901869
0.001,0.2,0.1,0.9,8,1,s1_043,main_effect_weight_decay-0p001_lr0.001_wd0.001_do0.2_ls0.1_mw90_ep8,0.5324074074074073,0.5367058592372994,0.4869692494311607,0.4776097105508869,0.5324074074074073,0.5324074074074073,0.5324074074074073,0.5367058592372994,0.5367058592372994,0.5367058592372994,0.4776097105508869,0.4776097105508869,0.4776097105508869,0.03660043588157845,0.03660043588157845,0.03660043588157845,0.4731168459704465,0.4731168459704465,0.4731168459704465,1.0053898729508461,1.0053898729508461,1.0053898729508461
0.0005,0.2,0.3,0.9,12,1,s1_134,main_effect_label_smoothing-0p3_lr0.001_wd0.0005_do0.2_ls0.3_mw90_ep12,0.5314814814814814,0.5233092193399098,0.48230740085193313,0.44745098039215686,0.5314814814814814,0.5314814814814814,0.5314814814814814,0.5233092193399098,0.5233092193399098,0.5233092193399098,0.44745098039215686,0.44745098039215686,0.44745098039215686,0.0396097215485323,0.0396097215485323,0.0396097215485323,0.4623588836808665,0.4623588836808665,0.4623588836808665,0.49581123838564717,0.49581123838564717,0.49581123838564717
0.0005,0.2,0.1,0.2,5,1,s1_028,main_effect_max_windows_fraction-0p2_lr0.001_wd0.0005_do0.2_ls0.1_mw20_ep5,0.5305555555555556,0.5357943386237908,0.4717170884390507,0.5072782290173594,0.5305555555555556,0.5305555555555556,0.5305555555555556,0.5357943386237908,0.5357943386237908,0.5357943386237908,0.5072782290173594,0.5072782290173594,0.5072782290173594,0.047394384785443416,0.047394384785443416,0.047394384785443416,0.47641764326019953,0.47641764326019953,0.47641764326019953,1.0036555057218668,1.0036555057218668,1.0036555057218668
0.0005,0.1,0.1,0.9,5,1,s1_012,main_effect_dropout-0p1_lr0.001_wd0.0005_do0.1_ls0.1_mw90_ep5,0.5296296296296296,0.5373954719061385,0.4566338263415772,0.5078389154704943,0.5296296296296296,0.5296296296296296,0.5296296296296296,0.5373954719061385,0.5373954719061385,0.5373954719061385,0.5078389154704943,0.5078389154704943,0.5078389154704943,0.058798118956876005,0.058798118956876005,0.058798118956876005,0.45341534349079166,0.45341534349079166,0.45341534349079166,0.9749467662471731,0.9749467662471731,0.9749467662471731
0.0005,0.7,0.1,0.9,5,1,s1_017,main_effect_dropout-0p7_lr0.001_wd0.0005_do0.7_ls0.1_mw90_ep5,0.5287037037037037,0.5347494190631445,0.47457314391138894,0.5061013061013061,0.5287037037037037,0.5287037037037037,0.5287037037037037,0.5347494190631445,0.5347494190631445,0.5347494190631445,0.5061013061013061,0.5061013061013061,0.5061013061013061,0.0436021654739671,0.0436021654739671,0.0436021654739671,0.45019985988138683,0.45019985988138683,0.45019985988138683,0.9142865407343406,0.9142865407343406,0.9142865407343406
0.0005,0.2,0.0,0.9,5,1,s1_018,main_effect_label_smoothing-0p0_lr0.001_wd0.0005_do0.2_ls0_mw90_ep5,0.5287037037037037,0.5315658416691723,0.4690567099126268,0.47602240896358533,0.5287037037037037,0.5287037037037037,0.5287037037037037,0.5315658416691723,0.5315658416691723,0.5315658416691723,0.47602240896358533,0.47602240896358533,0.47602240896358533,0.04804565301525784,0.04804565301525784,0.04804565301525784,0.4635497957469671,0.4635497957469671,0.4635497957469671,2.738921925806262,2.738921925806262,2.738921925806262
0.005,0.4,0.15,0.9,5,1,s1_030,strong_combo_combined_regularization-wd0p005_do0p4_ls0p15_mw0p9_lr0.001_wd0.005_do0.4_ls0.15_mw90_ep5,0.5287037037037037,0.5323786416923671,0.39818303980827413,0.4786531986531986,0.5287037037037037,0.5287037037037037,0.5287037037037037,0.5323786416923671,0.5323786416923671,0.5323786416923671,0.4786531986531986,0.4786531986531986,0.4786531986531986,0.1051343937098642,0.1051343937098642,0.1051343937098642,0.4517402161533902,0.4517402161533902,0.4517402161533902,0.77970556866892,0.77970556866892,0.77970556866892
0.01,0.5,0.2,0.9,5,1,s1_032,strong_combo_combined_regularization-wd0p01_do0p5_ls0p2_mw0p9_lr0.001_wd0.01_do0.5_ls0.2_mw90_ep5,0.525,0.5345066256061223,0.44739779834978766,0.4737530099759201,0.525,0.525,0.525,0.5345066256061223,0.5345066256061223,0.5345066256061223,0.4737530099759201,0.4737530099759201,0.4737530099759201,0.06250857280025983,0.06250857280025983,0.06250857280025983,0.4538285957936953,0.4538285957936953,0.4538285957936953,0.6519680444242623,0.6519680444242623,0.6519680444242623
0.0005,0.7,0.1,0.9,8,1,s1_054,main_effect_dropout-0p7_lr0.001_wd0.0005_do0.7_ls0.1_mw90_ep8,0.525,0.5220599344469312,0.4216564060583378,0.4715036075036075,0.525,0.525,0.525,0.5220599344469312,0.5220599344469312,0.5220599344469312,0.4715036075036075,0.4715036075036075,0.4715036075036075,0.08324326408238189,0.08324326408238189,0.08324326408238189,0.4572842693572373,0.4572842693572373,0.4572842693572373,0.9409552785557883,0.9409552785557883,0.9409552785557883
0.0005,0.2,0.03,0.9,12,1,s1_130,main_effect_label_smoothing-0p03_lr0.001_wd0.0005_do0.2_ls0.03_mw90_ep12,0.524074074074074,0.51884812298125,0.4532838154694758,0.43875598086124407,0.524074074074074,0.524074074074074,0.524074074074074,0.51884812298125,0.51884812298125,0.51884812298125,0.43875598086124407,0.43875598086124407,0.43875598086124407,0.05702155273223021,0.05702155273223021,0.05702155273223021,0.47177622568909394,0.47177622568909394,0.47177622568909394,1.4849901746146923,1.4849901746146923,1.4849901746146923
0.01,0.2,0.1,0.9,8,1,s1_046,main_effect_weight_decay-0p01_lr0.001_wd0.01_do0.2_ls0.1_mw90_ep8,0.5222222222222224,0.529593191122603,0.45514589692306884,0.4454901960784314,0.5222222222222224,0.5222222222222224,0.5222222222222224,0.529593191122603,0.529593191122603,0.529593191122603,0.4454901960784314,0.4454901960784314,0.4454901960784314,0.0540299794847969,0.0540299794847969,0.0540299794847969,0.47402742712563234,0.47402742712563234,0.47402742712563234,0.9932336881863769,0.9932336881863769,0.9932336881863769
0.005,0.4,0.15,0.9,12,1,s1_141,strong_combo_combined_regularization-wd0p005_do0p4_ls0p15_mw0p9_lr0.001_wd0.005_do0.4_ls0.15_mw90_ep12,0.5222222222222223,0.5155104565247249,0.469954513374378,0.4585395763656634,0.5222222222222223,0.5222222222222223,0.5222222222222223,0.5155104565247249,0.5155104565247249,0.5155104565247249,0.4585395763656634,0.4585395763656634,0.4585395763656634,0.04210163905329504,0.04210163905329504,0.04210163905329504,0.4793612326236243,0.4793612326236243,0.4793612326236243,0.8286951719240527,0.8286951719240527,0.8286951719240527
0.005,0.5,0.2,0.7,12,1,s1_145,strong_combo_combined_regularization-wd0p005_do0p5_ls0p2_mw0p7_lr0.001_wd0.005_do0.5_ls0.2_mw70_ep12,0.5212962962962963,0.5262282488753077,0.4513038320732745,0.48,0.5212962962962963,0.5212962962962963,0.5212962962962963,0.5262282488753077,0.5262282488753077,0.5262282488753077,0.48,0.48,0.48,0.05637892936433666,0.05637892936433666,0.05637892936433666,0.4587027392602998,0.4587027392602998,0.4587027392602998,0.6957748605565938,0.6957748605565938,0.6957748605565938
0.0005,0.5,0.1,0.9,10,1,s1_089,main_effect_dropout-0p5_lr0.001_wd0.0005_do0.5_ls0.1_mw90_ep10,0.5166666666666666,0.523849757082772,0.42217277590675295,0.43666666666666665,0.5166666666666666,0.5166666666666666,0.5166666666666666,0.523849757082772,0.523849757082772,0.523849757082772,0.43666666666666665,0.43666666666666665,0.43666666666666665,0.07611482824121263,0.07611482824121263,0.07611482824121263,0.4589419117310575,0.4589419117310575,0.4589419117310575,0.9195802052785398,0.9195802052785398,0.9195802052785398
0.0005,0.2,0.1,0.2,15,1,s1_176,main_effect_max_windows_fraction-0p2_lr0.001_wd0.0005_do0.2_ls0.1_mw20_ep15,0.5064814814814814,0.4996531952863895,0.46432427292593115,0.4324743083003952,0.5064814814814814,0.5064814814814814,0.5064814814814814,0.4996531952863895,0.4996531952863895,0.4996531952863895,0.4324743083003952,0.4324743083003952,0.4324743083003952,0.03395763114980049,0.03395763114980049,0.03395763114980049,0.4887579970964396,0.4887579970964396,0.4887579970964396,1.0118684346846334,1.0118684346846334,1.0118684346846334
0.0005,0.2,0.1,0.3,15,1,s1_175,main_effect_max_windows_fraction-0p3_lr0.001_wd0.0005_do0.2_ls0.1_mw30_ep15,0.5046296296296297,0.5091562624171319,0.46378580549645537,0.427632512415121,0.5046296296296297,0.5046296296296297,0.5046296296296297,0.5091562624171319,0.5091562624171319,0.5091562624171319,0.427632512415121,0.427632512415121,0.427632512415121,0.032899700008221955,0.032899700008221955,0.032899700008221955,0.47769315029870774,0.47769315029870774,0.47769315029870774,0.9984223047843791,0.9984223047843791,0.9984223047843791
0.0005,0.2,0.0,0.9,12,1,s1_129,main_effect_label_smoothing-0p0_lr0.001_wd0.0005_do0.2_ls0_mw90_ep12,0.5046296296296295,0.4968976043113974,0.4465824939651737,0.4615384615384615,0.5046296296296295,0.5046296296296295,0.5046296296296295,0.4968976043113974,0.4968976043113974,0.4968976043113974,0.4615384615384615,0.4615384615384615,0.4615384615384615,0.046756967307231875,0.046756967307231875,0.046756967307231875,0.4854901083078521,0.4854901083078521,0.4854901083078521,3.554662327261918,3.554662327261918,3.554662327261918
0.0005,0.2,0.1,0.2,8,1,s1_065,main_effect_max_windows_fraction-0p2_lr0.001_wd0.0005_do0.2_ls0.1_mw20_ep8,0.4925925925925926,0.4986582229685196,0.4360444444444444,0.477641898864809,0.4925925925925926,0.4925925925925926,0.4925925925925926,0.4986582229685196,0.4986582229685196,0.4986582229685196,0.477641898864809,0.477641898864809,0.477641898864809,0.04554953287499573,0.04554953287499573,0.04554953287499573,0.49491442261805396,0.49491442261805396,0.49491442261805396,1.01567168926469,1.01567168926469,1.01567168926469
