rank,repeat,seed,model,resolved_model,extra_input,cnn_epochs,cnn_patience,window_sec,hop_sec,overlap_pct,max_windows_fraction,cnn_lr,cnn_weight_decay,cnn_dropout,cnn_label_smoothing,n_train_subjects,n_val_subjects,n_test_subjects,n_train_windows,n_val_windows,n_test_windows,validation_window_balanced_accuracy,validation_window_macro_f1,validation_file_balanced_accuracy,validation_file_macro_f1,validation_subject_balanced_accuracy,validation_subject_macro_f1,window_balanced_accuracy,window_macro_f1,file_balanced_accuracy,file_macro_f1,subject_balanced_accuracy,subject_macro_f1,best_epoch,best_window_balanced_accuracy,duration_sec,report_path,learning_curve_csv,learning_curve_png,pre_frail_precision,pre_frail_recall,pre_frail_f1,pre_frail_support,robust_non_frail_precision,robust_non_frail_recall,robust_non_frail_f1,robust_non_frail_support,young_precision,young_recall,young_f1,young_support,worst_class_recall,worst_class_f1,overfit_stage,overfit_config_id,overfit_config_name,dynamic_data_mode,stage2_fixed_epoch,stage2_source_config_id,is_reference,overfit_grid_cnn_patience,overfit_grid_max_windows_fraction,train_role_mode,validation_role_mode,test_role_mode,n_static_train_files,n_all_role_train_files,n_dynamic_added_train_files,best_epoch_train_balanced_accuracy,best_epoch_val_balanced_accuracy,train_val_balanced_accuracy_gap,best_epoch_train_loss,best_epoch_val_loss,val_train_loss_gap
2,1,42,inceptiontime,inception_time,0,10,0,5.0,2.5,50.0,0.9,0.001,0.001,0.2,0.05,23,6,29,62628,15657,15657,0.5378358473109566,0.5440124839715897,0.6,0.6062354312354312,0.5277777777777778,0.5288461538461539,0.5378358473109566,0.5440124839715897,0.6,0.6062354312354312,0.5277777777777778,0.5288461538461539,10.0,0.5686724304830937,139.8012087708339,results_frailty3/_overfitting_sweep/20260608_0922_overfitting_sweep_stage2_rank2/reports/s2_001/rank02_r1_inceptiontime_extra-0_seq5_ov50_cv5_static_only_seed42_report.json,results_frailty3/_overfitting_sweep/20260608_0922_overfitting_sweep_stage2_rank2/learning_curves/s2_001/rank02_r1_inceptiontime_extra-0_seq5_ov50_cv5_static_only_seed42_learning_curve.csv,results_frailty3/_overfitting_sweep/20260608_0922_overfitting_sweep_stage2_rank2/learning_curves/s2_001/rank02_r1_inceptiontime_extra-0_seq5_ov50_cv5_static_only_seed42_learning_curve.png,0.42857142857142855,0.3333333333333333,0.375,9.0,0.42857142857142855,0.5,0.46153846153846156,12.0,0.75,0.75,0.75,8.0,0.3333333333333333,0.375,stage2,s2_001,from-s1_003_lr0.001_ep10_mw90_static_only,static_only,10,s1_003,False,0,0.9,static_only,static_only,static_only,116,116,0,0.9970374543759448,0.5686724304830937,0.42836502389285114,0.1948180045625838,1.3912406655103986,1.1964226609478148
2,2,10042,inceptiontime,inception_time,0,10,0,5.0,2.5,50.0,0.9,0.001,0.001,0.2,0.05,23,6,29,62628,15657,15657,0.5684702143984174,0.5704191667526063,0.6148148148148148,0.6163798997533915,0.625,0.6325396825396825,0.5684702143984174,0.5704191667526063,0.6148148148148148,0.6163798997533915,0.625,0.6325396825396825,10.0,0.5563156791981447,139.39219316001981,results_frailty3/_overfitting_sweep/20260608_0922_overfitting_sweep_stage2_rank2/reports/s2_001/rank02_r2_inceptiontime_extra-0_seq5_ov50_cv5_static_only_seed10042_report.json,results_frailty3/_overfitting_sweep/20260608_0922_overfitting_sweep_stage2_rank2/learning_curves/s2_001/rank02_r2_inceptiontime_extra-0_seq5_ov50_cv5_static_only_seed10042_learning_curve.csv,results_frailty3/_overfitting_sweep/20260608_0922_overfitting_sweep_stage2_rank2/learning_curves/s2_001/rank02_r2_inceptiontime_extra-0_seq5_ov50_cv5_static_only_seed10042_learning_curve.png,0.5454545454545454,0.6666666666666666,0.6,9.0,0.5833333333333334,0.5833333333333334,0.5833333333333334,12.0,0.8333333333333334,0.625,0.7142857142857143,8.0,0.5833333333333334,0.5833333333333334,stage2,s2_001,from-s1_003_lr0.001_ep10_mw90_static_only,static_only,10,s1_003,False,0,0.9,static_only,static_only,static_only,116,116,0,0.9968445630602165,0.5563156791981447,0.4405288838620718,0.19539560719363253,1.2411481398583928,1.0457525326647603
2,3,20042,inceptiontime,inception_time,0,10,0,5.0,2.5,50.0,0.9,0.001,0.001,0.2,0.05,23,6,29,62628,15657,15657,0.5266181491363047,0.5341835014425819,0.5546296296296297,0.5598036670252092,0.5648148148148148,0.5621769534813014,0.5266181491363047,0.5341835014425819,0.5546296296296297,0.5598036670252092,0.5648148148148148,0.5621769534813014,10.0,0.5353246148279233,138.94101087842137,results_frailty3/_overfitting_sweep/20260608_0922_overfitting_sweep_stage2_rank2/reports/s2_001/rank02_r3_inceptiontime_extra-0_seq5_ov50_cv5_static_only_seed20042_report.json,results_frailty3/_overfitting_sweep/20260608_0922_overfitting_sweep_stage2_rank2/learning_curves/s2_001/rank02_r3_inceptiontime_extra-0_seq5_ov50_cv5_static_only_seed20042_learning_curve.csv,results_frailty3/_overfitting_sweep/20260608_0922_overfitting_sweep_stage2_rank2/learning_curves/s2_001/rank02_r3_inceptiontime_extra-0_seq5_ov50_cv5_static_only_seed20042_learning_curve.png,0.5384615384615384,0.7777777777777778,0.6363636363636364,9.0,0.45454545454545453,0.4166666666666667,0.43478260869565216,12.0,0.8,0.5,0.6153846153846154,8.0,0.4166666666666667,0.43478260869565216,stage2,s2_001,from-s1_003_lr0.001_ep10_mw90_static_only,static_only,10,s1_003,False,0,0.9,static_only,static_only,static_only,116,116,0,0.9968357540596664,0.5353246148279233,0.46151113923174314,0.1963517752698259,1.2513946571650039,1.055042881895178
2,4,30042,inceptiontime,inception_time,0,10,0,5.0,2.5,50.0,0.9,0.001,0.001,0.2,0.05,23,6,29,62628,15657,15657,0.5683933615972943,0.5739601090178815,0.5675925925925925,0.5778787732276104,0.5925925925925926,0.6030165912518853,0.5683933615972943,0.5739601090178815,0.5675925925925925,0.5778787732276104,0.5925925925925926,0.6030165912518853,10.0,0.5682642503236623,140.9101840434596,results_frailty3/_overfitting_sweep/20260608_0922_overfitting_sweep_stage2_rank2/reports/s2_001/rank02_r4_inceptiontime_extra-0_seq5_ov50_cv5_static_only_seed30042_report.json,results_frailty3/_overfitting_sweep/20260608_0922_overfitting_sweep_stage2_rank2/learning_curves/s2_001/rank02_r4_inceptiontime_extra-0_seq5_ov50_cv5_static_only_seed30042_learning_curve.csv,results_frailty3/_overfitting_sweep/20260608_0922_overfitting_sweep_stage2_rank2/learning_curves/s2_001/rank02_r4_inceptiontime_extra-0_seq5_ov50_cv5_static_only_seed30042_learning_curve.png,0.5,0.4444444444444444,0.47058823529411764,9.0,0.5,0.5833333333333334,0.5384615384615384,12.0,0.8571428571428571,0.75,0.8,8.0,0.4444444444444444,0.47058823529411764,stage2,s2_001,from-s1_003_lr0.001_ep10_mw90_static_only,static_only,10,s1_003,False,0,0.9,static_only,static_only,static_only,116,116,0,0.99652583386979,0.5682642503236623,0.42826158354612764,0.1965857614918574,1.278855656108695,1.0822698946168376
2,5,40042,inceptiontime,inception_time,0,10,0,5.0,2.5,50.0,0.9,0.001,0.001,0.2,0.05,23,6,29,62628,15657,15657,0.5207012251386002,0.5349820375948279,0.525,0.5435179294654802,0.5370370370370371,0.5557029177718833,0.5207012251386002,0.5349820375948279,0.525,0.5435179294654802,0.5370370370370371,0.5557029177718833,10.0,0.5091599129174605,141.64460519049317,results_frailty3/_overfitting_sweep/20260608_0922_overfitting_sweep_stage2_rank2/reports/s2_001/rank02_r5_inceptiontime_extra-0_seq5_ov50_cv5_static_only_seed40042_report.json,results_frailty3/_overfitting_sweep/20260608_0922_overfitting_sweep_stage2_rank2/learning_curves/s2_001/rank02_r5_inceptiontime_extra-0_seq5_ov50_cv5_static_only_seed40042_learning_curve.csv,results_frailty3/_overfitting_sweep/20260608_0922_overfitting_sweep_stage2_rank2/learning_curves/s2_001/rank02_r5_inceptiontime_extra-0_seq5_ov50_cv5_static_only_seed40042_learning_curve.png,0.5714285714285714,0.4444444444444444,0.5,9.0,0.47058823529411764,0.6666666666666666,0.5517241379310345,12.0,0.8,0.5,0.6153846153846154,8.0,0.4444444444444444,0.5,stage2,s2_001,from-s1_003_lr0.001_ep10_mw90_static_only,static_only,10,s1_003,False,0,0.9,static_only,static_only,static_only,116,116,0,0.996761070939632,0.5091599129174605,0.4876011580221714,0.19580853830423997,1.4056316204021269,1.2098230820978868
2,1,42,inceptiontime,inception_time,0,10,0,5.0,2.5,50.0,0.9,0.001,0.001,0.2,0.05,23,6,29,65304,15657,15657,0.5400632919920573,0.5356674183920059,0.5740740740740741,0.5667789001122334,0.5740740740740741,0.5769119769119769,0.5400632919920573,0.5356674183920059,0.5740740740740741,0.5667789001122334,0.5740740740740741,0.5769119769119769,10.0,0.5798859369858782,147.85820597130805,results_frailty3/_overfitting_sweep/20260608_0922_overfitting_sweep_stage2_rank2/reports/s2_002/rank02_r1_inceptiontime_extra-0_seq5_ov50_cv5_train_all_roles_seed42_report.json,results_frailty3/_overfitting_sweep/20260608_0922_overfitting_sweep_stage2_rank2/learning_curves/s2_002/rank02_r1_inceptiontime_extra-0_seq5_ov50_cv5_train_all_roles_seed42_learning_curve.csv,results_frailty3/_overfitting_sweep/20260608_0922_overfitting_sweep_stage2_rank2/learning_curves/s2_002/rank02_r1_inceptiontime_extra-0_seq5_ov50_cv5_train_all_roles_seed42_learning_curve.png,0.4166666666666667,0.5555555555555556,0.47619047619047616,9.0,0.5,0.4166666666666667,0.45454545454545453,12.0,0.8571428571428571,0.75,0.8,8.0,0.4166666666666667,0.45454545454545453,stage2,s2_002,from-s1_003_lr0.001_ep10_mw90_train_all_roles,train_all_roles,10,s1_003,False,0,0.9,all_roles,static_only,static_only,116,209,93,0.994820287496718,0.5798859369858782,0.4149343505108398,0.20207367068889998,1.6806928749878913,1.4786192042989914
2,2,10042,inceptiontime,inception_time,0,10,0,5.0,2.5,50.0,0.9,0.001,0.001,0.2,0.05,23,6,29,65304,15657,15657,0.5366971967538493,0.5388931037718009,0.5851851851851851,0.5882381790883734,0.5879629629629629,0.5879629629629629,0.5366971967538493,0.5388931037718009,0.5851851851851851,0.5882381790883734,0.5879629629629629,0.5879629629629629,10.0,0.5456646368775824,133.64983765129,results_frailty3/_overfitting_sweep/20260608_0922_overfitting_sweep_stage2_rank2/reports/s2_002/rank02_r2_inceptiontime_extra-0_seq5_ov50_cv5_train_all_roles_seed10042_report.json,results_frailty3/_overfitting_sweep/20260608_0922_overfitting_sweep_stage2_rank2/learning_curves/s2_002/rank02_r2_inceptiontime_extra-0_seq5_ov50_cv5_train_all_roles_seed10042_learning_curve.csv,results_frailty3/_overfitting_sweep/20260608_0922_overfitting_sweep_stage2_rank2/learning_curves/s2_002/rank02_r2_inceptiontime_extra-0_seq5_ov50_cv5_train_all_roles_seed10042_learning_curve.png,0.5555555555555556,0.5555555555555556,0.5555555555555556,9.0,0.5833333333333334,0.5833333333333334,0.5833333333333334,12.0,0.625,0.625,0.625,8.0,0.5555555555555556,0.5555555555555556,stage2,s2_002,from-s1_003_lr0.001_ep10_mw90_train_all_roles,train_all_roles,10,s1_003,False,0,0.9,all_roles,static_only,static_only,116,209,93,0.9940937144854856,0.5456646368775824,0.4484290776079032,0.20454984618211966,1.3295400915302185,1.1249902453480989
2,3,20042,inceptiontime,inception_time,0,10,0,5.0,2.5,50.0,0.9,0.001,0.001,0.2,0.05,23,6,29,65304,15657,15657,0.5270340645703339,0.530380907696959,0.5444444444444444,0.5477124183006535,0.5555555555555555,0.5571428571428572,0.5270340645703339,0.530380907696959,0.5444444444444444,0.5477124183006535,0.5555555555555555,0.5571428571428572,10.0,0.542888189033407,133.32236758060753,results_frailty3/_overfitting_sweep/20260608_0922_overfitting_sweep_stage2_rank2/reports/s2_002/rank02_r3_inceptiontime_extra-0_seq5_ov50_cv5_train_all_roles_seed20042_report.json,results_frailty3/_overfitting_sweep/20260608_0922_overfitting_sweep_stage2_rank2/learning_curves/s2_002/rank02_r3_inceptiontime_extra-0_seq5_ov50_cv5_train_all_roles_seed20042_learning_curve.csv,results_frailty3/_overfitting_sweep/20260608_0922_overfitting_sweep_stage2_rank2/learning_curves/s2_002/rank02_r3_inceptiontime_extra-0_seq5_ov50_cv5_train_all_roles_seed20042_learning_curve.png,0.5454545454545454,0.6666666666666666,0.6,9.0,0.5,0.5,0.5,12.0,0.6666666666666666,0.5,0.5714285714285714,8.0,0.5,0.5,stage2,s2_002,from-s1_003_lr0.001_ep10_mw90_train_all_roles,train_all_roles,10,s1_003,False,0,0.9,all_roles,static_only,static_only,116,209,93,0.9949640343878571,0.542888189033407,0.4520758453544501,0.20184952340966184,1.3506599361053784,1.1488104126957166
2,4,30042,inceptiontime,inception_time,0,10,0,5.0,2.5,50.0,0.9,0.001,0.001,0.2,0.05,23,6,29,65304,15657,15657,0.55756033153035,0.568651144544846,0.5990740740740741,0.6144209820680407,0.5601851851851852,0.5667021150892119,0.55756033153035,0.568651144544846,0.5990740740740741,0.6144209820680407,0.5601851851851852,0.5667021150892119,10.0,0.5476333985019523,136.08244692813605,results_frailty3/_overfitting_sweep/20260608_0922_overfitting_sweep_stage2_rank2/reports/s2_002/rank02_r4_inceptiontime_extra-0_seq5_ov50_cv5_train_all_roles_seed30042_report.json,results_frailty3/_overfitting_sweep/20260608_0922_overfitting_sweep_stage2_rank2/learning_curves/s2_002/rank02_r4_inceptiontime_extra-0_seq5_ov50_cv5_train_all_roles_seed30042_learning_curve.csv,results_frailty3/_overfitting_sweep/20260608_0922_overfitting_sweep_stage2_rank2/learning_curves/s2_002/rank02_r4_inceptiontime_extra-0_seq5_ov50_cv5_train_all_roles_seed30042_learning_curve.png,0.4,0.2222222222222222,0.2857142857142857,9.0,0.5263157894736842,0.8333333333333334,0.6451612903225806,12.0,1.0,0.625,0.7692307692307693,8.0,0.2222222222222222,0.2857142857142857,stage2,s2_002,from-s1_003_lr0.001_ep10_mw90_train_all_roles,train_all_roles,10,s1_003,False,0,0.9,all_roles,static_only,static_only,116,209,93,0.9947106410148698,0.5476333985019523,0.4470772425129176,0.20308831466124477,1.2562692281991075,1.0531809135378627
2,5,40042,inceptiontime,inception_time,0,10,0,5.0,2.5,50.0,0.9,0.001,0.001,0.2,0.05,23,6,29,65304,15657,15657,0.5332538857075545,0.5435886987544251,0.537962962962963,0.5515185712392653,0.6018518518518519,0.6251972053189091,0.5332538857075545,0.5435886987544251,0.537962962962963,0.5515185712392653,0.6018518518518519,0.6251972053189091,10.0,0.5401970826128923,135.71808640751988,results_frailty3/_overfitting_sweep/20260608_0922_overfitting_sweep_stage2_rank2/reports/s2_002/rank02_r5_inceptiontime_extra-0_seq5_ov50_cv5_train_all_roles_seed40042_report.json,results_frailty3/_overfitting_sweep/20260608_0922_overfitting_sweep_stage2_rank2/learning_curves/s2_002/rank02_r5_inceptiontime_extra-0_seq5_ov50_cv5_train_all_roles_seed40042_learning_curve.csv,results_frailty3/_overfitting_sweep/20260608_0922_overfitting_sweep_stage2_rank2/learning_curves/s2_002/rank02_r5_inceptiontime_extra-0_seq5_ov50_cv5_train_all_roles_seed40042_learning_curve.png,0.625,0.5555555555555556,0.5882352941176471,9.0,0.5294117647058824,0.75,0.6206896551724138,12.0,1.0,0.5,0.6666666666666666,8.0,0.5,0.5882352941176471,stage2,s2_002,from-s1_003_lr0.001_ep10_mw90_train_all_roles,train_all_roles,10,s1_003,False,0,0.9,all_roles,static_only,static_only,116,209,93,0.9954371887452798,0.5401970826128923,0.4552401061323874,0.2010277311803658,1.4704902695152786,1.2694625383349127
2,1,42,inceptiontime,inception_time,0,10,0,5.0,2.5,50.0,0.9,0.0005,0.001,0.2,0.05,23,6,29,62628,15657,15657,0.5540324395875671,0.5583748192435644,0.5925925925925926,0.604515626737849,0.6203703703703703,0.6308641975308642,0.5540324395875671,0.5583748192435644,0.5925925925925926,0.604515626737849,0.6203703703703703,0.6308641975308642,10.0,0.5759243085279658,129.11629783269018,results_frailty3/_overfitting_sweep/20260608_0922_overfitting_sweep_stage2_rank2/reports/s2_003/rank02_r1_inceptiontime_extra-0_seq5_ov50_cv5_static_only_seed42_report.json,results_frailty3/_overfitting_sweep/20260608_0922_overfitting_sweep_stage2_rank2/learning_curves/s2_003/rank02_r1_inceptiontime_extra-0_seq5_ov50_cv5_static_only_seed42_learning_curve.csv,results_frailty3/_overfitting_sweep/20260608_0922_overfitting_sweep_stage2_rank2/learning_curves/s2_003/rank02_r1_inceptiontime_extra-0_seq5_ov50_cv5_static_only_seed42_learning_curve.png,0.5714285714285714,0.4444444444444444,0.5,9.0,0.5333333333333333,0.6666666666666666,0.5925925925925926,12.0,0.8571428571428571,0.75,0.8,8.0,0.4444444444444444,0.5,stage2,s2_003,from-s1_003_lr0.0005_ep10_mw90_static_only,static_only,10,s1_003,False,0,0.9,static_only,static_only,static_only,116,116,0,0.9977810436903886,0.5759243085279658,0.4218567351624227,0.1922806180090229,1.3591441992830888,1.166863581274066
2,2,10042,inceptiontime,inception_time,0,10,0,5.0,2.5,50.0,0.9,0.0005,0.001,0.2,0.05,23,6,29,62628,15657,15657,0.5138281336560282,0.5112119672935431,0.513888888888889,0.5094980520944009,0.4953703703703704,0.4869754665151085,0.5138281336560282,0.5112119672935431,0.513888888888889,0.5094980520944009,0.4953703703703704,0.4869754665151085,10.0,0.5128435593821383,130.2646345710382,results_frailty3/_overfitting_sweep/20260608_0922_overfitting_sweep_stage2_rank2/reports/s2_003/rank02_r2_inceptiontime_extra-0_seq5_ov50_cv5_static_only_seed10042_report.json,results_frailty3/_overfitting_sweep/20260608_0922_overfitting_sweep_stage2_rank2/learning_curves/s2_003/rank02_r2_inceptiontime_extra-0_seq5_ov50_cv5_static_only_seed10042_learning_curve.csv,results_frailty3/_overfitting_sweep/20260608_0922_overfitting_sweep_stage2_rank2/learning_curves/s2_003/rank02_r2_inceptiontime_extra-0_seq5_ov50_cv5_static_only_seed10042_learning_curve.png,0.5,0.4444444444444444,0.47058823529411764,9.0,0.45454545454545453,0.4166666666666667,0.43478260869565216,12.0,0.5,0.625,0.5555555555555556,8.0,0.4166666666666667,0.43478260869565216,stage2,s2_003,from-s1_003_lr0.0005_ep10_mw90_static_only,static_only,10,s1_003,False,0,0.9,static_only,static_only,static_only,116,116,0,0.9973736368591448,0.5128435593821383,0.4845300774770065,0.19388456099099236,1.3554187271945086,1.1615341662035163
2,3,20042,inceptiontime,inception_time,0,10,0,5.0,2.5,50.0,0.9,0.0005,0.001,0.2,0.05,23,6,29,62628,15657,15657,0.5598790750654895,0.5709377159366991,0.5842592592592593,0.597340930674264,0.5740740740740741,0.5978835978835978,0.5598790750654895,0.5709377159366991,0.5842592592592593,0.597340930674264,0.5740740740740741,0.5978835978835978,10.0,0.5556629320546616,128.7360173854977,results_frailty3/_overfitting_sweep/20260608_0922_overfitting_sweep_stage2_rank2/reports/s2_003/rank02_r3_inceptiontime_extra-0_seq5_ov50_cv5_static_only_seed20042_report.json,results_frailty3/_overfitting_sweep/20260608_0922_overfitting_sweep_stage2_rank2/learning_curves/s2_003/rank02_r3_inceptiontime_extra-0_seq5_ov50_cv5_static_only_seed20042_learning_curve.csv,results_frailty3/_overfitting_sweep/20260608_0922_overfitting_sweep_stage2_rank2/learning_curves/s2_003/rank02_r3_inceptiontime_extra-0_seq5_ov50_cv5_static_only_seed20042_learning_curve.png,0.5555555555555556,0.5555555555555556,0.5555555555555556,9.0,0.5,0.6666666666666666,0.5714285714285714,12.0,1.0,0.5,0.6666666666666666,8.0,0.5,0.5555555555555556,stage2,s2_003,from-s1_003_lr0.0005_ep10_mw90_static_only,static_only,10,s1_003,False,0,0.9,static_only,static_only,static_only,116,116,0,0.9973950755318276,0.5556629320546616,0.44173214347716605,0.19498869074370484,1.1791902645782488,0.984201573834544
2,4,30042,inceptiontime,inception_time,0,10,0,5.0,2.5,50.0,0.9,0.0005,0.001,0.2,0.05,23,6,29,62628,15657,15657,0.48604742456277333,0.48935722416164357,0.5074074074074074,0.5113685113685115,0.5555555555555555,0.5549707602339181,0.48604742456277333,0.48935722416164357,0.5074074074074074,0.5113685113685115,0.5555555555555555,0.5549707602339181,10.0,0.5088677655749045,131.4605941362679,results_frailty3/_overfitting_sweep/20260608_0922_overfitting_sweep_stage2_rank2/reports/s2_003/rank02_r4_inceptiontime_extra-0_seq5_ov50_cv5_static_only_seed30042_report.json,results_frailty3/_overfitting_sweep/20260608_0922_overfitting_sweep_stage2_rank2/learning_curves/s2_003/rank02_r4_inceptiontime_extra-0_seq5_ov50_cv5_static_only_seed30042_learning_curve.csv,results_frailty3/_overfitting_sweep/20260608_0922_overfitting_sweep_stage2_rank2/learning_curves/s2_003/rank02_r4_inceptiontime_extra-0_seq5_ov50_cv5_static_only_seed30042_learning_curve.png,0.6,0.6666666666666666,0.631578947368421,9.0,0.5,0.5,0.5,12.0,0.5714285714285714,0.5,0.5333333333333333,8.0,0.5,0.5,stage2,s2_003,from-s1_003_lr0.0005_ep10_mw90_static_only,static_only,10,s1_003,False,0,0.9,static_only,static_only,static_only,116,116,0,0.9968619304954833,0.5088677655749045,0.4879941649205788,0.1954219454246723,1.4181132349033043,1.222691289478632
2,5,40042,inceptiontime,inception_time,0,10,0,5.0,2.5,50.0,0.9,0.0005,0.001,0.2,0.05,23,6,29,62628,15657,15657,0.5371562694106476,0.5507160176060508,0.5509259259259259,0.5683869630022417,0.5787037037037037,0.5952380952380952,0.5371562694106476,0.5507160176060508,0.5509259259259259,0.5683869630022417,0.5787037037037037,0.5952380952380952,10.0,0.511000125146366,135.2500665942207,results_frailty3/_overfitting_sweep/20260608_0922_overfitting_sweep_stage2_rank2/reports/s2_003/rank02_r5_inceptiontime_extra-0_seq5_ov50_cv5_static_only_seed40042_report.json,results_frailty3/_overfitting_sweep/20260608_0922_overfitting_sweep_stage2_rank2/learning_curves/s2_003/rank02_r5_inceptiontime_extra-0_seq5_ov50_cv5_static_only_seed40042_learning_curve.csv,results_frailty3/_overfitting_sweep/20260608_0922_overfitting_sweep_stage2_rank2/learning_curves/s2_003/rank02_r5_inceptiontime_extra-0_seq5_ov50_cv5_static_only_seed40042_learning_curve.png,0.5714285714285714,0.4444444444444444,0.5,9.0,0.5,0.6666666666666666,0.5714285714285714,12.0,0.8333333333333334,0.625,0.7142857142857143,8.0,0.4444444444444444,0.5,stage2,s2_003,from-s1_003_lr0.0005_ep10_mw90_static_only,static_only,10,s1_003,False,0,0.9,static_only,static_only,static_only,116,116,0,0.9970488809086208,0.511000125146366,0.4860487557622548,0.1944439960796135,1.4093274609841322,1.2148834649045188
2,1,42,inceptiontime,inception_time,0,10,0,5.0,2.5,50.0,0.9,0.0005,0.001,0.2,0.05,23,6,29,65304,15657,15657,0.5245358020566885,0.5256803033922997,0.5416666666666666,0.5344186760162778,0.5740740740740741,0.5681818181818182,0.5245358020566885,0.5256803033922997,0.5416666666666666,0.5344186760162778,0.5740740740740741,0.5681818181818182,10.0,0.5511816442654395,138.49266433063895,results_frailty3/_overfitting_sweep/20260608_0922_overfitting_sweep_stage2_rank2/reports/s2_004/rank02_r1_inceptiontime_extra-0_seq5_ov50_cv5_train_all_roles_seed42_report.json,results_frailty3/_overfitting_sweep/20260608_0922_overfitting_sweep_stage2_rank2/learning_curves/s2_004/rank02_r1_inceptiontime_extra-0_seq5_ov50_cv5_train_all_roles_seed42_learning_curve.csv,results_frailty3/_overfitting_sweep/20260608_0922_overfitting_sweep_stage2_rank2/learning_curves/s2_004/rank02_r1_inceptiontime_extra-0_seq5_ov50_cv5_train_all_roles_seed42_learning_curve.png,0.45454545454545453,0.5555555555555556,0.5,9.0,0.5,0.4166666666666667,0.45454545454545453,12.0,0.75,0.75,0.75,8.0,0.4166666666666667,0.45454545454545453,stage2,s2_004,from-s1_003_lr0.0005_ep10_mw90_train_all_roles,train_all_roles,10,s1_003,False,0,0.9,all_roles,static_only,static_only,116,209,93,0.9962987019534868,0.5511816442654395,0.4451170576880473,0.19883427805475323,1.5336232018183622,1.334788923763609
2,2,10042,inceptiontime,inception_time,0,10,0,5.0,2.5,50.0,0.9,0.0005,0.001,0.2,0.05,23,6,29,65304,15657,15657,0.49881731133627144,0.49405206594269063,0.5305555555555556,0.5260648518108257,0.4953703703703704,0.4870327993897788,0.49881731133627144,0.49405206594269063,0.5305555555555556,0.5260648518108257,0.4953703703703704,0.4870327993897788,10.0,0.5043532384535598,143.9653421221301,results_frailty3/_overfitting_sweep/20260608_0922_overfitting_sweep_stage2_rank2/reports/s2_004/rank02_r2_inceptiontime_extra-0_seq5_ov50_cv5_train_all_roles_seed10042_report.json,results_frailty3/_overfitting_sweep/20260608_0922_overfitting_sweep_stage2_rank2/learning_curves/s2_004/rank02_r2_inceptiontime_extra-0_seq5_ov50_cv5_train_all_roles_seed10042_learning_curve.csv,results_frailty3/_overfitting_sweep/20260608_0922_overfitting_sweep_stage2_rank2/learning_curves/s2_004/rank02_r2_inceptiontime_extra-0_seq5_ov50_cv5_train_all_roles_seed10042_learning_curve.png,0.5714285714285714,0.4444444444444444,0.5,9.0,0.45454545454545453,0.4166666666666667,0.43478260869565216,12.0,0.45454545454545453,0.625,0.5263157894736842,8.0,0.4166666666666667,0.43478260869565216,stage2,s2_004,from-s1_003_lr0.0005_ep10_mw90_train_all_roles,train_all_roles,10,s1_003,False,0,0.9,all_roles,static_only,static_only,116,209,93,0.9953215249206089,0.5043532384535598,0.49096828646704904,0.20133047823848443,1.4527013403306215,1.251370862092137
2,3,20042,inceptiontime,inception_time,0,10,0,5.0,2.5,50.0,0.9,0.0005,0.001,0.2,0.05,23,6,29,65304,15657,15657,0.551212605153685,0.5559022101265035,0.5953703703703704,0.6015239229700219,0.625,0.6311111111111111,0.551212605153685,0.5559022101265035,0.5953703703703704,0.6015239229700219,0.625,0.6311111111111111,10.0,0.566326711154141,154.64937861729413,results_frailty3/_overfitting_sweep/20260608_0922_overfitting_sweep_stage2_rank2/reports/s2_004/rank02_r3_inceptiontime_extra-0_seq5_ov50_cv5_train_all_roles_seed20042_report.json,results_frailty3/_overfitting_sweep/20260608_0922_overfitting_sweep_stage2_rank2/learning_curves/s2_004/rank02_r3_inceptiontime_extra-0_seq5_ov50_cv5_train_all_roles_seed20042_learning_curve.csv,results_frailty3/_overfitting_sweep/20260608_0922_overfitting_sweep_stage2_rank2/learning_curves/s2_004/rank02_r3_inceptiontime_extra-0_seq5_ov50_cv5_train_all_roles_seed20042_learning_curve.png,0.6666666666666666,0.6666666666666666,0.6666666666666666,9.0,0.5384615384615384,0.5833333333333334,0.56,12.0,0.7142857142857143,0.625,0.6666666666666666,8.0,0.5833333333333334,0.56,stage2,s2_004,from-s1_003_lr0.0005_ep10_mw90_train_all_roles,train_all_roles,10,s1_003,False,0,0.9,all_roles,static_only,static_only,116,209,93,0.9961391917343343,0.566326711154141,0.4298124805801933,0.19997458275568686,1.266670910040309,1.0666963272846222
2,4,30042,inceptiontime,inception_time,0,10,0,5.0,2.5,50.0,0.9,0.0005,0.001,0.2,0.05,23,6,29,65304,15657,15657,0.5642104699478993,0.5762671466605368,0.5981481481481481,0.6115257048092869,0.6666666666666666,0.6761195793453858,0.5642104699478993,0.5762671466605368,0.5981481481481481,0.6115257048092869,0.6666666666666666,0.6761195793453858,10.0,0.5545059900208209,148.21464979927987,results_frailty3/_overfitting_sweep/20260608_0922_overfitting_sweep_stage2_rank2/reports/s2_004/rank02_r4_inceptiontime_extra-0_seq5_ov50_cv5_train_all_roles_seed30042_report.json,results_frailty3/_overfitting_sweep/20260608_0922_overfitting_sweep_stage2_rank2/learning_curves/s2_004/rank02_r4_inceptiontime_extra-0_seq5_ov50_cv5_train_all_roles_seed30042_learning_curve.csv,results_frailty3/_overfitting_sweep/20260608_0922_overfitting_sweep_stage2_rank2/learning_curves/s2_004/rank02_r4_inceptiontime_extra-0_seq5_ov50_cv5_train_all_roles_seed30042_learning_curve.png,0.75,0.3333333333333333,0.46153846153846156,9.0,0.5789473684210527,0.9166666666666666,0.7096774193548387,12.0,1.0,0.75,0.8571428571428571,8.0,0.3333333333333333,0.46153846153846156,stage2,s2_004,from-s1_003_lr0.0005_ep10_mw90_train_all_roles,train_all_roles,10,s1_003,False,0,0.9,all_roles,static_only,static_only,116,209,93,0.9957417022868043,0.5545059900208209,0.44123571226598335,0.2005964253021597,1.2615198538952914,1.0609234285931317
2,5,40042,inceptiontime,inception_time,0,10,0,5.0,2.5,50.0,0.9,0.0005,0.001,0.2,0.05,23,6,29,65304,15657,15657,0.5466965839119907,0.5601968044162579,0.5518518518518518,0.5705141903006029,0.5509259259259259,0.5677974893661167,0.5466965839119907,0.5601968044162579,0.5518518518518518,0.5705141903006029,0.5509259259259259,0.5677974893661167,10.0,0.5368299096807142,152.39514456968755,results_frailty3/_overfitting_sweep/20260608_0922_overfitting_sweep_stage2_rank2/reports/s2_004/rank02_r5_inceptiontime_extra-0_seq5_ov50_cv5_train_all_roles_seed40042_report.json,results_frailty3/_overfitting_sweep/20260608_0922_overfitting_sweep_stage2_rank2/learning_curves/s2_004/rank02_r5_inceptiontime_extra-0_seq5_ov50_cv5_train_all_roles_seed40042_learning_curve.csv,results_frailty3/_overfitting_sweep/20260608_0922_overfitting_sweep_stage2_rank2/learning_curves/s2_004/rank02_r5_inceptiontime_extra-0_seq5_ov50_cv5_train_all_roles_seed40042_learning_curve.png,0.5,0.4444444444444444,0.47058823529411764,9.0,0.4666666666666667,0.5833333333333334,0.5185185185185185,12.0,0.8333333333333334,0.625,0.7142857142857143,8.0,0.4444444444444444,0.47058823529411764,stage2,s2_004,from-s1_003_lr0.0005_ep10_mw90_train_all_roles,train_all_roles,10,s1_003,False,0,0.9,all_roles,static_only,static_only,116,209,93,0.9958542239475558,0.5368299096807142,0.45902431426684165,0.19951283267262443,1.448698626919077,1.2491857942464524
2,1,42,inceptiontime,inception_time,0,10,0,5.0,2.5,50.0,0.9,0.001,0.0005,0.2,0.1,23,6,29,62628,15657,15657,0.5396003772539008,0.5445881456360014,0.5462962962962963,0.5506838840172174,0.5277777777777778,0.5288461538461539,0.5396003772539008,0.5445881456360014,0.5462962962962963,0.5506838840172174,0.5277777777777778,0.5288461538461539,10.0,0.566783907403383,143.2946112388745,results_frailty3/_overfitting_sweep/20260608_0922_overfitting_sweep_stage2_rank2/reports/s2_005/rank02_r1_inceptiontime_extra-0_seq5_ov50_cv5_static_only_seed42_report.json,results_frailty3/_overfitting_sweep/20260608_0922_overfitting_sweep_stage2_rank2/learning_curves/s2_005/rank02_r1_inceptiontime_extra-0_seq5_ov50_cv5_static_only_seed42_learning_curve.csv,results_frailty3/_overfitting_sweep/20260608_0922_overfitting_sweep_stage2_rank2/learning_curves/s2_005/rank02_r1_inceptiontime_extra-0_seq5_ov50_cv5_static_only_seed42_learning_curve.png,0.42857142857142855,0.3333333333333333,0.375,9.0,0.42857142857142855,0.5,0.46153846153846156,12.0,0.75,0.75,0.75,8.0,0.3333333333333333,0.375,stage2,s2_005,from-s1_005_lr0.001_ep10_mw90_static_only,static_only,10,s1_005,False,0,0.9,static_only,static_only,static_only,116,116,0,0.9973419937900975,0.566783907403383,0.43055808638671444,0.31722657107014085,1.253476136272791,0.9362495652026502
2,2,10042,inceptiontime,inception_time,0,10,0,5.0,2.5,50.0,0.9,0.001,0.0005,0.2,0.1,23,6,29,62628,15657,15657,0.5531749532072477,0.56145426028633,0.5685185185185185,0.5796018945212494,0.6157407407407408,0.6284086284086284,0.5531749532072477,0.56145426028633,0.5685185185185185,0.5796018945212494,0.6157407407407408,0.6284086284086284,10.0,0.5433705180437193,138.77705827634782,results_frailty3/_overfitting_sweep/20260608_0922_overfitting_sweep_stage2_rank2/reports/s2_005/rank02_r2_inceptiontime_extra-0_seq5_ov50_cv5_static_only_seed10042_report.json,results_frailty3/_overfitting_sweep/20260608_0922_overfitting_sweep_stage2_rank2/learning_curves/s2_005/rank02_r2_inceptiontime_extra-0_seq5_ov50_cv5_static_only_seed10042_learning_curve.csv,results_frailty3/_overfitting_sweep/20260608_0922_overfitting_sweep_stage2_rank2/learning_curves/s2_005/rank02_r2_inceptiontime_extra-0_seq5_ov50_cv5_static_only_seed10042_learning_curve.png,0.5555555555555556,0.5555555555555556,0.5555555555555556,9.0,0.5714285714285714,0.6666666666666666,0.6153846153846154,12.0,0.8333333333333334,0.625,0.7142857142857143,8.0,0.5555555555555556,0.5555555555555556,stage2,s2_005,from-s1_005_lr0.001_ep10_mw90_static_only,static_only,10,s1_005,False,0,0.9,static_only,static_only,static_only,116,116,0,0.9967649239761368,0.5433705180437193,0.45339440593241753,0.3193458543789066,1.172078235740353,0.8527323813614464
2,3,20042,inceptiontime,inception_time,0,10,0,5.0,2.5,50.0,0.9,0.001,0.0005,0.2,0.1,23,6,29,62628,15657,15657,0.541656727888247,0.5477882406234902,0.5574074074074075,0.5650466217162262,0.49074074074074076,0.4992481203007519,0.541656727888247,0.5477882406234902,0.5574074074074075,0.5650466217162262,0.49074074074074076,0.4992481203007519,10.0,0.544805438186031,133.0268837735057,results_frailty3/_overfitting_sweep/20260608_0922_overfitting_sweep_stage2_rank2/reports/s2_005/rank02_r3_inceptiontime_extra-0_seq5_ov50_cv5_static_only_seed20042_report.json,results_frailty3/_overfitting_sweep/20260608_0922_overfitting_sweep_stage2_rank2/learning_curves/s2_005/rank02_r3_inceptiontime_extra-0_seq5_ov50_cv5_static_only_seed20042_learning_curve.csv,results_frailty3/_overfitting_sweep/20260608_0922_overfitting_sweep_stage2_rank2/learning_curves/s2_005/rank02_r3_inceptiontime_extra-0_seq5_ov50_cv5_static_only_seed20042_learning_curve.png,0.5,0.5555555555555556,0.5263157894736842,9.0,0.38461538461538464,0.4166666666666667,0.4,12.0,0.6666666666666666,0.5,0.5714285714285714,8.0,0.4166666666666667,0.4,stage2,s2_005,from-s1_005_lr0.001_ep10_mw90_static_only,static_only,10,s1_005,False,0,0.9,static_only,static_only,static_only,116,116,0,0.9974748179623507,0.544805438186031,0.4526693797763197,0.3183156442895649,1.1785734044957508,0.8602577602061858
2,4,30042,inceptiontime,inception_time,0,10,0,5.0,2.5,50.0,0.9,0.001,0.0005,0.2,0.1,23,6,29,62628,15657,15657,0.5503713258307908,0.5569547506937859,0.6175925925925926,0.6211796937979482,0.6851851851851851,0.6972222222222223,0.5503713258307908,0.5569547506937859,0.6175925925925926,0.6211796937979482,0.6851851851851851,0.6972222222222223,10.0,0.5824511963763868,128.17094140406698,results_frailty3/_overfitting_sweep/20260608_0922_overfitting_sweep_stage2_rank2/reports/s2_005/rank02_r4_inceptiontime_extra-0_seq5_ov50_cv5_static_only_seed30042_report.json,results_frailty3/_overfitting_sweep/20260608_0922_overfitting_sweep_stage2_rank2/learning_curves/s2_005/rank02_r4_inceptiontime_extra-0_seq5_ov50_cv5_static_only_seed30042_learning_curve.csv,results_frailty3/_overfitting_sweep/20260608_0922_overfitting_sweep_stage2_rank2/learning_curves/s2_005/rank02_r4_inceptiontime_extra-0_seq5_ov50_cv5_static_only_seed30042_learning_curve.png,0.7142857142857143,0.5555555555555556,0.625,9.0,0.6,0.75,0.6666666666666666,12.0,0.8571428571428571,0.75,0.8,8.0,0.5555555555555556,0.625,stage2,s2_005,from-s1_005_lr0.001_ep10_mw90_static_only,static_only,10,s1_005,False,0,0.9,static_only,static_only,static_only,116,116,0,0.9971029221036108,0.5824511963763868,0.4146517257272241,0.3182015484095774,1.1805636523265126,0.8623621039169352
2,5,40042,inceptiontime,inception_time,0,10,0,5.0,2.5,50.0,0.9,0.001,0.0005,0.2,0.1,23,6,29,62628,15657,15657,0.530394751885394,0.5455568840039468,0.5592592592592592,0.5772487080807135,0.6435185185185185,0.6667744020685197,0.530394751885394,0.5455568840039468,0.5592592592592592,0.5772487080807135,0.6435185185185185,0.6667744020685197,10.0,0.5250188355107108,128.80996314715594,results_frailty3/_overfitting_sweep/20260608_0922_overfitting_sweep_stage2_rank2/reports/s2_005/rank02_r5_inceptiontime_extra-0_seq5_ov50_cv5_static_only_seed40042_report.json,results_frailty3/_overfitting_sweep/20260608_0922_overfitting_sweep_stage2_rank2/learning_curves/s2_005/rank02_r5_inceptiontime_extra-0_seq5_ov50_cv5_static_only_seed40042_learning_curve.csv,results_frailty3/_overfitting_sweep/20260608_0922_overfitting_sweep_stage2_rank2/learning_curves/s2_005/rank02_r5_inceptiontime_extra-0_seq5_ov50_cv5_static_only_seed40042_learning_curve.png,0.625,0.5555555555555556,0.5882352941176471,9.0,0.5625,0.75,0.6428571428571429,12.0,1.0,0.625,0.7692307692307693,8.0,0.5555555555555556,0.5882352941176471,stage2,s2_005,from-s1_005_lr0.001_ep10_mw90_static_only,static_only,10,s1_005,False,0,0.9,static_only,static_only,static_only,116,116,0,0.9970634511792635,0.5250188355107108,0.4720446156685527,0.31836147301896683,1.3189740513173336,1.0006125782983668
2,1,42,inceptiontime,inception_time,0,10,0,5.0,2.5,50.0,0.9,0.001,0.0005,0.2,0.1,23,6,29,65304,15657,15657,0.5366705625317627,0.5409015303375112,0.5842592592592593,0.5819108669108669,0.5740740740740741,0.5681818181818182,0.5366705625317627,0.5409015303375112,0.5842592592592593,0.5819108669108669,0.5740740740740741,0.5681818181818182,10.0,0.5528064812581891,133.89619206637144,results_frailty3/_overfitting_sweep/20260608_0922_overfitting_sweep_stage2_rank2/reports/s2_006/rank02_r1_inceptiontime_extra-0_seq5_ov50_cv5_train_all_roles_seed42_report.json,results_frailty3/_overfitting_sweep/20260608_0922_overfitting_sweep_stage2_rank2/learning_curves/s2_006/rank02_r1_inceptiontime_extra-0_seq5_ov50_cv5_train_all_roles_seed42_learning_curve.csv,results_frailty3/_overfitting_sweep/20260608_0922_overfitting_sweep_stage2_rank2/learning_curves/s2_006/rank02_r1_inceptiontime_extra-0_seq5_ov50_cv5_train_all_roles_seed42_learning_curve.png,0.45454545454545453,0.5555555555555556,0.5,9.0,0.5,0.4166666666666667,0.45454545454545453,12.0,0.75,0.75,0.75,8.0,0.4166666666666667,0.45454545454545453,stage2,s2_006,from-s1_005_lr0.001_ep10_mw90_train_all_roles,train_all_roles,10,s1_005,False,0,0.9,all_roles,static_only,static_only,116,209,93,0.9946897142975313,0.5528064812581891,0.4418832330393422,0.32539841693172106,1.3199166355878216,0.9945182186561006
2,2,10042,inceptiontime,inception_time,0,10,0,5.0,2.5,50.0,0.9,0.001,0.0005,0.2,0.1,23,6,29,65304,15657,15657,0.5473857050011899,0.5462416558161852,0.562962962962963,0.5572317513321975,0.5370370370370371,0.5271601463551928,0.5473857050011899,0.5462416558161852,0.562962962962963,0.5572317513321975,0.5370370370370371,0.5271601463551928,10.0,0.5421159859063853,134.02798874024302,results_frailty3/_overfitting_sweep/20260608_0922_overfitting_sweep_stage2_rank2/reports/s2_006/rank02_r2_inceptiontime_extra-0_seq5_ov50_cv5_train_all_roles_seed10042_report.json,results_frailty3/_overfitting_sweep/20260608_0922_overfitting_sweep_stage2_rank2/learning_curves/s2_006/rank02_r2_inceptiontime_extra-0_seq5_ov50_cv5_train_all_roles_seed10042_learning_curve.csv,results_frailty3/_overfitting_sweep/20260608_0922_overfitting_sweep_stage2_rank2/learning_curves/s2_006/rank02_r2_inceptiontime_extra-0_seq5_ov50_cv5_train_all_roles_seed10042_learning_curve.png,0.4,0.4444444444444444,0.42105263157894735,9.0,0.5,0.4166666666666667,0.45454545454545453,12.0,0.6666666666666666,0.75,0.7058823529411765,8.0,0.4166666666666667,0.42105263157894735,stage2,s2_006,from-s1_005_lr0.001_ep10_mw90_train_all_roles,train_all_roles,10,s1_005,False,0,0.9,all_roles,static_only,static_only,116,209,93,0.9949720812127196,0.5421159859063853,0.4528560953063343,0.3245479747019122,1.2883804341669962,0.963832459465084
2,3,20042,inceptiontime,inception_time,0,10,0,5.0,2.5,50.0,0.9,0.001,0.0005,0.2,0.1,23,6,29,65304,15657,15657,0.5349846868829365,0.5373606878917311,0.5527777777777777,0.5527251996689087,0.6342592592592592,0.6294685990338164,0.5349846868829365,0.5373606878917311,0.5527777777777777,0.5527251996689087,0.6342592592592592,0.6294685990338164,10.0,0.5478224775353153,134.31398902833462,results_frailty3/_overfitting_sweep/20260608_0922_overfitting_sweep_stage2_rank2/reports/s2_006/rank02_r3_inceptiontime_extra-0_seq5_ov50_cv5_train_all_roles_seed20042_report.json,results_frailty3/_overfitting_sweep/20260608_0922_overfitting_sweep_stage2_rank2/learning_curves/s2_006/rank02_r3_inceptiontime_extra-0_seq5_ov50_cv5_train_all_roles_seed20042_learning_curve.csv,results_frailty3/_overfitting_sweep/20260608_0922_overfitting_sweep_stage2_rank2/learning_curves/s2_006/rank02_r3_inceptiontime_extra-0_seq5_ov50_cv5_train_all_roles_seed20042_learning_curve.png,0.6363636363636364,0.7777777777777778,0.7,9.0,0.5454545454545454,0.5,0.5217391304347826,12.0,0.7142857142857143,0.625,0.6666666666666666,8.0,0.5,0.5217391304347826,stage2,s2_006,from-s1_005_lr0.001_ep10_mw90_train_all_roles,train_all_roles,10,s1_005,False,0,0.9,all_roles,static_only,static_only,116,209,93,0.9958952307412572,0.5478224775353153,0.44807275320594186,0.32375551083117193,1.2610740547139025,0.9373185438827306
2,4,30042,inceptiontime,inception_time,0,10,0,5.0,2.5,50.0,0.9,0.001,0.0005,0.2,0.1,23,6,29,65304,15657,15657,0.5857307468570161,0.5929433692505142,0.638888888888889,0.6531416086427312,0.6759259259259259,0.6933771209633278,0.5857307468570161,0.5929433692505142,0.638888888888889,0.6531416086427312,0.6759259259259259,0.6933771209633278,10.0,0.5869520705036797,138.95177686121315,results_frailty3/_overfitting_sweep/20260608_0922_overfitting_sweep_stage2_rank2/reports/s2_006/rank02_r4_inceptiontime_extra-0_seq5_ov50_cv5_train_all_roles_seed30042_report.json,results_frailty3/_overfitting_sweep/20260608_0922_overfitting_sweep_stage2_rank2/learning_curves/s2_006/rank02_r4_inceptiontime_extra-0_seq5_ov50_cv5_train_all_roles_seed30042_learning_curve.csv,results_frailty3/_overfitting_sweep/20260608_0922_overfitting_sweep_stage2_rank2/learning_curves/s2_006/rank02_r4_inceptiontime_extra-0_seq5_ov50_cv5_train_all_roles_seed30042_learning_curve.png,0.6666666666666666,0.4444444444444444,0.5333333333333333,9.0,0.5882352941176471,0.8333333333333334,0.6896551724137931,12.0,1.0,0.75,0.8571428571428571,8.0,0.4444444444444444,0.5333333333333333,stage2,s2_006,from-s1_005_lr0.001_ep10_mw90_train_all_roles,train_all_roles,10,s1_005,False,0,0.9,all_roles,static_only,static_only,116,209,93,0.995360331416806,0.5869520705036797,0.4084082609131263,0.3241697070428304,1.1196701416882202,0.7955004346453898
2,5,40042,inceptiontime,inception_time,0,10,0,5.0,2.5,50.0,0.9,0.001,0.0005,0.2,0.1,23,6,29,65304,15657,15657,0.575742142297255,0.5868200667022243,0.6305555555555555,0.6450332606629773,0.6805555555555555,0.7008547008547009,0.575742142297255,0.5868200667022243,0.6305555555555555,0.6450332606629773,0.6805555555555555,0.7008547008547009,10.0,0.5800905137691192,140.9583307923749,results_frailty3/_overfitting_sweep/20260608_0922_overfitting_sweep_stage2_rank2/reports/s2_006/rank02_r5_inceptiontime_extra-0_seq5_ov50_cv5_train_all_roles_seed40042_report.json,results_frailty3/_overfitting_sweep/20260608_0922_overfitting_sweep_stage2_rank2/learning_curves/s2_006/rank02_r5_inceptiontime_extra-0_seq5_ov50_cv5_train_all_roles_seed40042_learning_curve.csv,results_frailty3/_overfitting_sweep/20260608_0922_overfitting_sweep_stage2_rank2/learning_curves/s2_006/rank02_r5_inceptiontime_extra-0_seq5_ov50_cv5_train_all_roles_seed40042_learning_curve.png,0.6666666666666666,0.6666666666666666,0.6666666666666666,9.0,0.6,0.75,0.6666666666666666,12.0,1.0,0.625,0.7692307692307693,8.0,0.625,0.6666666666666666,stage2,s2_006,from-s1_005_lr0.001_ep10_mw90_train_all_roles,train_all_roles,10,s1_005,False,0,0.9,all_roles,static_only,static_only,116,209,93,0.9956216627096245,0.5800905137691192,0.41553114894050525,0.32341715493351453,1.1586487963308563,0.8352316413973417
2,1,42,inceptiontime,inception_time,0,10,0,5.0,2.5,50.0,0.9,0.0005,0.0005,0.2,0.1,23,6,29,62628,15657,15657,0.5218070099454014,0.5301792322390084,0.5287037037037038,0.5387131952017449,0.5231481481481481,0.5329311211664153,0.5218070099454014,0.5301792322390084,0.5287037037037038,0.5387131952017449,0.5231481481481481,0.5329311211664153,10.0,0.5338946566826785,134.78741823509336,results_frailty3/_overfitting_sweep/20260608_0922_overfitting_sweep_stage2_rank2/reports/s2_007/rank02_r1_inceptiontime_extra-0_seq5_ov50_cv5_static_only_seed42_report.json,results_frailty3/_overfitting_sweep/20260608_0922_overfitting_sweep_stage2_rank2/learning_curves/s2_007/rank02_r1_inceptiontime_extra-0_seq5_ov50_cv5_static_only_seed42_learning_curve.csv,results_frailty3/_overfitting_sweep/20260608_0922_overfitting_sweep_stage2_rank2/learning_curves/s2_007/rank02_r1_inceptiontime_extra-0_seq5_ov50_cv5_static_only_seed42_learning_curve.png,0.5,0.4444444444444444,0.47058823529411764,9.0,0.42857142857142855,0.5,0.46153846153846156,12.0,0.7142857142857143,0.625,0.6666666666666666,8.0,0.4444444444444444,0.46153846153846156,stage2,s2_007,from-s1_005_lr0.0005_ep10_mw90_static_only,static_only,10,s1_005,False,0,0.9,static_only,static_only,static_only,116,116,0,0.9983263400290001,0.5338946566826785,0.46443168334632157,0.3154291823391483,1.2865018031709947,0.9710726208318464
2,2,10042,inceptiontime,inception_time,0,10,0,5.0,2.5,50.0,0.9,0.0005,0.0005,0.2,0.1,23,6,29,62628,15657,15657,0.5247752768112633,0.535655965996871,0.5574074074074074,0.5689216460472054,0.6157407407407408,0.6234288587229764,0.5247752768112633,0.535655965996871,0.5574074074074074,0.5689216460472054,0.6157407407407408,0.6234288587229764,10.0,0.5183344898466505,131.5360656734556,results_frailty3/_overfitting_sweep/20260608_0922_overfitting_sweep_stage2_rank2/reports/s2_007/rank02_r2_inceptiontime_extra-0_seq5_ov50_cv5_static_only_seed10042_report.json,results_frailty3/_overfitting_sweep/20260608_0922_overfitting_sweep_stage2_rank2/learning_curves/s2_007/rank02_r2_inceptiontime_extra-0_seq5_ov50_cv5_static_only_seed10042_learning_curve.csv,results_frailty3/_overfitting_sweep/20260608_0922_overfitting_sweep_stage2_rank2/learning_curves/s2_007/rank02_r2_inceptiontime_extra-0_seq5_ov50_cv5_static_only_seed10042_learning_curve.png,0.625,0.5555555555555556,0.5882352941176471,9.0,0.5714285714285714,0.6666666666666666,0.6153846153846154,12.0,0.7142857142857143,0.625,0.6666666666666666,8.0,0.5555555555555556,0.5882352941176471,stage2,s2_007,from-s1_005_lr0.0005_ep10_mw90_static_only,static_only,10,s1_005,False,0,0.9,static_only,static_only,static_only,116,116,0,0.9979800121488284,0.5183344898466505,0.47964552230217783,0.3159514244711123,1.2103463705855682,0.8943949461144558
2,3,20042,inceptiontime,inception_time,0,10,0,5.0,2.5,50.0,0.9,0.0005,0.0005,0.2,0.1,23,6,29,62628,15657,15657,0.5670617006094498,0.5683438241313155,0.5990740740740741,0.5962299998429821,0.6435185185185185,0.6287094547964114,0.5670617006094498,0.5683438241313155,0.5990740740740741,0.5962299998429821,0.6435185185185185,0.6287094547964114,10.0,0.5773943431649903,135.2568413661793,results_frailty3/_overfitting_sweep/20260608_0922_overfitting_sweep_stage2_rank2/reports/s2_007/rank02_r3_inceptiontime_extra-0_seq5_ov50_cv5_static_only_seed20042_report.json,results_frailty3/_overfitting_sweep/20260608_0922_overfitting_sweep_stage2_rank2/learning_curves/s2_007/rank02_r3_inceptiontime_extra-0_seq5_ov50_cv5_static_only_seed20042_learning_curve.csv,results_frailty3/_overfitting_sweep/20260608_0922_overfitting_sweep_stage2_rank2/learning_curves/s2_007/rank02_r3_inceptiontime_extra-0_seq5_ov50_cv5_static_only_seed20042_learning_curve.png,0.5714285714285714,0.8888888888888888,0.6956521739130435,9.0,0.5555555555555556,0.4166666666666667,0.47619047619047616,12.0,0.8333333333333334,0.625,0.7142857142857143,8.0,0.4166666666666667,0.47619047619047616,stage2,s2_007,from-s1_005_lr0.0005_ep10_mw90_static_only,static_only,10,s1_005,False,0,0.9,static_only,static_only,static_only,116,116,0,0.9974370501608881,0.5773943431649903,0.42004270699589785,0.31762648516095143,1.1418722416573055,0.8242457564963541
2,4,30042,inceptiontime,inception_time,0,10,0,5.0,2.5,50.0,0.9,0.0005,0.0005,0.2,0.1,23,6,29,62628,15657,15657,0.504139857027091,0.5035410924346838,0.5175925925925925,0.5155494756041952,0.5185185185185185,0.5185185185185185,0.504139857027091,0.5035410924346838,0.5175925925925925,0.5155494756041952,0.5185185185185185,0.5185185185185185,10.0,0.5319688070184485,135.6383106969297,results_frailty3/_overfitting_sweep/20260608_0922_overfitting_sweep_stage2_rank2/reports/s2_007/rank02_r4_inceptiontime_extra-0_seq5_ov50_cv5_static_only_seed30042_report.json,results_frailty3/_overfitting_sweep/20260608_0922_overfitting_sweep_stage2_rank2/learning_curves/s2_007/rank02_r4_inceptiontime_extra-0_seq5_ov50_cv5_static_only_seed30042_learning_curve.csv,results_frailty3/_overfitting_sweep/20260608_0922_overfitting_sweep_stage2_rank2/learning_curves/s2_007/rank02_r4_inceptiontime_extra-0_seq5_ov50_cv5_static_only_seed30042_learning_curve.png,0.5555555555555556,0.5555555555555556,0.5555555555555556,9.0,0.5,0.5,0.5,12.0,0.5,0.5,0.5,8.0,0.5,0.5,stage2,s2_007,from-s1_005_lr0.0005_ep10_mw90_static_only,static_only,10,s1_005,False,0,0.9,static_only,static_only,static_only,116,116,0,0.9974956495321792,0.5319688070184485,0.46552684251373067,0.31808044354947784,1.3546281043589203,1.0365476608094424
2,5,40042,inceptiontime,inception_time,0,10,0,5.0,2.5,50.0,0.9,0.0005,0.0005,0.2,0.1,23,6,29,62628,15657,15657,0.4945878825268168,0.512583447275561,0.47129629629629627,0.48798021691298166,0.4583333333333333,0.47886119257086995,0.4945878825268168,0.512583447275561,0.47129629629629627,0.48798021691298166,0.4583333333333333,0.47886119257086995,10.0,0.4682699395779917,132.20573721267283,results_frailty3/_overfitting_sweep/20260608_0922_overfitting_sweep_stage2_rank2/reports/s2_007/rank02_r5_inceptiontime_extra-0_seq5_ov50_cv5_static_only_seed40042_report.json,results_frailty3/_overfitting_sweep/20260608_0922_overfitting_sweep_stage2_rank2/learning_curves/s2_007/rank02_r5_inceptiontime_extra-0_seq5_ov50_cv5_static_only_seed40042_learning_curve.csv,results_frailty3/_overfitting_sweep/20260608_0922_overfitting_sweep_stage2_rank2/learning_curves/s2_007/rank02_r5_inceptiontime_extra-0_seq5_ov50_cv5_static_only_seed40042_learning_curve.png,0.42857142857142855,0.3333333333333333,0.375,9.0,0.42105263157894735,0.6666666666666666,0.5161290322580645,12.0,1.0,0.375,0.5454545454545454,8.0,0.3333333333333333,0.375,stage2,s2_007,from-s1_005_lr0.0005_ep10_mw90_static_only,static_only,10,s1_005,False,0,0.9,static_only,static_only,static_only,116,116,0,0.9981211554551027,0.4682699395779917,0.529851215877111,0.31603391070253206,1.30973677412763,0.993702863425098
2,1,42,inceptiontime,inception_time,0,10,0,5.0,2.5,50.0,0.9,0.0005,0.0005,0.2,0.1,23,6,29,65304,15657,15657,0.5140135547168111,0.5048634222133512,0.5148148148148148,0.49526498346374126,0.5185185185185185,0.5015151515151515,0.5140135547168111,0.5048634222133512,0.5148148148148148,0.49526498346374126,0.5185185185185185,0.5015151515151515,10.0,0.5433863088694185,137.68740571010858,results_frailty3/_overfitting_sweep/20260608_0922_overfitting_sweep_stage2_rank2/reports/s2_008/rank02_r1_inceptiontime_extra-0_seq5_ov50_cv5_train_all_roles_seed42_report.json,results_frailty3/_overfitting_sweep/20260608_0922_overfitting_sweep_stage2_rank2/learning_curves/s2_008/rank02_r1_inceptiontime_extra-0_seq5_ov50_cv5_train_all_roles_seed42_learning_curve.csv,results_frailty3/_overfitting_sweep/20260608_0922_overfitting_sweep_stage2_rank2/learning_curves/s2_008/rank02_r1_inceptiontime_extra-0_seq5_ov50_cv5_train_all_roles_seed42_learning_curve.png,0.38461538461538464,0.5555555555555556,0.45454545454545453,9.0,0.375,0.25,0.3,12.0,0.75,0.75,0.75,8.0,0.25,0.3,stage2,s2_008,from-s1_005_lr0.0005_ep10_mw90_train_all_roles,train_all_roles,10,s1_005,False,0,0.9,all_roles,static_only,static_only,116,209,93,0.996729057702454,0.5433863088694185,0.4533427488330355,0.32181778990160614,1.4649355764286536,1.1431177865270474
2,2,10042,inceptiontime,inception_time,0,10,0,5.0,2.5,50.0,0.9,0.0005,0.0005,0.2,0.1,23,6,29,65304,15657,15657,0.5440491230314567,0.5394583969919483,0.5638888888888889,0.5590653728294178,0.5509259259259259,0.5494117647058824,0.5440491230314567,0.5394583969919483,0.5638888888888889,0.5590653728294178,0.5509259259259259,0.5494117647058824,10.0,0.5412288246939233,136.01873606070876,results_frailty3/_overfitting_sweep/20260608_0922_overfitting_sweep_stage2_rank2/reports/s2_008/rank02_r2_inceptiontime_extra-0_seq5_ov50_cv5_train_all_roles_seed10042_report.json,results_frailty3/_overfitting_sweep/20260608_0922_overfitting_sweep_stage2_rank2/learning_curves/s2_008/rank02_r2_inceptiontime_extra-0_seq5_ov50_cv5_train_all_roles_seed10042_learning_curve.csv,results_frailty3/_overfitting_sweep/20260608_0922_overfitting_sweep_stage2_rank2/learning_curves/s2_008/rank02_r2_inceptiontime_extra-0_seq5_ov50_cv5_train_all_roles_seed10042_learning_curve.png,0.5714285714285714,0.4444444444444444,0.5,9.0,0.5384615384615384,0.5833333333333334,0.56,12.0,0.5555555555555556,0.625,0.5882352941176471,8.0,0.4444444444444444,0.5,stage2,s2_008,from-s1_005_lr0.0005_ep10_mw90_train_all_roles,train_all_roles,10,s1_005,False,0,0.9,all_roles,static_only,static_only,116,209,93,0.9961726195104618,0.5412288246939233,0.45494379481653846,0.3226328168378732,1.2301753048281387,0.9075424879902656
2,3,20042,inceptiontime,inception_time,0,10,0,5.0,2.5,50.0,0.9,0.0005,0.0005,0.2,0.1,23,6,29,65304,15657,15657,0.5199811190078414,0.5183944349140591,0.5324074074074074,0.5297477782914676,0.5277777777777778,0.5293650793650794,0.5199811190078414,0.5183944349140591,0.5324074074074074,0.5297477782914676,0.5277777777777778,0.5293650793650794,10.0,0.5342321220904311,135.40828291419894,results_frailty3/_overfitting_sweep/20260608_0922_overfitting_sweep_stage2_rank2/reports/s2_008/rank02_r3_inceptiontime_extra-0_seq5_ov50_cv5_train_all_roles_seed20042_report.json,results_frailty3/_overfitting_sweep/20260608_0922_overfitting_sweep_stage2_rank2/learning_curves/s2_008/rank02_r3_inceptiontime_extra-0_seq5_ov50_cv5_train_all_roles_seed20042_learning_curve.csv,results_frailty3/_overfitting_sweep/20260608_0922_overfitting_sweep_stage2_rank2/learning_curves/s2_008/rank02_r3_inceptiontime_extra-0_seq5_ov50_cv5_train_all_roles_seed20042_learning_curve.png,0.5454545454545454,0.6666666666666666,0.6,9.0,0.4166666666666667,0.4166666666666667,0.4166666666666667,12.0,0.6666666666666666,0.5,0.5714285714285714,8.0,0.4166666666666667,0.4166666666666667,stage2,s2_008,from-s1_005_lr0.0005_ep10_mw90_train_all_roles,train_all_roles,10,s1_005,False,0,0.9,all_roles,static_only,static_only,116,209,93,0.9964933772615255,0.5342321220904311,0.4622612551710944,0.32244339019240964,1.2788538742448685,0.9564104840524589
2,4,30042,inceptiontime,inception_time,0,10,0,5.0,2.5,50.0,0.9,0.0005,0.0005,0.2,0.1,23,6,29,65304,15657,15657,0.5919757429478988,0.6011152340631645,0.6361111111111111,0.648801902323029,0.638888888888889,0.6507936507936507,0.5919757429478988,0.6011152340631645,0.6361111111111111,0.648801902323029,0.638888888888889,0.6507936507936507,10.0,0.5827322375394047,135.64571524597704,results_frailty3/_overfitting_sweep/20260608_0922_overfitting_sweep_stage2_rank2/reports/s2_008/rank02_r4_inceptiontime_extra-0_seq5_ov50_cv5_train_all_roles_seed30042_report.json,results_frailty3/_overfitting_sweep/20260608_0922_overfitting_sweep_stage2_rank2/learning_curves/s2_008/rank02_r4_inceptiontime_extra-0_seq5_ov50_cv5_train_all_roles_seed30042_learning_curve.csv,results_frailty3/_overfitting_sweep/20260608_0922_overfitting_sweep_stage2_rank2/learning_curves/s2_008/rank02_r4_inceptiontime_extra-0_seq5_ov50_cv5_train_all_roles_seed30042_learning_curve.png,0.6,0.3333333333333333,0.42857142857142855,9.0,0.5555555555555556,0.8333333333333334,0.6666666666666666,12.0,1.0,0.75,0.8571428571428571,8.0,0.3333333333333333,0.42857142857142855,stage2,s2_008,from-s1_005_lr0.0005_ep10_mw90_train_all_roles,train_all_roles,10,s1_005,False,0,0.9,all_roles,static_only,static_only,116,209,93,0.9958733286371182,0.5827322375394047,0.41314109109771346,0.32351448312519443,1.1311154219557187,0.8076009388305243
2,5,40042,inceptiontime,inception_time,0,10,0,5.0,2.5,50.0,0.9,0.0005,0.0005,0.2,0.1,23,6,29,65304,15657,15657,0.5590204441271495,0.5656607782595274,0.5953703703703703,0.6030008966203303,0.6759259259259259,0.6863247863247862,0.5590204441271495,0.5656607782595274,0.5953703703703703,0.6030008966203303,0.6759259259259259,0.6863247863247862,10.0,0.5670757484353837,135.5493292612955,results_frailty3/_overfitting_sweep/20260608_0922_overfitting_sweep_stage2_rank2/reports/s2_008/rank02_r5_inceptiontime_extra-0_seq5_ov50_cv5_train_all_roles_seed40042_report.json,results_frailty3/_overfitting_sweep/20260608_0922_overfitting_sweep_stage2_rank2/learning_curves/s2_008/rank02_r5_inceptiontime_extra-0_seq5_ov50_cv5_train_all_roles_seed40042_learning_curve.csv,results_frailty3/_overfitting_sweep/20260608_0922_overfitting_sweep_stage2_rank2/learning_curves/s2_008/rank02_r5_inceptiontime_extra-0_seq5_ov50_cv5_train_all_roles_seed40042_learning_curve.png,0.6363636363636364,0.7777777777777778,0.7,9.0,0.6428571428571429,0.75,0.6923076923076923,12.0,1.0,0.5,0.6666666666666666,8.0,0.5,0.6666666666666666,stage2,s2_008,from-s1_005_lr0.0005_ep10_mw90_train_all_roles,train_all_roles,10,s1_005,False,0,0.9,all_roles,static_only,static_only,116,209,93,0.9959471484949681,0.5670757484353837,0.42887140005958446,0.3228607076536937,1.2502703378329623,0.9274096301792686
2,1,42,inceptiontime,inception_time,0,50,20,5.0,2.5,50.0,0.9,0.001,0.0001,-1.0,0.0,23,6,29,62628,15657,15657,0.626965810670337,0.6251422972387531,0.6962962962962962,0.695815227556953,0.6944444444444443,0.6994152046783627,0.626965810670337,0.6251422972387531,0.6962962962962962,0.695815227556953,0.6944444444444443,0.6994152046783627,17.2,0.623972459793029,406.10440915450454,results_frailty3/_overfitting_sweep/20260608_0922_overfitting_sweep_stage2_rank2/reports/ref_original/rank02_r1_inceptiontime_extra-0_seq5_ov50_cv5_static_only_seed42_report.json,results_frailty3/_overfitting_sweep/20260608_0922_overfitting_sweep_stage2_rank2/learning_curves/ref_original/rank02_r1_inceptiontime_extra-0_seq5_ov50_cv5_static_only_seed42_learning_curve.csv,results_frailty3/_overfitting_sweep/20260608_0922_overfitting_sweep_stage2_rank2/learning_curves/ref_original/rank02_r1_inceptiontime_extra-0_seq5_ov50_cv5_static_only_seed42_learning_curve.png,0.6,0.6666666666666666,0.631578947368421,9.0,0.6666666666666666,0.6666666666666666,0.6666666666666666,12.0,0.8571428571428571,0.75,0.8,8.0,0.6666666666666666,0.631578947368421,reference,ref_original,original_rank_parameters_static_only,static_only,0,,True,-1,-1.0,static_only,static_only,static_only,116,116,0,0.9942017867826115,0.623972459793029,0.37022932698958255,0.016827641760793623,2.4745505723300107,2.457722930569217
2,2,10042,inceptiontime,inception_time,0,50,20,5.0,2.5,50.0,0.9,0.001,0.0001,-1.0,0.0,23,6,29,62628,15657,15657,0.6125505918010749,0.6030902192161885,0.6546296296296297,0.6397441062587732,0.7407407407407408,0.7261904761904762,0.6125505918010749,0.6030902192161885,0.6546296296296297,0.6397441062587732,0.7407407407407408,0.7261904761904762,9.4,0.6049471277617037,355.37302223965526,results_frailty3/_overfitting_sweep/20260608_0922_overfitting_sweep_stage2_rank2/reports/ref_original/rank02_r2_inceptiontime_extra-0_seq5_ov50_cv5_static_only_seed10042_report.json,results_frailty3/_overfitting_sweep/20260608_0922_overfitting_sweep_stage2_rank2/learning_curves/ref_original/rank02_r2_inceptiontime_extra-0_seq5_ov50_cv5_static_only_seed10042_learning_curve.csv,results_frailty3/_overfitting_sweep/20260608_0922_overfitting_sweep_stage2_rank2/learning_curves/ref_original/rank02_r2_inceptiontime_extra-0_seq5_ov50_cv5_static_only_seed10042_learning_curve.png,0.6666666666666666,0.8888888888888888,0.7619047619047619,9.0,0.7777777777777778,0.5833333333333334,0.6666666666666666,12.0,0.75,0.75,0.75,8.0,0.5833333333333334,0.6666666666666666,reference,ref_original,original_rank_parameters_static_only,static_only,0,,True,-1,-1.0,static_only,static_only,static_only,116,116,0,0.9796760448970462,0.6049471277617037,0.3747289171353425,0.0600078432401069,2.292266670321102,2.232258827080995
2,3,20042,inceptiontime,inception_time,0,50,20,5.0,2.5,50.0,0.9,0.001,0.0001,-1.0,0.0,23,6,29,62628,15657,15657,0.6299106940365792,0.6080389072941078,0.6787037037037038,0.6505246761764224,0.7546296296296297,0.7237538290169869,0.6299106940365792,0.6080389072941078,0.6787037037037038,0.6505246761764224,0.7546296296296297,0.7237538290169869,6.4,0.6615805124972561,321.3629665961489,results_frailty3/_overfitting_sweep/20260608_0922_overfitting_sweep_stage2_rank2/reports/ref_original/rank02_r3_inceptiontime_extra-0_seq5_ov50_cv5_static_only_seed20042_report.json,results_frailty3/_overfitting_sweep/20260608_0922_overfitting_sweep_stage2_rank2/learning_curves/ref_original/rank02_r3_inceptiontime_extra-0_seq5_ov50_cv5_static_only_seed20042_learning_curve.csv,results_frailty3/_overfitting_sweep/20260608_0922_overfitting_sweep_stage2_rank2/learning_curves/ref_original/rank02_r3_inceptiontime_extra-0_seq5_ov50_cv5_static_only_seed20042_learning_curve.png,0.6666666666666666,0.8888888888888888,0.7619047619047619,9.0,0.8571428571428571,0.5,0.631578947368421,12.0,0.7,0.875,0.7777777777777778,8.0,0.5,0.631578947368421,reference,ref_original,original_rank_parameters_static_only,static_only,0,,True,-1,-1.0,static_only,static_only,static_only,116,116,0,0.9889797393178872,0.6615805124972561,0.32739922682063105,0.0330023072019647,2.5612924028638893,2.5282900956619248
2,4,30042,inceptiontime,inception_time,0,50,20,5.0,2.5,50.0,0.9,0.001,0.0001,-1.0,0.0,23,6,29,62628,15657,15657,0.6274624671503747,0.6238797272045158,0.6768518518518519,0.671123029379295,0.6712962962962963,0.6650326797385621,0.6274624671503747,0.6238797272045158,0.6768518518518519,0.671123029379295,0.6712962962962963,0.6650326797385621,15.0,0.658362840051844,407.0280392440036,results_frailty3/_overfitting_sweep/20260608_0922_overfitting_sweep_stage2_rank2/reports/ref_original/rank02_r4_inceptiontime_extra-0_seq5_ov50_cv5_static_only_seed30042_report.json,results_frailty3/_overfitting_sweep/20260608_0922_overfitting_sweep_stage2_rank2/learning_curves/ref_original/rank02_r4_inceptiontime_extra-0_seq5_ov50_cv5_static_only_seed30042_learning_curve.csv,results_frailty3/_overfitting_sweep/20260608_0922_overfitting_sweep_stage2_rank2/learning_curves/ref_original/rank02_r4_inceptiontime_extra-0_seq5_ov50_cv5_static_only_seed30042_learning_curve.png,0.625,0.5555555555555556,0.5882352941176471,9.0,0.5833333333333334,0.5833333333333334,0.5833333333333334,12.0,0.7777777777777778,0.875,0.8235294117647058,8.0,0.5555555555555556,0.5833333333333334,reference,ref_original,original_rank_parameters_static_only,static_only,0,,True,-1,-1.0,static_only,static_only,static_only,116,116,0,0.9831350423653495,0.658362840051844,0.32477220231350556,0.04881207448712331,2.145303254254237,2.0964911797671135
2,5,40042,inceptiontime,inception_time,0,50,20,5.0,2.5,50.0,0.9,0.001,0.0001,-1.0,0.0,23,6,29,62628,15657,15657,0.6270002547670931,0.6382914667533902,0.6749999999999999,0.6887695056283655,0.7546296296296297,0.7630769230769231,0.6270002547670931,0.6382914667533902,0.6749999999999999,0.6887695056283655,0.7546296296296297,0.7630769230769231,18.6,0.6192526726865464,465.3280202038586,results_frailty3/_overfitting_sweep/20260608_0922_overfitting_sweep_stage2_rank2/reports/ref_original/rank02_r5_inceptiontime_extra-0_seq5_ov50_cv5_static_only_seed40042_report.json,results_frailty3/_overfitting_sweep/20260608_0922_overfitting_sweep_stage2_rank2/learning_curves/ref_original/rank02_r5_inceptiontime_extra-0_seq5_ov50_cv5_static_only_seed40042_learning_curve.csv,results_frailty3/_overfitting_sweep/20260608_0922_overfitting_sweep_stage2_rank2/learning_curves/ref_original/rank02_r5_inceptiontime_extra-0_seq5_ov50_cv5_static_only_seed40042_learning_curve.png,0.7272727272727273,0.8888888888888888,0.8,9.0,0.6923076923076923,0.75,0.72,12.0,1.0,0.625,0.7692307692307693,8.0,0.625,0.72,reference,ref_original,original_rank_parameters_static_only,static_only,0,,True,-1,-1.0,static_only,static_only,static_only,116,116,0,0.9937797804064333,0.6192526726865464,0.37452710771988695,0.019665396191302562,2.6650751751598363,2.6454097789685336
